
> cinatoken@2.8.0 test:web
> npm run test:unit -w @cinatoken/web


> @cinatoken/web@2.8.0 test:unit
> node scripts/test-unit.mjs

✔ actual POSIX entrypoint derives only trusted CSP sources with JavaScript parity (1315.4741ms)
✔ actual POSIX policy rejects malicious and ambiguous origins before substitution (5986.2788ms)
✔ Docker substitutes derived CSP sources only and the shipped script passes POSIX syntax (173.783ms)
✔ public SSR map agrees with the HTTP adapter and preserves disabled and private fallback (2.8649ms)
✔ SSR proxy strips credentials, pairs releases and handles nginx transport failures safely (0.3092ms)
✔ Docker shell map exposes all twenty opt-in GET/HEAD account paths (1.5248ms)
✔ Docker Providers rollout captures only the migrated page and is disabled by default (0.5324ms)
✔ Docker Dashboard rollout serves only exact GET/HEAD /admin and defaults off (0.4503ms)
✔ Docker Users rollout serves only exact GET/HEAD list paths and defaults off (0.47ms)
✔ Docker User Detail rollout admits only UUID and simple canonical ext paths (0.686ms)
✔ Docker Models rollout serves only its GET/HEAD paths and defaults off (0.4148ms)
✔ Docker Endpoints rollout serves only its GET/HEAD paths and defaults off (0.4112ms)
✔ Docker Routes rollout serves only its GET/HEAD paths and defaults off (0.3704ms)
✔ Docker Data Policies rollout serves only its GET/HEAD paths and defaults off (0.2747ms)
✔ Docker Presets rollout serves only its GET/HEAD paths and defaults off (0.3144ms)
✔ Docker Withdrawals rollout serves only its GET/HEAD paths and defaults off (0.4457ms)
✔ Docker NFT Mints rollout serves only its GET/HEAD paths and defaults off (0.1963ms)
✔ Docker Playground rollout serves only its GET/HEAD paths and defaults off (0.2815ms)
✔ Docker Simulator rollout serves only its GET/HEAD paths and defaults off (0.4081ms)
✔ Docker Tools Configuration rollout serves only its GET/HEAD paths and defaults off (0.2626ms)
✔ Docker Tool Invocations rollout serves only its GET/HEAD paths and defaults off (0.2286ms)
✔ Docker Budget Audit rollout serves only its GET/HEAD paths and defaults off (0.1727ms)
✔ Docker Request Logs rollout serves only its GET/HEAD paths and defaults off (0.1972ms)
✔ Docker Users analytics rollout serves only its GET/HEAD paths and defaults off (0.1727ms)
✔ Docker Providers analytics rollout serves only its GET/HEAD paths and defaults off (0.1845ms)
✔ Docker Models analytics rollout serves only its GET/HEAD paths and defaults off (0.218ms)
✔ Docker Reliability rollout serves only its GET/HEAD paths and defaults off (0.1879ms)
✔ Docker Guardrails rollout serves only its GET/HEAD paths and defaults off (0.2371ms)
✔ Docker Config timezone rollout serves only its GET/HEAD paths and defaults off (0.1846ms)
✔ Docker Full config rollout serves only its GET/HEAD paths and defaults off (0.2406ms)
✔ Docker Integration Keys rollout serves only its GET/HEAD paths and defaults off (0.1661ms)
✔ Docker Gateway Keys rollout serves only its GET/HEAD paths and defaults off (0.1784ms)
✔ Docker Shared Keys rollout serves only its GET/HEAD paths and defaults off (0.1993ms)
✔ Docker CINATOKEN_WEB_ADMIN_USER_DETAIL_ENABLED rejects invalid values before nginx starts (0.1642ms)
✔ Docker CINATOKEN_WEB_ADMIN_REQUEST_LOGS_ENABLED rejects invalid values before nginx starts (0.0771ms)
✔ Docker CINATOKEN_WEB_ADMIN_BUDGET_AUDIT_ENABLED rejects invalid values before nginx starts (0.082ms)
✔ Docker CINATOKEN_WEB_ADMIN_TOOL_INVOCATIONS_ENABLED rejects invalid values before nginx starts (0.0921ms)
✔ Docker CINATOKEN_WEB_ADMIN_ACCESS_KEYS_ENABLED rejects invalid values before nginx starts (0.0761ms)
✔ Docker CINATOKEN_WEB_ADMIN_KEYS_ENABLED rejects invalid values before nginx starts (0.0734ms)
✔ Docker CINATOKEN_WEB_ADMIN_SHARED_KEYS_ENABLED rejects invalid values before nginx starts (0.0718ms)
✔ Docker CINATOKEN_WEB_ADMIN_TOOLS_ENABLED rejects invalid values before nginx starts (0.0947ms)
✔ Docker CINATOKEN_WEB_ADMIN_PLAYGROUND_ENABLED rejects invalid values before nginx starts (0.1364ms)
✔ Docker CINATOKEN_WEB_ADMIN_SIMULATOR_ENABLED rejects invalid values before nginx starts (0.1221ms)
✔ Docker CINATOKEN_WEB_ADMIN_WITHDRAWALS_ENABLED rejects invalid values before nginx starts (0.0854ms)
✔ Docker CINATOKEN_WEB_ADMIN_NFT_MINTS_ENABLED rejects invalid values before nginx starts (0.1455ms)
✔ Docker forwards public host with port, scheme, full URI and streams without origin/cookie rewriting (0.1684ms)
✔ Docker assets have no SPA fallback and environment substitution preserves nginx variables (0.1782ms)
✔ Source retention and caching recognize only the exact digest archive path (0.4601ms)
✔ Docker and Worker use the same status/path cache contract for GET and HEAD assets (2.6452ms)
✔ Docker consumes the verified release artifact and keeps manifests outside the public root (0.2588ms)
✔ Dockerfile.web COPY verifier runs without source inputs for schema 1 (1181.9375ms)
✔ Dockerfile.web COPY verifier runs without source inputs for schema 2 build contract v1 (953.8041ms)
✔ Dockerfile.web COPY verifier runs without source inputs for schema 2 build contract v2 (781.3997ms)
✔ Dockerfile.web COPY verifier runs without source inputs for schema 3 build contract v2 (2143.1519ms)
✔ Dockerfile.web COPY verifier runs without source inputs for schema 3 build contract v2 with retained source and unresolved asset (3244.8228ms)
✔ Dockerfile.web-ssr COPY verifier runs without source inputs for schema 1 (925.4329ms)
✔ Dockerfile.web-ssr COPY verifier runs without source inputs for schema 2 build contract v1 (956.8088ms)
✔ Dockerfile.web-ssr COPY verifier runs without source inputs for schema 2 build contract v2 (782.0718ms)
✔ Dockerfile.web-ssr COPY verifier runs without source inputs for schema 3 build contract v2 (2223.7498ms)
✔ Dockerfile.web-ssr COPY verifier runs without source inputs for schema 3 build contract v2 with retained source and unresolved asset (3441.5983ms)
Provenance safety fixtures retained: C:\Users\cina\AppData\Local\Temp\cinatoken-web-provenance-tests-hp6od5
✔ NUL tree parsing preserves Chinese, spaces, tabs/newlines and rejects ambiguous paths (9.9931ms)
✔ Git batch parser obeys declared raw byte size, newline bytes and SHA1 identity (1.192ms)
✔ stable TSV uses JSON path strings and UTF-8 byte sorting; duplicate inventories fail (1.3054ms)
✔ conservative exclusions cover env, secrets, keys, credentials, dependencies and build paths (0.7851ms)
✔ local toy Git tree comparison is byte accurate, deduplicates blobs and leaves upstream unresolved (1686.1365ms)
✔ output cannot overwrite existing directories or enter source, and absent/non-tree baselines create no output (2426.0918ms)
✔ source junctions/symlinks are excluded and aliased source/output ancestors are rejected (2186.9776ms)
✔ CLI requires explicit arguments, prints usage and fails safely without exposing Git stderr (513.7526ms)
✔ Web private HTML keeps no-store and its CSP while prohibiting transformations (36.4561ms)
✔ Web public HTML preserves nonce, anonymous catalog and HEAD contracts without caching (4598.7481ms)
✔ Web redirects, robots, XML and plain failures retain their existing cache policy (98.9027ms)
✔ HTML policy leaves backend HTML, API, OAuth and asset responses unchanged (18.2012ms)
✔ configured Proxy origins apply to every shell for later SPA diagnostics navigation (1.1919ms)
✔ empty Proxy configuration keeps the original shell connection policy (0.5264ms)
✔ invalid Proxy configuration fails only opted-in shells and does not leak or alter API forwarding (0.6914ms)
✔ Dashboard rollout captures only exact GET/HEAD /admin paths and is independently disabled (1.8995ms)
✔ Users rollout captures only exact GET/HEAD list paths and stays independent (1.6705ms)
✔ User Detail rollout captures only UUID and simple canonical ext GET/HEAD paths (5.2146ms)
✔ Providers rollout is independent and only captures its exact GET/HEAD paths (59.2239ms)
✔ all twenty approved account paths serve the Web shell (4.3415ms)
✔ Models rollout only serves its exact GET/HEAD page, with other routes preserved (1.4866ms)
✔ Endpoints rollout only serves its exact GET/HEAD page, with other routes preserved (1.7507ms)
✔ Routes rollout only captures its exact GET/HEAD page and is independently disabled (2.6573ms)
✔ Data Policies rollout only captures its exact GET/HEAD page and is independently disabled (2.2567ms)
✔ Presets rollout only captures its exact GET/HEAD page and is independently disabled (3.3737ms)
✔ Withdrawals rollout only captures its exact GET/HEAD page and is independently disabled (2.7939ms)
✔ NFT Mints rollout only captures its exact GET/HEAD page and is independently disabled (2.6011ms)
✔ Playground rollout only captures its exact GET/HEAD page and is independently disabled (2.3697ms)
✔ Simulator rollout only captures its exact GET/HEAD page and is independently disabled (10.7876ms)
✔ Tools Configuration rollout only captures its exact GET/HEAD page and is independently disabled (4.7459ms)
✔ Tool Invocations rollout only captures its exact GET/HEAD page and is independently disabled (2.9697ms)
✔ Budget Audit rollout only captures its exact GET/HEAD page and is independently disabled (2.8931ms)
✔ Request Logs rollout only captures its exact GET/HEAD page and is independently disabled (2.2646ms)
✔ Users analytics rollout only captures its exact GET/HEAD page and is independently disabled (2.4113ms)
✔ Providers analytics rollout only captures its exact GET/HEAD page and is independently disabled (4.1558ms)
✔ Models analytics rollout only captures its exact GET/HEAD page and is independently disabled (1.3987ms)
✔ Reliability rollout only captures its exact GET/HEAD page and is independently disabled (2.6865ms)
✔ Guardrails rollout only captures its exact GET/HEAD page and is independently disabled (1.1002ms)
✔ Config timezone rollout only captures its exact GET/HEAD page and is independently disabled (1.0858ms)
✔ Full config rollout only captures its exact GET/HEAD page and is independently disabled (9.1538ms)
✔ Integration Keys rollout only captures its exact GET/HEAD page and is independently disabled (2.084ms)
✔ Gateway Keys rollout only captures its exact GET/HEAD page and is independently disabled (1.4303ms)
✔ Shared Keys rollout only captures its exact GET/HEAD page and is independently disabled (2.292ms)
✔ Gateway Keys rollback and backend boundaries preserve methods, headers and request bodies (57.2337ms)
✔ all unmigrated public, account, admin and backend routes preserve the original Request (3.3446ms)
✔ rollout is opt-in and rollback retains the static asset namespace (4.891ms)
✔ asset prefix stripping does not capture lookalike paths or fall back on missing assets (0.9153ms)
✔ non-read requests reach Admin with public URL, Origin, cookies and body unchanged (3.1131ms)
✔ Admin redirects, multiple Set-Cookie and streams are returned without reconstruction (0.7547ms)
✔ HEAD shell has no response body and missing index fails without a backend substitution (57.6187ms)
✔ explicit v1 retains the historical raw-byte golden algorithm (74.5172ms)
✔ default and explicit v2 use the complete inventory while v1 stays scoped historically (1645.5286ms)
✔ historical/read contract version 1 has identical strict keys (11.9343ms)
✔ historical/read contract version 2 has identical strict keys (11.4587ms)
✔ contract reading rejects invalid versions, fields and malformed identities (27.2248ms)
✔ contract reading rejects absent, oversized and non-file markers (6.0269ms)
✔ all three targets must match version, build ID and source bytes (114.0207ms)
✔ real lifecycle callbacks stamp a stable v2 identity on browser, Node and Worker (679.1816ms)
✔ lifecycle refuses Core deep source drift without writing success stamps (471.0093ms)
✔ lifecycle refuses Admin vendor data drift without writing success stamps (473.0957ms)
✔ lifecycle refuses runtime source drift without writing success stamps (458.4703ms)
✔ failed or unstarted builds cannot write successful stamps (278.2313ms)
✔ a retained Worker Node import prevents every successful target stamp (508.8452ms)
✔ new build cycles get fresh IDs and excluded generated bytes do not cause drift (987.567ms)
✔ the managed build rejects an unapproved process PUBLIC variable before compiling (403.475ms)
✔ bare Rsbuild CLI cannot bypass the allowlist through a mode env file (506.184ms)
✔ private mode values reload without contaminating the dev process (221.778ms)
✔ the real Web config never inlines private canaries, including in source maps (17328.7851ms)
✔ v2 inventory binds explicit Web, Core, runtime and workspace raw inputs (260.5368ms)
✔ v2 digest changes when Core direct source bytes change (375.3938ms)
✔ v2 digest changes when Core deep dependency bytes change (388.385ms)
✔ v2 digest changes when Admin vendor JSON bytes change (406.1309ms)
✔ v2 digest changes when Docker build definition bytes change (402.9822ms)
✔ v2 digest changes when Docker context configuration bytes change (380.2289ms)
✔ v2 digest changes when Docker runtime bytes change (432.317ms)
✔ v2 digest changes when root lockfile bytes change (395.3885ms)
✔ v2 digest changes when root workspace manifest bytes change (419.4565ms)
✔ v2 digest changes when sibling workspace manifest bytes change (384.7503ms)
✔ optional public/configuration inputs are bound when present (501.6075ms)
✔ UTF-8 byte order, raw CRLF and unchanged-byte timestamps are deterministic (704.5694ms)
✔ environment, credential, dependency and generated canaries are excluded before opening (468.4869ms)
✔ nested key and credential feature source stays included (445.1864ms)
✔ missing required input package-lock.json fails closed (50.1919ms)
✔ missing required input packages/core/src fails closed (43.4293ms)
✔ missing required input packages/admin/lib/model-vendors.json fails closed (75.6009ms)
✔ included directory links and linked ancestors fail closed (45.6186ms)
✔ additional workspace manifests are bound and linked workspaces rejected (467.7614ms)
✔ a non-regular included candidate is rejected before opening (43.169ms)
✔ a candidate changed before opening cannot produce an accepted inventory (167.926ms)
✔ a candidate changed after reading cannot produce an accepted inventory (151.9747ms)
✔ single-file byte budget rejects sparse oversized input before any source read (56.7314ms)
✔ aggregate byte budget rejects sparse inputs before any source read (138.6912ms)
✔ file-count budget rejects a real oversized tree before source reads (25688.6353ms)
✔ trusted Proxy origins become a validated canonical Worker variable without enabling rollout (2.7869ms)
✔ invalid Proxy origins abort config generation with a generic non-revealing error (0.6783ms)
✔ CLI requires an explicit verified release or development mode (0.7129ms)
✔ Web config defaults to disabled rollout and has no public route assignment (0.3826ms)
✔ configured names use the root deployment ADMIN_WORKER_NAME convention (0.2997ms)
✔ invalid flags and URL-like binding names fail generation (1.3354ms)
✔ Dashboard can opt in independently of other Admin and account pages (0.2468ms)
✔ Users can opt in independently of Dashboard and account pages (0.1468ms)
✔ User Detail can opt in independently of the Users list (0.1842ms)
✔ Providers can opt in while account pages keep the legacy entry (0.2791ms)
✔ Models can opt in independently of Providers and account pages (0.2002ms)
✔ Endpoints can opt in independently of Models, Providers and account pages (0.1327ms)
✔ Routes can opt in independently of other Console resources and account pages (0.2177ms)
✔ Data Policies can opt in independently of other Console resources and account pages (0.1254ms)
✔ Presets can opt in independently of other Console resources and account pages (0.1481ms)
✔ CINATOKEN_WEB_ADMIN_GUARDRAILS_ENABLED opts in independently of other Console resources (0.1802ms)
✔ CINATOKEN_WEB_ADMIN_RELIABILITY_ENABLED opts in independently of other Console resources (0.0809ms)
✔ CINATOKEN_WEB_ADMIN_MODEL_ANALYTICS_ENABLED opts in independently of other Console resources (0.1238ms)
✔ CINATOKEN_WEB_ADMIN_PROVIDER_ANALYTICS_ENABLED opts in independently of other Console resources (0.0676ms)
✔ CINATOKEN_WEB_ADMIN_USER_ANALYTICS_ENABLED opts in independently of other Console resources (0.0781ms)
✔ CINATOKEN_WEB_ADMIN_REQUEST_LOGS_ENABLED opts in independently of other Console resources (0.0873ms)
✔ CINATOKEN_WEB_ADMIN_BUDGET_AUDIT_ENABLED opts in independently of other Console resources (0.0598ms)
✔ CINATOKEN_WEB_ADMIN_TOOL_INVOCATIONS_ENABLED opts in independently of other Console resources (0.0566ms)
✔ CINATOKEN_WEB_ADMIN_CONFIG_TIMEZONE_ENABLED opts in independently of other Console resources (0.0544ms)
✔ CINATOKEN_WEB_ADMIN_CONFIG_ENABLED opts in independently of other Console resources (0.0499ms)
✔ CINATOKEN_WEB_ADMIN_ACCESS_KEYS_ENABLED opts in independently of other Console resources (0.0499ms)
✔ CINATOKEN_WEB_ADMIN_KEYS_ENABLED opts in independently of other Console resources (0.0553ms)
✔ CINATOKEN_WEB_ADMIN_SHARED_KEYS_ENABLED opts in independently of other Console resources (0.1154ms)
✔ CINATOKEN_WEB_ADMIN_TOOLS_ENABLED opts in independently of other Console resources (0.0786ms)
✔ CINATOKEN_WEB_ADMIN_PLAYGROUND_ENABLED opts in independently of other Console resources (0.0844ms)
✔ CINATOKEN_WEB_ADMIN_SIMULATOR_ENABLED opts in independently of other Console resources (0.0686ms)
✔ CINATOKEN_WEB_ADMIN_WITHDRAWALS_ENABLED opts in independently of other Console resources (0.0518ms)
✔ CINATOKEN_WEB_ADMIN_NFT_MINTS_ENABLED opts in independently of other Console resources (0.0607ms)
✔ historical verification binds the original v2 release and only its current hashed assets (938.8542ms)
✔ candidate imports historical current source while inherited legacy source stays unresolved (2160.244ms)
✔ a subsequent release keeps imported mappings and original TTL without reimport refresh (3040.4761ms)
✔ coverage becomes complete when every final hashed asset has a verified corresponding source (1852.9509ms)
✔ P68-style rollback keeps original current build/source bytes while importing older current assets (1957.0299ms)
✔ reader and actual CLI use an explicit versioned safe-relative import config (2640.8399ms)
✔ exact historical TTL cutoff is eligible and one millisecond beyond is rejected (1544.2197ms)
✔ incorrect external release pin rejects the candidate before mkdir (1223.0109ms)
✔ corrupted archive rejects the candidate before mkdir (1254.992ms)
✔ archive from another build rejects the candidate before mkdir (1979.6948ms)
✔ nonregular archive path rejects the candidate before mkdir (1299.1126ms)
✔ oversized archive rejects the candidate before mkdir (1467.9454ms)
✔ a v1 original build cannot acquire an allegedly complete v2 source archive (1288.5464ms)
✔ original release changes during verify callback invalidate the pinned import (985.3001ms)
✔ verified callback metadata cannot replace the externally pinned original manifest (1081.125ms)
✔ one original target marker cannot claim another build even under a correctly repinned release (1424.1317ms)
✔ an import with no eligible final asset is rejected rather than adding an unreferenced archive (1388.7721ms)
✔ old retained-only bytes cannot satisfy a historical current asset match (1485.5605ms)
✔ same hashed path with different final bytes rejects even when history is not previous (1382.2544ms)
✔ future original release and duplicate import entries reject without output (920.8283ms)
✔ config bounded reads reject oversized, invalid UTF-8 and nonordinary files (772.3722ms)
✔ ordinary Unicode and space names are accepted without decoding path text (845.1111ms)
✔ strict config schema, entry keys, counts and pins fail before release verification (804.0632ms)
✔ unsafe import archive path ../archive.tar.gz is rejected (747.8203ms)
✔ unsafe import archive path /absolute.tar.gz is rejected (722.3381ms)
✔ unsafe import archive path C:/archive.tar.gz is rejected (705.6209ms)
✔ unsafe import archive path imports\history.tar.gz is rejected (638.9622ms)
✔ unsafe import archive path imports//history.tar.gz is rejected (682.9904ms)
✔ unsafe import archive path ./imports/history.tar.gz is rejected (648.4855ms)
✔ linked archive ancestor and linked config ancestor are rejected (744.3589ms)
✔ actual Next headers preserve existing security and precise diagnostic microphone rules (311.2971ms)
✔ Next default adds no HTTP allowance and rejects unsafe build configuration (428.8419ms)
✔ Worker output rejects a retained Node import in an async chunk (26.6986ms)
✔ server artifacts are frozen, independently verified and kept outside public assets (309.6253ms)
✔ fresh packaging rejects mixed browser, Node and Worker builds before freezing (175.449ms)
✔ PostCSS build configuration drift requires rebuilding all targets (43.3268ms)
✔ a stamped browser build cannot silently freeze without server outputs (49.3889ms)
✔ rollback selects matching old server code and supports legacy releases without injecting a new server (557.2765ms)
✔ partial server builds cannot freeze an artifact or enable an unverified public entry (63.7921ms)
✔ new artifact retains old lazy chunks and licenses, with only current HTML and mutable files (185.5812ms)
✔ retained asset lifetime is not refreshed by intermediate releases; exact cutoff and configured window apply (323.1797ms)
✔ explicit rollback restores old current files while preserving new tabs lazy chunks (155.545ms)
✔ same hash path cannot change bytes, including expired previous paths; equal contents are deduplicated (186.2311ms)
✔ packaging is deterministic for fixed inputs, id, timestamp and retention (160.6648ms)
✔ frozen output, traversal ids, timestamps, control files and missing HTML fail safely (101.3549ms)
✔ a release requires regular license and attribution files before creating an artifact (67.5421ms)
✔ asset links and linked release directories are rejected before publication (47.5451ms)
✔ verification detects extra/missing/modified files and invalid metadata even with a recomputed manifest digest (117.622ms)
✔ verification rejects promoting HTML to retained resources or oversized declared files (72.8986ms)
✔ verification rejects routing controls and mismatched release identity; copied directory aliases are explicit (136.2825ms)
✔ verified merged artifact serves old tab lazy loads across rollout and rollback with GET/HEAD/cache/404 contracts (167.7149ms)
✔ cache policy only treats recognized hashed resources as immutable; HTML and errors never cache (0.3148ms)
✔ v2 builds freeze a matching source archive and script-free public download index (938.3474ms)
✔ legacy retained chunks remain explicitly unresolved instead of acquiring current source (1365.25ms)
✔ same-browser releases retain each previous source archive without inventing asset mappings (2359.3107ms)
✔ source archives remain downloadable through their exact cutoff without renewing their age (2625.4463ms)
✔ a previous source archive with no hashed assets is retained independently of coverage (2359.6093ms)
✔ independently retained source archives do not resolve an unknown legacy asset (2505.0484ms)
✔ retained source archives keep original timestamps and expire with their chunks (3400.9233ms)
✔ rollback copies its historical server and matching source, without rebuilding from live inputs (2634.8191ms)
✔ rollback to a legacy build reports unavailable current source while retaining known new chunks (1293.633ms)
✔ rollback to an empty legacy shell remains verifiable after all mapped sources expire (1169.3078ms)
✔ source verification rejects rehashed release metadata with current binding (1146.8906ms)
✔ source verification rejects rehashed release metadata with false completeness (921.1976ms)
✔ source verification rejects rehashed release metadata with missing mapping (904.79ms)
✔ source verification rejects rehashed release metadata with missing archive (893.9891ms)
✔ source verification rejects rehashed release metadata with wrong archive metadata (888.4156ms)
✔ source verification rejects rehashed release metadata with unknown mapped archive (875.6591ms)
✔ source verification rejects modified public index even with an updated outer manifest digest (808.7416ms)
✔ empty Proxy configuration preserves the existing self and WSS policy (2.2124ms)
✔ trusted HTTPS origins and explicit loopback HTTP derive exact WS origins (0.8905ms)
✔ untrusted, coerced, malformed and injectable origin strings fail closed (1.0878ms)
✔ maximum port and DNS labels are accepted without altering authorities (0.1394ms)
✔ archive binds exact original bytes, shared inputs and independently recalculated metadata (920.8146ms)
✔ standard USTAR headers, UTF-8 prefix paths and gzip framing are canonical (857.2095ms)
✔ identical source bytes archive identically across roots, creation order and timestamps (1721.3915ms)
✔ synthetic secrets and generated outputs are excluded without opening them (1537.6237ms)
✔ creator rejects build/source drift in packages/core/src/deep/rates.ts (575.1247ms)
✔ creator rejects build/source drift in packages/admin/lib/model-vendors.json (651.3853ms)
✔ creator rejects build/source drift in docker/web/public-server.mjs (653.0283ms)
✔ creator rejects build/source drift in .dockerignore (667.4094ms)
✔ only strict complete version 2 contracts can create new archives (337.4408ms)
✔ source changes during archive creation cannot return a successful descriptor (648.6525ms)
✔ verification needs no source tree, filesystem reads or extraction (971.9932ms)
✔ a matching externally recompressed legal DEFLATE stream verifies independently (1040.4826ms)
✔ expected build identity, version and fingerprint must all match (1153.9563ms)
✔ verifier rejects non-gzip input (1058.151ms)
✔ verifier rejects truncated gzip footer (1150.5825ms)
✔ verifier rejects corrupt gzip CRC32 (1310.9418ms)
✔ verifier rejects noncanonical gzip header (1178.517ms)
✔ verifier rejects trailing gzip bytes (1087.8158ms)
✔ verifier rejects concatenated gzip streams (1096.0367ms)
✔ verifier rejects header checksum damage in a correctly recompressed archive (1035.8622ms)
✔ verifier rejects symbolic-link member in a correctly recompressed archive (1034.9343ms)
✔ verifier rejects hard-link member in a correctly recompressed archive (990.2344ms)
✔ verifier rejects PAX extension member in a correctly recompressed archive (1038.0504ms)
✔ verifier rejects traversal member in a correctly recompressed archive (1200.5005ms)
✔ verifier rejects absolute member in a correctly recompressed archive (826.1209ms)
✔ verifier rejects backslash member in a correctly recompressed archive (882.3689ms)
✔ verifier rejects duplicate member in a correctly recompressed archive (818.5206ms)
✔ verifier rejects unknown source member in a correctly recompressed archive (856.9789ms)
✔ verifier rejects missing source member in a correctly recompressed archive (810.3171ms)
✔ verifier rejects missing manifest in a correctly recompressed archive (801.3681ms)
✔ verifier rejects missing build instructions in a correctly recompressed archive (769.7385ms)
✔ verifier rejects changed build instructions in a correctly recompressed archive (776.6915ms)
✔ verifier rejects oversized declared file bounds in a correctly recompressed archive (789.1882ms)
✔ verifier rejects within-budget declared length exceeding TAR data in a correctly recompressed archive (956.3698ms)
✔ verifier rejects nonzero source header timestamp in a correctly recompressed archive (1232.8941ms)
✔ verifier rejects source bytes tampering in a correctly recompressed archive (982.299ms)
✔ verifier rejects unsorted members even when headers and checksums are valid (839.8498ms)
✔ verifier rejects one terminal zero block (818.496ms)
✔ verifier rejects truncated TAR header (892.7989ms)
✔ verifier rejects extra trailing zero block (1022.5776ms)
✔ verifier rejects nonzero TAR trailer (990.0818ms)
✔ verifier rejects nonzero payload padding (969.6067ms)
✔ verifier rejects unknown manifest field with valid gzip and TAR framing (1129.497ms)
✔ verifier rejects wrong schema with valid gzip and TAR framing (805.7088ms)
✔ verifier rejects modified policy with valid gzip and TAR framing (702.8676ms)
✔ verifier rejects wrong policy digest with valid gzip and TAR framing (876.8854ms)
✔ verifier rejects wrong total byte count with valid gzip and TAR framing (1096.7319ms)
✔ verifier rejects wrong per-file byte count with valid gzip and TAR framing (1043.2412ms)
✔ verifier rejects wrong per-file digest with valid gzip and TAR framing (847.4211ms)
✔ verifier rejects unknown file metadata field with valid gzip and TAR framing (876.7578ms)
✔ verifier rejects wrong path role with valid gzip and TAR framing (804.4138ms)
✔ verifier rejects wrong contract fingerprint with valid gzip and TAR framing (789.7478ms)
✔ updating a tampered file checksum cannot bypass the build fingerprint (753.1989ms)
✔ removing source and matching metadata cannot bypass the build fingerprint (805.1288ms)
✔ duplicate JSON keys cannot masquerade as the canonical manifest (851.5649ms)
✔ the expected build contract rejects a fully rehashed alternative archive (681.7212ms)
✔ a rehashed archive cannot introduce excluded input packages/web/src/.env.production (481.6261ms)
✔ a rehashed archive cannot introduce excluded input packages/web/src/.tmp/generated.ts (450.6632ms)
✔ a rehashed archive cannot omit a required source configuration (521.7187ms)
✔ a user conflict closes access and rechecks identity without becoming a workspace conflict (8.3815ms)
✔ a server workspace precondition conflict requires fresh context and closes access (0.1948ms)
✔ invalid response scope closes sensitive surfaces without a session refresh loop (0.1499ms)
✔ resource conflicts and temporary failures cannot imply lost session (0.1465ms)
✔ 401 rechecks identity, while resource 403 only rechecks its permission (0.164ms)
✔ Preset main alert retains identity rejection after a detail dialog closes (2.771ms)
✔ identity rejection stops account actions with a session message, preserving resource conflicts (0.6495ms)
✔ list and budget money stays in billing currency main units, including reservations (28.5601ms)
✔ unknown USD snapshots and budget availability never become a zero charge (6.1229ms)
✔ timeline preserves unknown latency gaps and known zero-cost buckets (5.657ms)
✔ filters retain exact IDs, trim boundary whitespace and reject unsupported ranges and controls (6.046ms)
✔ only bounded generation IDs can become detail requests (2.0223ms)
✔ server scope conflicts require explicit revalidation while malformed metadata does not loop identity resets (1.1975ms)
✔ query identity changes with user, workspace and authority revision (3.8796ms)
✔ completed CSV downloads revoke their Object URL exactly once (1.2437ms)
✔ scope disposal clears every pending download and cancels completion timers (1.199ms)
✔ failed browser download cannot leave a Blob URL behind (1.3246ms)
✔ budget forms preserve server rounding and accept decimal inputs (4.8531ms)
✔ budget forms reject empty, nonnumeric, nonpositive and unsafe micro-units (1.1688ms)
✔ workspace budgets have complete translated messages and interpolation values (2.2537ms)
✔ creation preserves the exact credential bytes and binds the selected workspace (5.9214ms)
✔ editing a masked credential never reconstructs a secret or overwrites it with blank text (0.4509ms)
✔ unrestricted, deny-all and explicit restrictions survive editing without opening access (4.175ms)
✔ restrictions validate only active modes while SHA-256 restrictions reject raw keys and prefixes (1.4241ms)
✔ field limits count code points, credential limits count UTF-8 bytes, list limits include duplicates (5.8156ms)
✔ fallback policies cannot block shared capacity and always-use modes remain mutually exclusive (0.6788ms)
✔ complete reorder groups reject pagination truncation, mixed scope, duplicate IDs and zero rows (3.3246ms)
✔ full provider ordering includes disabled credentials and preserves the user-moved order (0.5216ms)
✔ guardrail messages cover all four locales and interpolate scope, budgets, confirmation and evidence (9.1817ms)
✔ translated policy and evidence copy cannot silently reuse English and retains every interpolation argument (4.3393ms)
✔ currency display follows server metadata and preserves micro-unit precision (22.019ms)
✔ UTC database timestamps and canonical ISO timestamps display identically (7.8948ms)
✔ expiry overrides active status at its boundary without hiding revocation status (0.9824ms)
✔ blank optional values preserve unlimited lifetime and no expiry (3.9309ms)
✔ zero is an explicit blocking budget and is never converted to unlimited (0.4105ms)
✔ budget validation rejects negative, non-finite, rounded and unsafe amounts (0.5275ms)
✔ local expiry is normalized to canonical UTC and past expiry is rejected (1.2814ms)
✔ names cannot silently be truncated beyond the server limit (0.3332ms)
✔ personal management requests require both capability and ownership (1.3541ms)
✔ organization workspace role never substitutes for the server organization role mapping (0.1662ms)
✔ management key names are required, trimmed and bounded without silent truncation (10.8145ms)
✔ management key expiry requires a future local time and emits canonical UTC (2.2192ms)
✔ every account locale has the same keys and interpolation variables (9.2697ms)
✔ all four NFT locales cover identical keys, chain states and net USD ownership guidance (2.5092ms)
✔ browser config validator matches the actual Core contract across all advanced fields and limits (8.1896ms)
✔ editor defaults preserve the active configuration and exact prompt; corrupt configuration is not replaced with an empty object (20.1896ms)
✔ convenient fields preserve advanced and provider configuration without mutating the source (2.0495ms)
✔ numeric drafts reject incomplete and non-finite values without narrowing server-supported finite ranges (1.1156ms)
✔ form validates UTF-8 prompt limits, metadata lengths and canonical slug while allowing complete advanced JSON (3.2057ms)
✔ client pagination clamps deleted pages and filters search/status/visibility together (0.916ms)
✔ access loss hides private editors while action 403/404/conflicts use distinct safe copy (0.363ms)
✔ all four locales expose every operation and matching interpolation variables with explicit save activation (5.5374ms)
✔ shared seller management requires its exact capability, independent of account visibility or other key roles (0.9138ms)
✔ listing forms enforce server channel and six-decimal price bounds without inventing cache caps (5.2103ms)
✔ blank cache pricing remains null, explicit zero stays zero and editing never includes credential or channel (0.2171ms)
✔ client pagination filters the global seller collection and clamps after deletion without losing matching rows (0.3777ms)
✔ resource history conflict, operation 403 and genuine scope conflicts have different recovery semantics (0.9536ms)
✔ shared key translations have matching keys and interpolation multisets in every locale (1.2777ms)
✔ Activity list preserves the real billing currency, main units and nullable measurements (46.8345ms)
✔ all supported filters and pagination are encoded, with blank filters omitted (3.3243ms)
✔ empty Activity pages require matching workspace metadata (3.5978ms)
✔ filters cannot silently broaden an Activity query after malformed input (3.4626ms)
✔ inconsistent page identities and totals are rejected instead of entering caches (17.6493ms)
✔ unavailable and unlimited budgets retain missing values without inventing zero (12.0536ms)
✔ list schema rejects body, credential and trace fields at every public boundary (9.0596ms)
✔ Generation consumes the actual credential-free core projection with USD costs independent of CNY list units (18.8898ms)
✔ Generation detail validates requested ID, workspace, origin and the nested projection whitelist (16.1999ms)
✔ CSV exports use filter scope, omit pagination and retain BOM in the returned file (5.4214ms)
✔ CSV validates quoted multiline data and reports truncation without modifying file contents (1.2297ms)
✔ CSV empty exports cannot conceal another workspace or omit metadata (2.0121ms)
✔ CSV column whitelist, row count, formulas, currency and filename are checked before download (5.9632ms)
✔ Activity and CSV auth, access, scope and unavailable failures preserve status without replay (4.3102ms)
✔ late Activity and CSV responses cannot override caller cancellation (6.0347ms)
✔ CSV timeouts use the shared transport and never produce a downloadable result (16.2075ms)
✔ list retains only public fields, normalizes UTC dates, and uses private same-origin transport (55.6039ms)
✔ list rejects plaintext, long prefixes, invalid UTC dates, malformed identity, unknown permissions and duplicate rows (8.7595ms)
✔ secret reads require an explicit separate request and exact requested identity (2.5621ms)
✔ only the imported legacy master may have an old short public prefix or explicitly read an old secret (3.398ms)
✔ legacy master replacement uses the strict new secret format and preserves exact row identity (3.2454ms)
✔ ordinary metadata edit omits the secret and does not fetch the secret endpoint (0.9532ms)
✔ create and saved rotation confirm the exact draft but return only masked public data (1.5986ms)
✔ status changes verify the new active/revoked state and malformed success remains unknown (1.8636ms)
✔ bad paths and invalid write drafts are rejected before dispatch (0.5731ms)
✔ server failures are sanitized and a late aborted secret reply is discarded (1.5521ms)
✔ fresh drafts contain 256 random bits and normalize minimum-permission metadata (7.7885ms)
✔ wildcard replaces delegated permissions and individual choice clears wildcard (0.2533ms)
✔ invalid metadata, no permissions and invalid rotation draft fail before writing (0.6394ms)
✔ all supported locales explain draft expiry, console-only wildcard and unknown-write recovery (2.0343ms)
✔ unknown create, edit, rotation or status marker survives reload and epoch changes for only its principal (2.1283ms)
✔ storage rejection disables writes before dispatch and failure to settle keeps the marker (0.3387ms)
✔ one denied identity triggers only one console recheck across epoch changes and remounts (0.354ms)
✔ model and provider reads use same-origin Cookie paths and preserve the tag drilldown scope (226.9855ms)
✔ strict DTO projection strips surplus sensitive fields from both analytics and logs responses (2.8107ms)
✔ invalid and duplicate aggregate rows fail closed instead of showing ambiguous keys (7.4811ms)
✔ overview and logs permissions remain independent of analytics (4.3606ms)
✔ range and filter validation reject malformed or over-180-day requests (1.5817ms)
✔ CSV has exactly 28 safe columns, neutralizes formula cells, and refuses untrusted currency (1.827ms)
✔ sort and display preserve exact tokens, null metrics and multi-failover rates (32.0961ms)
✔ missing legacy standard cost never becomes a confirmed zero total (0.3769ms)
✔ Request Logs link encodes committed model, group, range and provider identity (6.3791ms)
✔ a provider analytics denial stays bounded to principal and permission domain across rechecks (0.9214ms)
✔ provider and expanded model reads share range and tag, with only supported filters (43.9164ms)
✔ strict DTOs discard surplus private fields from main, detail and permission reads (1.9667ms)
✔ duplicate, malformed and inconsistent aggregates fail closed (6.4331ms)
✔ config and logs denial is independent from analytics read (4.7038ms)
✔ range and filters reject malformed timestamps and unsupported lengths (1.032ms)
✔ CSV has the original 28 columns, neutralizes formulas and refuses unknown currency (3.5038ms)
✔ missing legacy standard cost stays unavailable in summary, row and CSV (1.3312ms)
✔ sort uses display name fallback, null metrics and keeps source stable on ties (38.7228ms)
✔ Request Logs link uses committed provider, model, route group and range (0.801ms)
✔ user analytics denial survives access-version recheck but does not cross principals or permissions (7.6203ms)
✔ main partial email search and selected-row exact model drilldown use distinct query contracts (54.4609ms)
✔ main, detail and permission reads project private extras away before caching (2.0048ms)
✔ canonical ISO and strict legacy SQL UTC normalize safely; invalid and ambiguous times fail closed (4.7426ms)
✔ budget null, zero and over 100 percent remain distinct; invalid aggregates reject (4.3851ms)
✔ config and logs denial never turns analytics read into an authorization failure (1.7625ms)
✔ bad range, filter and missing selected exact email reject before a request (0.4634ms)
✔ CSV retains all 16 legacy columns while neutralizing email formulas (3.3478ms)
✔ missing standard cost is not invented as a zero in summary or CSV (7.1864ms)
✔ sort handles null budget and activity without clamping over-budget values (50.2189ms)
✔ Request Logs links use the selected row email and committed UTC range (0.4403ms)
✔ admin requests use same-origin Cookie and never inherit a workspace or Bearer credential (83.3854ms)
✔ Admin API factory forwards the CSV response reader for a full-filter audit export (9.4338ms)
✔ Models factory uses the Console Cookie transport without portal workspace or inherited credential (3.8079ms)
✔ Endpoints factory preserves denied Console status without leaking response details (1.6221ms)
✔ Routes factory uses the Console Cookie transport and preserves denied status (1.0983ms)
✔ Data Policies factory uses Console Cookie transport and preserves denied status (2.7867ms)
✔ admin writes retain HTTP conflict and permission states without exposing server error text or retrying (25.4567ms)
✔ admin rejects invalid JSON and malformed successful responses without retaining response details (3.595ms)
✔ admin rejected business success cannot become a fulfilled mutation (2.3912ms)
✔ admin ignores late successful data after cancellation even when fetch ignores AbortSignal (1.1869ms)
✔ admin times out a late response and preserves a safe error classification (29.2328ms)
✔ native resource responses preserve valid upstream JSON rather than requiring an envelope (5.4328ms)
✔ logs.read response is projected and repeated filters use the exact API contract (106.8015ms)
✔ full-filter CSV export omits list pagination and accepts only bounded CSV (42.9393ms)
✔ reason directory, display config and audit rows are independently read and malformed pages fail closed (3.4346ms)
✔ audit DTO projects extras, accepts Core event/source and strict UTC (10.6709ms)
✔ all events is truly unfiltered; default shortcut excludes only usage charge (1.9461ms)
✔ snapshot presence separates no limit, a finite limit and unknown history (1.5001ms)
✔ payload and snapshot details remain text, redacted and distinguish missing from null (48.6086ms)
✔ Admin factory lists complete global ledger rows with Cookie, canonical subject and no account workspace or Bearer (79.5809ms)
✔ NFT processing status remains filterable and the returned snapshot is USD contribution, not gateway billing currency (2.9683ms)
✔ duplicate, filtered-mismatch, partial and malformed list responses never enter the query cache (8.8351ms)
✔ every queue write verifies the live Console subject and persists immediately before its single POST (6.1153ms)
✔ invalid limits and rejection eligibility perform no read, marker or write request (4.4874ms)
✔ changed subject, API-key principal, degraded verification or abort during preflight dispatches no POST (5.1461ms)
✔ storage failure immediately before dispatch prevents the POST (0.5488ms)
✔ queue acknowledgments never accept processed/confirmed counts or queued values beyond the requested limit (7.5109ms)
✔ network, timeout, 5xx and malformed successful submissions stay unknown and are never retried (48.0252ms)
✔ reject sends only the trimmed reason and requires an exact atomic refund acknowledgment for its target (2.9584ms)
✔ a conflict is a definite rejection, while an aborted dispatched request keeps an unknown outcome (1.3287ms)
✔ all withdrawal and NFT processing statuses have canonical safe filter URLs (1.8782ms)
✔ malformed public search or financial and credential URL inputs prevent a list request (0.4519ms)
✔ TanStack duplicate public parameters and a forged invalid flag cannot erase invalid URL state (9.5125ms)
✔ local pagination preserves all returned records and does not manufacture server pagination totals (0.4337ms)
✔ only requested withdrawals without a transaction offer rejection; processing never does (0.2289ms)
✔ explorer links require a supported chain and a real transaction hash, not a storage URL or guessed chain (1.2168ms)
✔ withdrawal detail preserves amount/fee/net/token/currency/chain/timestamps and NFT detail preserves snapshots (39.358ms)
✔ reason length follows the server Unicode character limit and rejects hidden controls (1.8321ms)
✔ every supported language has complete independent operation, queue, conflict and unknown-recovery copy (3.0729ms)
✔ pending markers survive remount and epoch changes without persisting any record, financial draft or credential (5.9513ms)
✔ confirmed acknowledgment or definite rejection clears only its matching generation (1.0463ms)
✔ a list observation, another principal, another domain, or malformed marker cannot release an unknown write (0.5198ms)
✔ unavailable storage, failed write/readback or failed clearing prevents new writes (0.5045ms)
✔ manual recovery requires both explicit confirmations before any network request (1.1483ms)
✔ manual review observes the current complete ledger between two live subject checks and sends no POST (84.6628ms)
✔ subject drift, malformed observation or final denied check leaves the unknown marker intact (6.6564ms)
✔ cancelled manual recovery cannot authorize release even when the observation transport ignores AbortSignal (1.1327ms)
✔ marker listeners report durable transitions and failed marking never calls a queue or refund (0.4943ms)
✔ one denied identity triggers one Console recheck across remounts until explicit successful read (1.0736ms)
✔ revoked identity memory is bounded and contains no configuration value (0.2886ms)
✔ overview strips unexpected secret fields and uses only same-origin Cookie context (36.1334ms)
✔ fixed-key non-secret writes require exact confirmed projection and do not call generic config GET (3.1954ms)
✔ mismatched write echo and malformed responses fail closed with no automatic retry (1.8273ms)
✔ webhook replace, clear, reveal and verify are per-channel and secret is never copied into parsed status (3.1568ms)
✔ invalid webhook URL and unexpected channel never reach transport, and server errors do not expose URL (1.8224ms)
✔ valid legacy and unsupported states remain visible; contradictory or incomplete responses fail closed (3.276ms)
✔ timezone writes are exactly one validated key and never call the secret-bearing generic GET (28.3496ms)
✔ revision preconditions reject stale browser writes without replay (1.9123ms)
✔ business, HTTP, invalid response and cancellation failures retain safe status without replay (10.5133ms)
✔ a configured webhook cannot confirm an uncertain replacement without explicit exact verification (0.8788ms)
✔ safe overview can reconcile non-secret values and explicit clear without inferring a secret (0.2302ms)
✔ effective defaults do not prove a missing or invalid value was written (0.1259ms)
✔ one uncertain webhook replacement locks only that channel across remount without retaining URL (9.2577ms)
✔ recovery scope remains bounded and isolated by API identity (0.6772ms)
✔ uncertain webhook marker survives a hard reload without a URL or cross-principal leak (1.0498ms)
✔ webhook update cannot start when the tab cannot retain its marker (0.648ms)
✔ unreadable webhook storage keeps the recovered lock and rejects a second write before overwriting its marker (1.263ms)
✔ unconfirmed write lock survives same-identity remount and never stores input or secret (4.149ms)
✔ scope memory remains bounded and uncertain errors require fresh read rather than write replay (0.813ms)
✔ timezone view and full config view share the same pending write authority (1.2105ms)
✔ timezone pending bit survives full navigation in either direction without retaining value (1.5259ms)
✔ timezone write fails closed before HTTP when tab storage is unavailable (0.6534ms)
✔ unreadable timezone storage keeps the recovered lock and rejects a second write before overwriting its marker (0.359ms)
✔ portal cache identity never grants console access while loading, changing cookies or logging out (1.7627ms)
✔ console association does not require a portal workspace or infer authorization from isAdmin/capabilities (0.2588ms)
✔ rendering rejects the prior user, subject, epoch and any unverified state before effects run (1.167ms)
✔ scope keys cannot collide across delimiter-containing identities and revoke component state on recheck (0.5712ms)
✔ focus revalidation blocks the unchanged portal immediately, clears only admin queries, and remounts recovered access (67.8207ms)
✔ portal revalidation and console revalidation cannot restore a previous subject after the shared cookie changes (17.7747ms)
✔ console session requires an explicit portal association and never checks implicitly (29.5795ms)
✔ only an authenticated verified console grants access; API keys and popup-like claims do not (6.2762ms)
✔ malformed checks and CinaAuth degradation are indeterminate and never grant writes (1.5291ms)
✔ refresh blocks writes synchronously, consumes revocation cleanup, and permits explicit recovery (2.4205ms)
✔ an established identity survives degraded verification but loses access until retry succeeds (23.427ms)
✔ 401/403 revoke console access while transient transport failures remain retryable and sanitized (1.6586ms)
✔ concurrent refreshes share one check and unchanged identity does not invalidate it (1.0229ms)
✔ user, subject and epoch changes abort the old check and refuse late responses (5.799ms)
✔ new authorization waits for old cleanup to finish, including overlapping identity changes (0.7421ms)
✔ a failed old-identity cleanup cannot be hidden by successful new-identity cleanup (0.5205ms)
✔ cancel settles an ignored-abort check promptly and allows a new explicit check (4.5961ms)
✔ cancellation during cleanup cannot call authCheck or regain authority when cleanup completes (0.9151ms)
✔ clear and local logout remove identity and cannot be reversed by a late verified response (1.836ms)
✔ dispose is terminal, revokes verified access, and cannot restart through a stale provider (1.4177ms)
✔ subscription cleanup and immutable snapshots protect the caller-supplied association (0.5527ms)
✔ invalid identity input revokes a previous grant instead of preserving privileged state (0.5462ms)
✔ clear supports StrictMode setup-cleanup-setup without reusing an aborted grant (2.3619ms)
✔ failed cleanup survives clear and must succeed before a reused controller can grant a new identity (1.5332ms)
✔ public Cookie transport preserves the server-verified subject and never fabricates caller metadata (47.3563ms)
✔ public Cookie transport cannot grant console access for another subject or an old server without proof (1.1555ms)
✔ public transport cancellation prevents a late server response from restoring console access (1.7623ms)
✔ 403 closes dashboard across Console access-version and portal-epoch rechecks (2.3441ms)
✔ dashboard reads only same-origin safe stats and config overview using Cookie transport (93.5019ms)
✔ strict recent summary rejects upstream errors, request content and invalid UTC timestamps (4.5544ms)
✔ stats or config permission denial rejects the entire dashboard (2.9753ms)
✔ unsupported billing currency blocks all cost-bearing dashboard data (1.3579ms)
✔ invalid billing currency fallback does not label cost as USD (0.8848ms)
✔ known USD fallback remains explicit when no currency row exists (1.4816ms)
✔ all dashboard message dictionaries share complete keys (0.332ms)
✔ custom inputs are exact UTC minutes and paths use server UTC SQL boundaries (5.6136ms)
✔ invalid dates, reversed and over-180-day custom windows never reach stats (0.9934ms)
✔ default custom inputs are UTC and exactly one day (0.2223ms)
✔ list includes unconfigured route targets, projects labels and sends only same-origin Cookie context (56.9921ms)
✔ legacy stored retention and long HTTPS evidence remain readable while new retention is capped (5.0096ms)
✔ audit accepts nullable historical target and projects only known version 2 snapshots (11.7177ms)
✔ PUT sends only canonical fields, does not cache blank JOIN labels, and rejects bad input before dispatch (19.7138ms)
✔ permission, missing route, conflict and service failures preserve status without leaking backend messages (47.054ms)
✔ caller cancellation and timeouts are terminal, including late injected responses (35.0609ms)
✔ missing or partial policy read-set and fresh identity drift issue no business writes (3.8078ms)
✔ lost or semantically different ACK leaves a durable generation across refresh; safe GET never clears it (15.4624ms)
✔ listing requires an explicit writable capability while legacy reads remain available (5.1154ms)
✔ only unknown HTTP write outcomes need authority reconciliation (1.1553ms)
✔ permission errors demand explicit verification and never expose server text (0.1782ms)
✔ unconfigured policy can be represented without pretending verification (1.6088ms)
✔ retention accepts zero and 36500, rejects fractional and out-of-range values (0.7819ms)
✔ evidence must use HTTPS without URL credentials (0.1771ms)
✔ verified requires evidence and a future expiry (11.8238ms)
✔ invalid local calendar time is rejected (0.4087ms)
✔ accepts a typed status and strips control characters from search (2.218ms)
✔ rejects malformed direct-link search parameters (0.2515ms)
✔ bounds long query strings (0.2648ms)
✔ effective status, not stored status, controls verified filters and summary (7.0035ms)
✔ unconfigured targets remain in the list and searchable (0.2349ms)
✔ a write remains locked until both authoritative reads succeed (0.9474ms)
✔ late read cannot settle a different or unmounted identity (0.1747ms)
✔ Data Policies messages cover every locale with matching placeholders (2.5869ms)
✔ manual review checks identity before and after one uncached observation and requires both explicit confirmations (2.5794ms)
✔ observation failure, changed identity or cancellation cannot authorize an unknown unlock (2.8387ms)
✔ the actual application i18next runtime resolves shared domain messages in every locale (731.689ms)
✔ each dispatch performs two fresh identity reads, emits canonical subject and calls marker immediately before the single write (70.846ms)
✔ missing marker, storage failure, changed subject/user association and revoked admin issue zero business writes (6.6568ms)
✔ lost, malformed, wrong ID/operation/domain acknowledgements remain unknown and never retry a mutation (9.514ms)
✔ definitive HTTP rejections stay distinct from 5xx, invalid bodies and ignored aborts (3.8905ms)
✔ typed model policy conflicts retain the public code while private database text is removed (3.3393ms)
✔ provider native JSON uses exact response-header acknowledgement without changing upstream resource fields (3.0491ms)
✔ read subject headers remain scoped, and plain reads never dispatch or infer a write outcome (1.098ms)
✔ markers contain only version/generation/domain/operation and cannot evict unresolved identities (9.9678ms)
✔ revalidation epoch changes do not clear locks; other domain, user or subject cannot inherit them (0.3706ms)
✔ a second writer cannot replace an unresolved generation and a stale acknowledgement cannot clear a new generation (0.6904ms)
✔ storage read/set/readback/remove/readback failures remain locked and block dispatch (0.5749ms)
✔ malformed marker is locked and cannot be manually acknowledged as another operation (0.3556ms)
✔ subscribers share changes across views and cleanup leaves no stale listener (0.2807ms)
✔ a successful remove followed by failed readback restores the old marker across a reload (0.3867ms)
✔ list encodes exact filters and never forwards account scope options or credentials (42.736ms)
✔ endpoint DTO and dropdowns whitelist fields before caching (3.3259ms)
✔ mismatched collection count, duplicate identity, filter or detail fails closed (3.9434ms)
✔ create normalizes ids and defaults draft; direct publication and unknown fields are rejected locally (9.1243ms)
✔ partial PATCH keeps absent fields absent and status-only verification is explicit (4.2324ms)
✔ full USD pricing preserves all documented decimal and discount fields (1.1306ms)
✔ audio request evidence cannot silently imply voice cloning, and image provider matches (2.2412ms)
✔ route links are individually encoded and dot segments are refused (11.4612ms)
✔ bootstrap keeps individual published, skipped and partial failure outcomes and counts (11.8793ms)
✔ 401/403/409/503 preserve status but scrub unsafe errors and never retry mutations (3.9492ms)
✔ abort before request and late cancellation cannot return another console epoch data (1.2304ms)
✔ search state rejects unsupported filters, control bytes and oversized IDs (0.4355ms)
✔ unchanged verified evidence with nullable class produces no destructive patch (22.1781ms)
✔ editing a single image enum value preserves other values and evidence (0.7888ms)
✔ create remains draft-only and field errors never publish implicitly (4.7736ms)
✔ valid audio meters and speech evidence survive an unchanged edit (3.0376ms)
✔ only a failure from the current endpoint console epoch is observed (9.7577ms)
✔ transient read failures do not classify as revocation or discard known rows (1.5157ms)
✔ endpoints unknown generation survives a new API/framework/recheck and is isolated from another identity/domain (4.4249ms)
✔ endpoints unavailable storage rejects dispatch instead of falling back to an evictable memory lock (0.3594ms)
✔ all endpoint languages have the same nonempty keys and interpolation variables (7.1036ms)
✔ URL filters reach the first request exactly; explicit invalid filters never widen to a global read (3.9868ms)
✔ list projects only public columns and validated summary, canonicalizes UTC and uses same-origin no-store (32.5561ms)
✔ malformed, unbounded or secret-bearing metadata summaries fail closed before Query receives a row (6.9858ms)
✔ legacy short values or full ordinary-read secrets and unsafe public rows fail closed (11.9565ms)
✔ list rejects duplicate IDs, false totals, wrong pages, wrong owners and missing capabilities (3.7537ms)
✔ explicit edit fetch keeps raw metadata local and verifies ID and ownership (5.5175ms)
✔ unavailable metadata cannot be supplied raw; malformed raw cannot become an editable detail (16.4026ms)
✔ cancelled late detail and secret responses cannot populate local editor state (4.574ms)
✔ existing-user creation confirms personal workspace and returns the full secret only through a validated callback (2.2448ms)
✔ external creation sends only its identity mode and confirms the resolved pair, including an existing owner email (1.849ms)
✔ PATCH carries opaque expected revision and strips raw response data; mismatched success remains unknown (6.0026ms)
✔ revision conflict is surfaced once without retry or secret-bearing backend errors (0.5855ms)
✔ tombstone uses DELETE JSON conditional identity, confirms revoked and retains public row identity (1.2384ms)
✔ metadata edits preserve unchanged bytes and distinguish explicit merge, replacement, and clear (1.1095ms)
✔ metadata rejects scalar, pollution, depth, nonfinite, excessive fields and UTF-8 over-limit input (1.485ms)
✔ unknown write remains a non-secret principal lock across reload and epoch, independent of other subjects (4.1064ms)
✔ storage read/write/removal failure fails closed and cannot dispatch or erase a pending marker (0.6066ms)
✔ unknown outcomes retain locks while definitive client/server rejection and local validation can settle (0.3091ms)
✔ Guardrails denial is independently bounded and does not revoke Keys read/write authority (0.363ms)
✔ Guardrail summaries strip raw configs and use same-origin Console Cookie only (55.1261ms)
✔ Guardrail version summaries bind to ID and discard config content (5.6648ms)
✔ assignments must belong to the requested guardrail and workspace (3.9034ms)
✔ status and designation send only narrowed writes and verify result identity (30.0058ms)
✔ bind verifies target and conditional unbind carries expected Guardrail ID (29.738ms)
✔ an aborted dispatched write rejects a late legal ACK and retains its generation (2.9756ms)
✔ committed 503 write remains unknown and SDK does not replay it (1.3775ms)
✔ fresh Console and Portal association failures prevent dispatch and replay (3.3383ms)
✔ missing or mismatched bind ACK leaves the exact generation durable without replay (7.6123ms)
✔ conditional unbind is acknowledged for the exact resource even when another assignment won (3.0897ms)
✔ successful summary GET and two fresh reviews never implicitly clear a durable unknown generation (2.4798ms)
✔ known rejections are definitive; uncertain writes require explicit recovery (1.1566ms)
✔ preview refuses an unbound Console read before request dispatch (5.7933ms)
✔ Admin preview sends exact same-origin Cookie query and strips unknown config from every layer (119.7142ms)
✔ only a typed HTTP 409 is a displayable conflict; server message is discarded (10.0137ms)
✔ Admin preview rejects foreign scope, invalid currency, unsafe input and sanitized HTTP failure (39.0156ms)
✔ abort remains authoritative if an injected request ignores its signal (0.939ms)
✔ four-language Admin preview form and rich evidence render currencies, trace and planner limits (189.3292ms)
✔ Console access and navigation copy is complete and localized in all four languages (4.5696ms)
✔ route policy PATCH requires the original exact baseline before dispatch and preserves NULL/whitespace without normalizing expected bytes (60.9507ms)
✔ list uses real same-origin Cookie transport, discards private columns, and preserves multimodal LLM classification (8.7077ms)
✔ legacy missing/invalid pricing does not hide other models, and rerank/image/audio nullable limits are supported (1.7343ms)
✔ list rejects inconsistent counts, duplicate identities and impossible active route counts (2.2937ms)
✔ detail encodes the exact model id and rejects a different returned model (1.7596ms)
✔ empty model context keeps the authoritative current currency while missing metadata fails closed (1.2664ms)
✔ catalog preserves server CNY branch and summaries without inventing full pricing or supplier linkage (2.7716ms)
✔ create validates requested identity; PATCH and cascade DELETE return void and perform no supplier operations (16.5976ms)
✔ partial import validates every outcome, records actual currency, never overwrites existing rows, and strips failure text (13.2168ms)
✔ authorization, conflict and transient failures retain their status, sanitize errors and never replay a write (6.1764ms)
✔ business rejection and malformed successful JSON never become a successful write (3.3193ms)
✔ cancellation refuses late successful data even when fetch ignores AbortSignal (0.7854ms)
✔ timeout refuses an unconfirmed write without retrying or exposing response details (31.8849ms)
✔ model pricing preserves token/cache and image-token per-million values without relabeling currency (1.2496ms)
✔ per-image pricing preserves output maps, input reference pricing and uncertain-result policy (1.5683ms)
✔ audio retains second, token and character units and billing minimums without conversion (0.4913ms)
✔ legacy image blocks do not silently become per-image billing; missing or invalid profiles remain explicit (0.203ms)
✔ catalog requires its actual billing branch even for an empty collection (2.4746ms)
✔ model list and detail require current gateway currency independent of the import branch (4.1466ms)
✔ create preserves server defaults instead of inventing context/max limits or supplier routes (5.1372ms)
✔ image/audio models preserve null token limits and all supported input/output modalities (1.682ms)
✔ PATCH omission, zero and explicit clearing remain distinct and cannot rename model identity (1.762ms)
✔ pricing input matches server per-image canonicalization and rejects conflicting image dimensions (3.7952ms)
✔ pricing uses Core finite token/cache parsing rather than inventing a stricter legacy billing policy (0.3765ms)
✔ release dates and metadata validate exact endpoint selectors while preserving unrelated operator metadata (0.874ms)
✔ route policy uses the exact Core capability alias normalizer and stays PATCH-only (0.7514ms)
✔ import selection requires valid nonempty identities and deduplicates without changing request order (0.9979ms)
✔ Models URL filters survive direct navigation while malformed and private fields are ignored (4.9096ms)
✔ a complete model edit deep link retains the exact identity and independent filters (1.2319ms)
✔ four model locales contain complete natural text and the same interpolation variables (3.4722ms)
✔ editing metadata preserves exact legacy, missing and invalid prices and policy until explicit replacement (11.3225ms)
✔ tier editing retains finite terminal boundaries and every cache/image unit without conversions (1.8805ms)
✔ blank optional prices stay omitted, explicit zero persists and the Core legacy text/cache policy is retained (0.3408ms)
✔ per-image replacement round-trips output/reference maps and zero policy in exact image units (0.8454ms)
✔ audio second, character and token profiles retain exact units, minimums and zero values (1.2979ms)
✔ clear is distinct from keep, and a new model cannot be created without prices (2.1509ms)
✔ metadata replacement validates an exact endpoint selector without dropping unrelated fields (1.951ms)
✔ advanced profiles, PATCH-only policy, invalid dates and limits use actual server validation (6.2865ms)
✔ filters preserve source order and distinguish no routes from disabled linked routes (0.8295ms)
✔ rendered token preview keeps zero text and nonzero image prices visible without inventing a currency (38.6807ms)
✔ rendered image, second and character previews retain the actual dimensions rather than token conversions (8.4782ms)
✔ pricing failure and card units are translated in all four locales without untranslated keys (10.3972ms)
✔ shorter, unrelated, checking and old identity queries cannot revoke the current model domain (5.5309ms)
✔ cancel and remove prevent a transport that ignores abort from restoring an old console cache (1.2271ms)
✔ read degradation retains the previous projection for recovery without treating 503 as identity revocation (1.0219ms)
✔ unknown writes require reconciliation while authorization, validation and resource conflicts are distinct (0.4541ms)
✔ models unknown generation survives a new API/framework/recheck and is isolated from another identity/domain (4.3437ms)
✔ models unavailable storage rejects dispatch instead of falling back to an evictable memory lock (0.3926ms)
✔ disposing before a late microphone permission stops acquired tracks and suppresses all late callbacks (37.0706ms)
✔ a file read resolving after disposal cannot send frames or restart its timer (3.1704ms)
✔ transport errors force close immediately and cannot report a second close as completion (0.5555ms)
▶ requestDeclaresTools
  ✔ detects tools arrays and ignores Hello bodies (0.8881ms)
✔ requestDeclaresTools (2.0923ms)
▶ observePlaygroundResponse
  ✔ returns no tags for empty raw or dashscope (1.2925ms)
  ✔ Chat SSE: body deltas, stop, and no no_tool without declared tools (1.3398ms)
  ✔ Chat SSE: incremental tool args and no_tool only when request declared tools (0.5597ms)
  ✔ Chat JSON: tool called without incremental/bulk, plus reasoning (0.3658ms)
  ✔ Responses SSE: reuses incremental verdict and body delta count (0.3483ms)
  ✔ Responses JSON: function_call is tool, Hello without tools omits no_tool (0.3272ms)
  ✔ Anthropic SSE: text deltas, thinking, incremental tool json, stop_reason (0.464ms)
  ✔ Anthropic JSON: tool_use and MAX_TOKENS warning (0.2057ms)
  ✔ Gemini SSE: body chunks, thought part, bulk functionCall, STOP (1.3148ms)
  ✔ Gemini SSE: partialArgs fragments are incremental, not bulk (0.3777ms)
  ✔ Gemini JSON: MAX_TOKENS warning and tool without stream verdict (0.2192ms)
✔ observePlaygroundResponse (7.4829ms)
▶ playground samples
  ✔ routes every family/sample to a registered JSON body (2.1067ms)
  ✔ resolves Claude 4.7 and DeepSeek to vendor-specific ids (0.1668ms)
✔ playground samples (3.2337ms)
▶ summarizeResponsesSseEvents
  ✔ returns null for empty or Chat Completions SSE (1.5766ms)
  ✔ marks incremental when several short function_call_arguments.delta events arrive (0.5393ms)
  ✔ marks bulk when arguments arrive in one delta or only on done (0.2488ms)
  ✔ marks no_tool when only text deltas are present (0.2151ms)
✔ summarizeResponsesSseEvents (4.2929ms)
✔ OpenAI Responses usage in completed response is displayed from its nested envelope (1.6351ms)
✔ NDJSON usage accepts JSON lines and DashScope task payloads without pretending to be SSE (0.2956ms)
✔ NDJSON deltas retain readable text for OpenAI, Anthropic and Gemini (0.8126ms)
✔ Admin context uses no-store same-origin and a canonical Console subject; safe DTO strips unknown fields (38.9668ms)
✔ Tools preview omits uploadManifest; route preview describes files without uploading bytes (4.244ms)
✔ multipart preserves repeated image bytes, body and operation, without data URL conversion (1.2459ms)
✔ upstream 401 is a local diagnostic result, while Console 403 is an access error and never retried (5.5213ms)
✔ pre-cancelled requests never call transport; late fetch response is cancelled without invoking callbacks (26.305ms)
✔ headers cancellation releases stalled reader and preserves only the true partial response (2.6273ms)
✔ binary speech remains a Blob rather than a fabricated JSON success (1.3185ms)
✔ explicit routes mode wins over its default tool field; legacy tool deep link stays supported (7.5902ms)
✔ context schema strips provider secrets and accepts missing currency without inventing USD (15.5427ms)
✔ dirty comparison preserves whitespace inside user prompt strings (0.192ms)
✔ inactive route remains executable while unsupported operations do not silently become Chat (1.0684ms)
✔ image upload validates runtime total independently of per-file size; preview allows missing images (1.055ms)
✔ audio HTTP, async and realtime templates remain distinct; Node realtime is truthful (1.5382ms)
✔ tool requests cannot upload files; all four engine families retain raw envelope behavior (0.7425ms)
✔ reasoning and body merge correctly for all four upstream protocols (0.7297ms)
✔ new run revokes old generation before transport disposal; stale completion cannot close the new run (0.5749ms)
✔ WS subject is canonical subprotocol metadata rather than URL content (0.4775ms)
✔ all four message namespaces retain identical legacy keys and i18next interpolation (1.1466ms)
✔ DashScope synchronous ASR validates encoded data URL size while native OpenAI retains its binary limit (0.628ms)
✔ legacy policy URL preserves ambiguous parameters and uses the same canonical Web filters (2.1289ms)
✔ actual legacy policy resource tree resolves all policy/recovery/preview namespaces: en (10.3211ms)
✔ actual legacy policy resource tree resolves all policy/recovery/preview namespaces: zh (0.7665ms)
✔ actual legacy policy resource tree resolves all policy/recovery/preview namespaces: ja (2.8437ms)
✔ actual legacy policy resource tree resolves all policy/recovery/preview namespaces: ko (0.6214ms)
✔ the actual Web i18next registration resolves every policy domain and preview in all four languages (506.9282ms)
✔ summary list strips legacy prompt/config and uses same-origin Cookie transport only (49.0144ms)
✔ summary list rejects wrong counts, duplicate IDs and invalid versions (4.6944ms)
✔ version summaries bind to requested preset and discard legacy version content (4.8974ms)
✔ PATCH sends only normalized metadata to the explicit summary view (14.4188ms)
✔ writes reject unconfirmed identities or versions without replaying the request (18.3781ms)
✔ designation sends one numeric version and handles a committed 503 as unknown outcome (5.0377ms)
✔ each Preset write verifies the same subject and portal user immediately before dispatch (11.1516ms)
✔ bound reads carry the raw Console subject and writes reject a changed row scope (9.7183ms)
✔ a missing ACK survives new SDK/store instances and GET200 until two fresh reviews and generation CAS (5.4793ms)
✔ storage failure prevents the Preset dispatch after fresh identity checks (1.1047ms)
✔ an aborted Preset owner cannot consume a delayed legal ACK or clear its persisted generation (1.8857ms)
✔ provider list projects only masked DTO fields and has no account/workspace request scope (47.1246ms)
✔ unsafe or corrupt endpoints disable only that field while other rows and CRUD remain available (9.5064ms)
✔ ignored endpoint fields are not retained as raw JSON in a masked DTO (0.5239ms)
✔ full plaintext or service-account JSON cannot enter the normal masked provider list (2.6045ms)
✔ count, duplicate identity, status and impossible route counts are checked (1.4317ms)
✔ detail validates returned identity and URL-encodes IDs without a new ownership model (1.3854ms)
✔ create uses exact supported fields and returns only the new identity (4.7762ms)
✔ shared-channel create may omit provider key while ordinary create fails before a request (1.7862ms)
✔ PATCH distinguishes omitted, undefined and explicit null endpoints and blank key means unchanged (8.8449ms)
✔ explicitly entered credential URL keeps Core write semantics but is never reflected into cached DTO (1.0257ms)
✔ clone is disabled, preserves safe configuration, and requires a new credential instead of copying mask (2.199ms)
✔ clone cannot silently clear redacted endpoints; explicit replacement or clearing is required (1.3698ms)
✔ catalog returns real index keys, four protocols and no secret columns (1.4251ms)
✔ partial import preserves all counts, managed-template skips and failure IDs with safe error text (1.9299ms)
✔ invalid import outcomes reject unknown IDs, duplicates, count mismatch and nonzero updated (2.4175ms)
✔ reveal is an explicit separate path and never enriches the normal list response (0.7617ms)
✔ DashScope keeps official JSON unchanged on send and preserves all legal response diagnostics (4.7204ms)
✔ DashScope explicitly marks only credential fields or known secret echoes without dropping legitimate keys (1.3231ms)
✔ malformed native JSON fails safely and illegal request JSON never reaches the transport (1.5455ms)
✔ 401/403/409/5xx errors retain their status and never retry or retain credential echo (1.4527ms)
✔ abort is forwarded and remains authoritative before send and after an ignoring transport settles (0.5754ms)
✔ permission contract keeps reveal separate from list/read and writes (0.135ms)
✔ browser endpoint normalization matches the real Core contract including all protocols and legacy Gemini actions (3.2338ms)
✔ declared provider operations match actual server permissions, including DashScope write and distinct reveal (0.5265ms)
✔ provider deep links retain valid search and protocol filters (4.3075ms)
✔ untrusted URL values fall back without passing unexpected fields into the page (1.6226ms)
✔ provider locales have complete messages and preserve interpolation variables in natural order (5.213ms)
✔ preview and search preserve safe protocol, capability and custom target URLs (3.5368ms)
✔ unavailable and malformed endpoints cannot leak through a preview or search (0.2589ms)
✔ even a forged available state cannot expose endpoint credential values (0.4113ms)
✔ all supported protocol capability URLs survive form editing including dotted paths (3.9883ms)
✔ editing other settings preserves unavailable endpoint configuration and blank credentials (10.866ms)
✔ explicit replacement and clearing are distinct from preserving endpoints (1.5015ms)
✔ cloning starts disabled with no copied credential or source ID and requires endpoint repair (0.9856ms)
✔ shared injection is a supported credential-free create path while empty manual keys are rejected (0.5511ms)
✔ invalid IDs, URL templates and protocols fail before write submission (1.0758ms)
✔ safe filters keep malformed/redacted rows manageable and distinguish pending from disabled (17.0294ms)
✔ unrelated shorter cache keys and other console epochs cannot revoke this provider domain (6.2996ms)
✔ transient read failures preserve known masked rows for recovery and are not identity revocation (1.2338ms)
✔ authentication failure, invalid DTO and resource conflict have separate recovery semantics (0.2289ms)
✔ 403 locks each read domain once across Console epoch changes until explicit retry (0.9334ms)
✔ reliability uses only same-origin Cookie reads and validates UTC range (72.0944ms)
✔ DTO projection strips accidentally exposed request and config secrets before query cache (3.9317ms)
✔ unverified currency is hidden independently of timezone and analytics (3.0837ms)
✔ config permission failure does not invalidate independent analytics read (3.0642ms)
✔ malformed required aggregate or recent timestamp fails closed (2.2396ms)
✔ five rolling presets use fixed elapsed durations and injected now (5.579ms)
✔ today, Monday week, and month start use the configured business zone (33.6328ms)
✔ business calendar windows reflect the 23-hour and 25-hour DST days (6.1181ms)
✔ custom datetime-local uses business zone rather than browser-local time (4.4998ms)
✔ DST gaps and repeated wall times are rejected rather than shifted or guessed (11.5988ms)
✔ custom range rejects reversal, equality, malformed values and server-clamped duration (24.6843ms)
✔ unconfirmed or invalid timezone and invalid clock fail closed (0.6859ms)
✔ logs.read fetch projects extras and verifies server page without persistence headers (37.0904ms)
✔ separate catalog permissions do not gate logs.read and malformed pages fail closed (4.5339ms)
✔ catalog 403 locks stay bounded per principal and clear only on explicit retry (0.2274ms)
✔ request log DTO strips extra DB fields, accepts decimal costs and strict SQL UTC (12.6371ms)
✔ request-log deep links preserve exact filters, page and one-sided dates (3.0863ms)
✔ raw field rendering and copying share a plain-text redacted projection (2.0884ms)
✔ route, trace and multimodal usage match log semantics (2.1257ms)
✔ request target is an independently validated ID and never changes list filtering or gateway-key identity (5.7656ms)
✔ exact request GET projects raw bodies, errors, usage and fingerprint away before any page state (33.0603ms)
✔ request detail rejects wrong ownership, invalid numbers/dates and never requests invalid IDs (5.4748ms)
✔ request detail retains status-only failures and discards responses arriving after cancellation (1.7818ms)
✔ route UI has complete four-language keys and interpolation sets (5.494ms)
✔ route groups project the real pool and surface, without merging different targets (2.4726ms)
✔ URL aliases normalize to canonical fields without contradictory or duplicate filters (0.5064ms)
✔ editing only priority does not move a target or rewrite retained pricing/custom fields (0.8786ms)
✔ existing non-topology fields stay manageable with unknown provider capability, new/clone/moves require verification (0.3829ms)
✔ topology change includes exact request surface and a compatible adapter (2.2352ms)
✔ ambiguous old surface cannot be guessed during a topology edit (0.5304ms)
✔ target choices must belong to verified model and provider catalogs (0.308ms)
✔ price schedule edit normalizes legacy multiplier while retaining other legal fields (2.3551ms)
✔ overlapping periods and invalid weekday or factor cannot be written (0.8686ms)
✔ model rule edit preserves unrelated rules and refuses malformed stored policy (1.156ms)
✔ preflight policy errors release the write lock, while uncertain network/server outcomes retain it (2.9545ms)
✔ request operations constrain image, embeddings, rerank, ASR, TTS and text modalities (4.3136ms)
✔ capability discovery fails closed for absent/redacted config and requires the complete async lifecycle (1.3335ms)
✔ five presets preserve identity/pricing/custom fields and require both model and provider capabilities (1.3044ms)
✔ dependent choices reconcile together when model/provider modality changes (0.5974ms)
✔ unrouted models remain visible for model/kind/vendor/search but disappear for target-specific filters (20.7278ms)
✔ effective strategy applies tier→pool→operation→protocol→model→global→default precedence (0.9356ms)
✔ priority layers are descending and preserve all target operations in each layer (0.3262ms)
✔ pricing respects schedule mode/timezone and never presents malformed history as valid (17.7322ms)
✔ routes unknown generation survives a new API/framework/recheck and is isolated from another identity/domain (6.1086ms)
✔ routes unavailable storage rejects dispatch instead of falling back to an evictable memory lock (0.6169ms)
✔ route list is same-origin Cookie only, validates filters/count and projects JOIN fields (64.4473ms)
✔ detail accepts table projection without JOIN fields and rejects another route (6.5103ms)
✔ route context uses exact dual-gated metadata endpoint and preserves configured EUR/IANA timezone (40.4559ms)
✔ create carries only canonical route fields and validates new-row identity (24.9006ms)
✔ status-only update preserves partial PATCH and topology requires explicit surface (23.1929ms)
✔ pool policy, sticky summary/lookup/clear/reset use exact paths and typed outcomes (26.024ms)
✔ 401/403 and malformed sticky responses fail closed without leaking server messages (1.566ms)
✔ sticky refresh preference preserves legacy values but bounds forged timers (0.8049ms)
✔ summary scheduler bounds concurrency and drops queued aborts without an API call (3.1717ms)
✔ legacy bridge preserves duplicate input for Web validators instead of choosing a value (7.7532ms)
✔ old provider/group links become canonical and conflicts remain explicitly invalid (6.1481ms)
✔ valid literal all IDs and query text survive serialization while defaults are omitted (3.7241ms)
✔ consuming a Models edit link preserves filters, unrelated parameters and their duplicates (0.3337ms)
✔ trusted audit actor is a bounded display field rather than a URL identifier (36.4759ms)
✔ audit raw actor bounds preserve full Console attribution while API-key actors remain limited to 600 (10.3478ms)
✔ credential redaction cannot turn an oversized raw audit actor into accepted evidence (5.5959ms)
✔ audit reason keeps its raw 600-character and control-character bounds before redaction (0.4986ms)
✔ audit reads exact key and opaque cursor, strips unrelated fields, and keeps deleted-key evidence (1.3662ms)
✔ audit binds every entry to the target and rejects duplicate, malformed and repeated pages (3.4682ms)
✔ audit never expands a bad key/cursor into an unbound read and rejects late canceled results (1.044ms)
✔ audit preserves microseconds, exact descending boundaries and canonical key-bound next cursors (1.7222ms)
✔ bad audit order, crossed boundaries, false next rows and incomplete cursor evidence are rejected (3.8733ms)
✔ incoming audit cursor must be canonical UTF-8 JSON and bound to the exact key before dispatch (2.0663ms)
✔ audit snapshots must match the exact change mask, stable validation flag and changed profile revision (0.5884ms)
✔ earnings discovery uses bounded UTC query-only POST and strips secrets without claiming compensation (41.7371ms)
✔ review application accepts typed evidence/incomplete 409 only and never implies crediting (4.0211ms)
✔ review rejects contradictory range, scan counts, candidate IDs, money effects and malformed 2xx (10.8467ms)
✔ invalid discovery inputs dispatch nothing and late canceled review results are discarded (1.4118ms)
✔ overview honors server page-bound hasMore across separately observed count and short pages (41.1321ms)
✔ reference currency accepts any configured code and cannot label missing or invalid legacy prices (8.383ms)
✔ applied mutations require a real lowercase UUID audit acknowledgment; malformed success stays unknown (15.2231ms)
✔ initial filters use the approved overview path; invalid explicit filters never broaden a request (2.7001ms)
✔ ordinary overview strips raw secrets, fingerprints and failures and keeps historical price currency separate (1.4835ms)
✔ bad mask, raw failure enum, money, date, capabilities or pagination cannot enter the safe list (13.9649ms)
✔ explicit detail verifies exact key, seller and channel and ignores aborted late reads (6.3501ms)
✔ priority and weight edits require real reason, confirmation and revision and never write on blur (3.7931ms)
✔ disable and restore only use reviewed safe state transitions; active is never accepted (0.8308ms)
✔ known state/history conflicts retain only safe codes, and malformed success remains unconfirmed (3.1567ms)
✔ delete carries revision and audit reason in JSON and a no-op acknowledgment never invents an audit (6.3976ms)
✔ manual governance reads uncached exact-ID evidence, acknowledges uncertainty, and never replays a write (49.442ms)
✔ absent exact key plus safe empty audit permits only a fresh review, and never claims the old delete succeeded (4.658ms)
✔ detail, audit, capability and malformed evidence failures cannot unlock a marker (19.7668ms)
✔ overview read denial is distinct from a revoked write capability for page cleanup (2.18ms)
✔ subject mismatch before inspection sends no evidence request and mismatch at acknowledgment leaves persistence untouched (3.694ms)
✔ capability loss or malformed recheck at acknowledgment retains the captured safety marker (12.6377ms)
✔ cancelled late inspection and acknowledgement cannot reveal evidence or clear persistence (5.9352ms)
✔ a newer generation cannot be cleared by old inspected evidence after reauthentication (2.625ms)
✔ review recovery discovers only the captured UTC range and never repeats the original apply request (5.2496ms)
✔ review malformed discovery, denied read, or revoked review capability cannot clear an unknown apply marker (4.0906ms)
✔ governance and review unknown results retain separate non-secret principal locks across reload and epoch (7.7507ms)
✔ unreadable or unwritable persistence forbids dispatch; removal failure preserves the marker (3.1404ms)
✔ only confirmed results or definitive rejection settle; cancelled, malformed and server failures remain unknown (0.3152ms)
✔ review and audit denials are bounded and independent from shared-key read and governance write (0.3199ms)
✔ legacy values, malformed v2 markers and inconsistent journals never become ready or silently migrate (1.2765ms)
✔ new generations supersede cleared receipts and late settlement cannot clear or rewrite them (0.8968ms)
✔ ignored initial writes cannot dispatch and a partially persisted new generation stays locked after reload (0.62ms)
✔ remove success followed by read failure retains a durable clearing journal across reload until a fresh human review (0.8395ms)
✔ ignored clearing or terminal writes and failed removal preserve non-secret recovery evidence (2.3723ms)
✔ a persisted terminal receipt allows only a new review after successful reload reads, despite its earlier readback error (0.8722ms)
✔ cleared receipts cannot authorize a new pending generation and mismatched clearing journals are not erased (0.9357ms)
✔ success followed by read faults at either pending persistence step leaves a durable fail-closed generation (0.6047ms)
✔ clearing persistence faults and ignored removal never permit ready after reload (1.3083ms)
✔ every governance and review POST reads fresh exact Console identity then sends one canonical subject header (129.532ms)
✔ missing, unverified, other-principal and changed-subject preflight responses dispatch zero protected operations (14.8692ms)
✔ no expected subject fails locally, and cancellation during fresh auth never dispatches a late protected operation (2.734ms)
✔ server Cookie-to-subject rejection stays a definite sanitized refusal after preflight, and preflight failures retain no raw error (11.1959ms)
✔ directory uses legal 100-row paging and exact email query without any secret (61.0852ms)
✔ directory rejects inconsistent server page and duplicate immutable IDs (11.3282ms)
✔ secret verification fresh-checks exact subject and sends one canonical header, with only the immutable ID in URL (4.5688ms)
✔ masked, redacted and malformed secrets never produce a request (1.0408ms)
✔ changed or non-Console subject fails before the secret verification POST (7.5382ms)
✔ matching secret still requires exact returned id, owner, workspace and verified flag (4.7791ms)
✔ untrusted error bodies cannot retain an echoed secret in the thrown error (1.7593ms)
✔ abort after fresh identity prevents disclosure to the verification endpoint (1.688ms)
✔ safe context validates array modalities and surfaces and strips unexpected provider credentials/config (16.5155ms)
✔ active public surfaces bound protocols, operation buttons and matching candidate routes by group (14.6076ms)
✔ legacy empty public surfaces retain a consistent upstream-protocol fallback (2.7467ms)
✔ OpenAI Chat/Responses and Anthropic requests overwrite selected routing model; Gemini changes path and SSE query (3.1589ms)
✔ image edits and transcription uploads produce multipart with real files and no synthetic Content-Type (24.1049ms)
✔ DashScope multimodal ASR uses HTTP while each realtime lifecycle uses an authenticated WS path (1.9937ms)
✔ all four tools use their registered true Proxy endpoint and template with no model override (0.6096ms)
✔ request-body edits survive LLM model/group/Gemini URL changes, while wire-format changes reset templates (0.3451ms)
✔ safe audio operation preserves Core speech/transcription profile fallbacks without exposing pricing profiles (0.9463ms)
✔ Proxy URLs reject credential-bearing URLs, query/fragment and unsupported schemes for both HTTP and WS builders (9.1978ms)
✔ response reasoning/body/usage and log links derive from the actual immutable send snapshot (1.2987ms)
✔ image previews cannot activate javascript/SVG or credential-bearing URLs (0.2548ms)
✔ deep links reject secret/hash material and invalid protocol while accepting immutable safe selection (5.2132ms)
✔ all four language resources contain the same full key tree and every static Screen copy key exists (60.4345ms)
✔ HTTP goes directly to Proxy without cookies, follows no redirects, makes no retry and preserves SSE (43.0676ms)
✔ budget errors remain Proxy business errors without session invalidation or retries (1.7179ms)
✔ network or redirect rejection produces an unknown billed outcome and no retry (0.3431ms)
✔ a Proxy error inside an HTTP 200 SSE stream is a failed request with its raw error preserved (0.9012ms)
✔ Stop immediately cancels the reader and releases a pending read without late progress (2.1647ms)
✔ an echoed secret split across stream chunks never reaches published progress or result (1.3595ms)
✔ successful speech is preserved as audio bytes instead of being decoded as text (5.2618ms)
✔ rejected WebSocket handshake cannot invent an HTTP 101 (2.1163ms)
✔ only actual WebSocket open publishes 101 and every late callback is ignored after Stop (0.7125ms)
✔ run ownership rejects old generations and disposes all resources even if one cleanup throws (1.2782ms)
✔ tool DTO projects private request-log extras, normalizes decimals/SQL UTC and rejects invalid costs (23.3162ms)
✔ tool API enforces page/filter identity and config.read failure cannot block logs.read (46.713ms)
✔ UTC today fallback is a calendar day and not a rolling 24 hours (56.4391ms)
✔ all tools and one tool issue mutually exclusive request-log filters and preserve deep-link time/status (2.5382ms)
✔ query falls back to URL and engine avoids legacy tool model name (0.8291ms)
✔ results and AI detection score/segments remain available without inventing a result count (2.5469ms)
✔ raw text/copy fallback redacts secrets; only http(s) result URLs open (3.4163ms)
✔ hidden currency never leaks profit sign through tone or row color (0.3054ms)
✔ ordinary overview/detail/audit do not fetch or return credential secrets (70.0145ms)
✔ save binds fresh exact Console identity twice, current capabilities and encoded header (26.5237ms)
✔ subject mismatch, Bearer or degraded identity dispatch zero Tools writes (3.6997ms)
✔ current capability revocation and malformed exact target reject before POST (7.5269ms)
✔ cancelled preflight ignores late auth and never posts (1.3092ms)
✔ save malformed mutation UUID and contradictory outcome stay unknown; 409 does not retry (26.7262ms)
✔ reveal is explicit audited POST, local bounded payload and exact family/field/version (22.4818ms)
✔ server error messages containing secrets are discarded, including business 2xx unknown (0.794ms)
✔ reveal capability is independent of configuration write capability (2.6526ms)
✔ raw reveal payload enforces the server UTF16 limit and malformed success remains unknown (9.22ms)
✔ server subject mismatch rejects the Cookie race without reflecting a subject or retrying (5.5506ms)
✔ all four families and ten engines project only safe ordinary state (11.7136ms)
✔ legacy/missing/default and invalid currency do not pretend foreign prices are USD (1.9282ms)
✔ family/provider and required credential sets are bound, not free text (4.2412ms)
✔ opaque version is canonical fixed metadata only and belongs to the exact family (1.3289ms)
✔ price/loss projection and billing units reject unsafe numeric wire data (0.9714ms)
✔ editor preserves keep, requires explicit set/clear, audit reason and loss acknowledgement (6.7758ms)
✔ Tencent editing keeps unavailable setting values without replacing them (0.6511ms)
✔ reason counts code points while credential updates retain their exact UTF16 bound (1.8243ms)
✔ audit raw actor kind bounds apply before redaction and count Unicode code points (25.3651ms)
✔ audit exact family cursor, one-microsecond descending order and last tuple are enforced (2.3778ms)
✔ manual evidence reads exact provider and family audit then a human ack permits only new review (71.4833ms)
✔ 401/403 capability read, false capability, malformed overview or wrong family audit never unlock (18.0859ms)
✔ permission or subject loss during final acknowledgement retains generation (8.8334ms)
✔ cancel late detail or ack auth cannot revive evidence, read audit or clear pending (13.703ms)
✔ captured generation cannot clear a marker changed while reading current evidence (4.6691ms)
✔ journal contains only bounded metadata and persists across hard reload per exact subject (4.0923ms)
✔ legacy, malformed, mismatched journal and unavailable storage fail closed (1.8292ms)
✔ ignored writes never permit dispatch; a retained journal remains locked across reload (0.5111ms)
✔ terminal receipt may allow new review after reload only when both pending markers are empty (0.5859ms)
✔ remove succeeded then read throws leaves durable clearing marker for reload and manual reread (1.5384ms)
✔ ignored clearing or terminal receipt retains unknown across reload (0.7153ms)
✔ old generation settle cannot clear a newer request or replay an old operation (0.7428ms)
✔ successful real SDK review observes between two fresh identity checks and needs explicit generation acknowledgement (46.1586ms)
✔ held observation response leaves the generation locked and blocks another dispatch (5.1051ms)
✔ cancelling held observation rejects even when fetch ignores AbortSignal and retains the generation (3.5056ms)
✔ held second fresh response leaves the generation locked and blocks another dispatch (16.0874ms)
✔ cancelling held second fresh rejects even when fetch ignores AbortSignal and retains the generation (1.5327ms)
✔ fresh check 1 /api/auth/check HTTP 401 cannot authorize clearing or replay (0.732ms)
✔ fresh check 1 /api/auth/check HTTP 403 cannot authorize clearing or replay (0.3895ms)
✔ fresh check 1 /api/user/me HTTP 401 cannot authorize clearing or replay (0.6721ms)
✔ fresh check 1 /api/user/me HTTP 403 cannot authorize clearing or replay (0.6406ms)
✔ fresh check 1 rejects subject drift and retains the original generation (0.8956ms)
✔ fresh check 1 rejects user drift and retains the original generation (0.8588ms)
✔ fresh check 2 /api/auth/check HTTP 401 cannot authorize clearing or replay (1.0438ms)
✔ fresh check 2 /api/auth/check HTTP 403 cannot authorize clearing or replay (1.5478ms)
✔ fresh check 2 /api/user/me HTTP 401 cannot authorize clearing or replay (1.1277ms)
✔ fresh check 2 /api/user/me HTTP 403 cannot authorize clearing or replay (0.9387ms)
✔ fresh check 2 rejects subject drift and retains the original generation (1.0363ms)
✔ fresh check 2 rejects user drift and retains the original generation (1.7663ms)
✔ uncached observation 503 stops before the second fresh check without clearing or replay (1.3928ms)
✔ uncached observation invalid JSON stops before the second fresh check without clearing or replay (1.0305ms)
✔ uncached observation malformed DTO stops before the second fresh check without clearing or replay (1.1481ms)
✔ a new identity cannot acknowledge another identity generation after a successful review (1.2319ms)
✔ a concurrent new generation during the second fresh check survives stale manual acknowledgement (1.4399ms)
✔ detail and PATCH project only whitelisted data and validate stable ID across external-identity edits (48.5047ms)
✔ transition preview projects accounting snapshot and apply pins reviewed reset time and epoch (9.5638ms)
✔ transition apply rejects a mismatched confirmation before retaining a user (1.8622ms)
✔ user, keys, logs, and audits reject cross-user rows before state retention (29.0336ms)
✔ key list never retains a full secret, while POST delivers a one-time secret outside Query cache (2.75ms)
✔ safe overview is independent from user access, rejects unverifiable currency, and strips private config (30.6407ms)
✔ recent pages and model directory retain only projected rows and the exact five-row scope (6.2068ms)
✔ ordinary user key API discards raw metadata before its response can enter Query (1.9972ms)
✔ explicit editor GET returns precise raw JSON uncached and validates key, user and workspace ownership (5.7715ms)
✔ cancelled editor detail and cancelled creation never deliver a late raw value or secret (1.7276ms)
✔ key editor PATCH passes reviewed revision, preserves merge versus replacement, and returns no raw mutation data (3.5614ms)
✔ editor PATCH rejects conflicting ownership, stale revision and invalid tokens without retry (2.2913ms)
✔ unavailable editor metadata permits name-only editing and cannot generate a merge or replacement (2.9815ms)
✔ request history deep link uses immutable user ID across email changes (1.3268ms)
✔ UUID and encoded ext route IDs resolve the same user; malformed IDs fail closed (0.8857ms)
✔ profile-only patch never sends a budget field or resets spending (0.4843ms)
✔ budget patch preserves explicit null, zero, and reset intent (1.2184ms)
✔ invalid datetime and factors are rejected; factors do not alter budget (0.5469ms)
✔ legacy key rows retain only a masked key and metadata count, never raw names or values (16.8124ms)
✔ server summaries discard legacy raw fields and accept an unavailable metadata row without failing the list (7.2569ms)
✔ unsafe, malformed and oversized legacy JSON become unavailable summaries without retaining the value (1.6941ms)
✔ malformed or secret-bearing summaries are rejected before Query state (2.1937ms)
✔ key rows require immutable ownership and reject invalid timestamps before retention (1.0262ms)
✔ a key POST marker survives refresh, isolates principal/user, and contains no secret (1.5151ms)
✔ storage failure prevents POST, and independent permission domains stay bounded (0.2853ms)
✔ denials and uncertain key POST survive portal scope-version revalidation (0.2062ms)
✔ transition input preserves UTC target and explicit accounting policy (3.0436ms)
✔ transition input rejects invalid money and calendar dates (0.4843ms)
✔ uncertain budget transition survives reload and isolates principal and user (1.2197ms)
✔ unavailable persistence prevents a transition marker from being skipped (0.3528ms)
✔ list denial revalidates once across remounts; write denial leaves read access independent (2.2819ms)
✔ list reads only same-origin Console API, strips other user columns, and checks page identity (35.1053ms)
✔ URL filters and sort stay inside the server whitelist (1.197ms)
✔ list errors never become empty results and mismatched or unsafe rows fail closed (10.1661ms)
✔ currency read keeps only the safe projection and distinguishes server fallback from failure (4.5684ms)
✔ create uses a narrow POST body and never adds account workspace or integration credentials (4.7792ms)
✔ unknown POST is never replayed or unlocked by a successful unrelated disabled list (2.8381ms)
✔ create validates external pair, money precision and JSON before sending (11.775ms)
✔ unknown creation remains locked through a new page controller and portal epoch (1.6239ms)
✔ an unrelated filtered or paginated list cannot resolve an unknown POST (0.7817ms)
✔ a definitive POST rejection can release its own marker (0.1958ms)
✔ storage read and write failures fail closed before dispatch (0.3141ms)
✔ failed marker removal retains the lock after a successful but unconfirmed response (0.2271ms)
✔ effective Guardrail conflicts keep validated diagnostic scope without bypassing Cookie transport (40.5399ms)
✔ effective Guardrail diagnostics reject another user, malformed trace and wrong context (7.5931ms)
✔ ordinary Guardrail failures and workspace conflicts never become successful diagnostics (9.6487ms)
✔ Presets use the shared transport and validate ownership even for empty collections (2.1689ms)
✔ withdrawal recovery codes remain allowlisted without retaining arbitrary error payloads (0.9313ms)
✔ Wallet uses same-origin no-store transport and rejects mismatched owner or workspace (6.437ms)
✔ Wallet challenge and signature failures preserve recovery status without retaining echoed secrets (6.8754ms)
✔ Wallet challenge validates the actual signing origin, owner and address before returning a message (22.5328ms)
✔ Withdrawals quote and create preserve USD major amounts, fingerprint and scoped transport (26.8311ms)
✔ Withdrawals validate empty-page identity and never retry an unconfirmed dispatch (4.0878ms)
✔ browser identity requests are same-origin, no-store and omit the legacy identity header (2.5417ms)
✔ HTTP 200 business failures reject instead of populating a query as successful (1.5819ms)
✔ unauthorized and unavailable responses remain distinguishable (1.2215ms)
✔ a malformed identity cannot be trusted as a successful session (0.5614ms)
✔ workspace context requires current workspace to be authorized (3.9276ms)
✔ workspace selection uses PUT and the exact workspace_id contract (1.8442ms)
✔ a full credential in the masked listing endpoint fails closed (3.4012ms)
✔ created secret is returned once and rejected if it belongs to another workspace (2.64ms)
✔ cancellation is respected even when the transport completes after abort (0.9435ms)
✔ timeouts are distinct from logout-worthy authentication failures (23.831ms)
✔ logout revokes every browser session via the unified endpoint (1.2202ms)
✔ cache keys isolate users and workspaces without delimiter collisions (0.2471ms)
✔ key budget currency comes from the server instead of a frontend default (1.3693ms)
✔ missing or malformed budget currency never silently defaults to USD (4.0759ms)
✔ gateway listings retain administratively disabled and custom inactive statuses (2.7178ms)
✔ a migration-era unavailable key preview remains a safe masked listing (0.5492ms)
✔ created credential matches the current generator and never accepts masked or shortened data (1.3935ms)
✔ create payloads match server finite safe micro-unit budgets and canonical future UTC expiry (2.4208ms)
✔ gateway reads, creation and revocation send the encoded workspace precondition (3.0324ms)
✔ empty gateway lists cannot conceal a different selected workspace (1.0009ms)
✔ scoped gateway lists require server workspace metadata even when empty (0.8636ms)
✔ server workspace conflicts use a distinct recoverable error without retrying writes (0.4393ms)
✔ management listing matches the account-wide contract and includes revocation tombstones (1.9581ms)
✔ management list cannot accept a plaintext label or mismatched account shape (1.192ms)
✔ management response account identity is checked against the requested context (1.4401ms)
✔ management creation reads the once-only top-level secret and revocation is scoped (1.8616ms)
✔ management creation rejects missing, malformed and gateway-purpose credentials (2.4336ms)
✔ management input validation rejects unsupported names and expiries before issuing writes (0.6737ms)
✔ the pure popup contract imports without reading browser or network globals (7.4179ms)
✔ reservation opens synchronously and freezes a copy before lazy runtime can load (1.3661ms)
✔ invalid callback is rejected before opening or navigating a window (1.0221ms)
✔ blocked reservation immediately uses ordinary full-page auth with registration and destination (0.3366ms)
✔ reservation validation enforces exact deadline, timestamps, UUID and target metadata (0.3403ms)
✔ release is idempotent and removes only its correlation key without reading closed (0.379ms)
✔ release tolerates detached handles and unavailable storage (0.3921ms)
✔ popup results project only safe correlation fields and reject old or malformed completion (0.3274ms)
✔ popup start path follows the existing CinaAuth callback contract (2.1127ms)
✔ full page fallback omits popup transaction parameters (0.316ms)
✔ authentication callbacks cannot redirect out of the application (0.5432ms)
✔ popup result must match the pending request and exact server schema (1.3066ms)
✔ cross-tab session events contain no identity or credential proof (0.3566ms)
✔ one active popup accepts a matching completion only after server revalidation (3.0623ms)
✔ adoption preserves the pre-opened window and original destination without a second open (1.1513ms)
✔ message requires both exact application origin and the pending popup source (1.2332ms)
✔ COOP storage and channel signals coalesce into one server verification and detach cleans listeners (28.2759ms)
✔ adoption rejects a reservation that expired while the lazy module loaded (6.6679ms)
✔ a completion at the absolute deadline cannot verify before the next timer poll (0.5292ms)
✔ timeout aborts pending verification and late success cannot clear the timeout error (0.7308ms)
✔ invalid reservation metadata is released before any auth navigation (0.6917ms)
✔ repeat adoption preserves the active transaction and releases a second reserved window (0.4318ms)
✔ cancelled reservation cannot be adopted again and old completion cannot affect the next attempt (0.5712ms)
✔ cancellation from a pending-state subscriber prevents subsequent auth navigation (0.3878ms)
✔ late verification from a cancelled transaction cannot cancel a new pending transaction (0.5322ms)
✔ a successful popup message cannot override rejected server identity (0.5078ms)
✔ callback failure publishes one complete error before subscribers dispose (0.3687ms)
✔ identity failure publishes one complete error before subscribers dispose (1.5204ms)
✔ admin failure publishes one complete error before subscribers dispose (0.3076ms)
✔ cancelling an attempt aborts verification and ignores its late completion (0.3993ms)
✔ BYOK browser methods use exact verbs, Cookie scope and masked outputs including creation (56.4389ms)
✔ server public projection is accepted without importing runtime credentials (1.5936ms)
✔ provider filtering and nonzero pagination preserve the server total (1.335ms)
✔ empty pages beyond the end remain valid but cannot conceal another workspace (4.6702ms)
✔ pagination metadata, provider identity and individual rows all fail closed (17.1613ms)
✔ invalid pagination and unsupported providers are rejected before network requests (8.4436ms)
✔ identity or workspace substitution is rejected in detail, create and PATCH (6.007ms)
✔ an unexpected plaintext field or unmasked label is never returned to a query (7.533ms)
✔ write inputs preserve credential bytes and match server name and allowlist normalization (1.9289ms)
✔ credential limits count UTF-8 bytes rather than characters (3.2129ms)
✔ JSON escaping cannot bypass the aggregate request byte limit (4.3897ms)
✔ unsupported money, expiry and writable identity fields cannot cross the BYOK contract (3.6351ms)
✔ allowlists retain null versus empty semantics and enforce account key hash format (1.3567ms)
✔ shared-capacity policies match backend prioritized/fallback rules (0.571ms)
✔ complete ordering sends disabled entries and verifies exact ordered acknowledgment (12.7412ms)
✔ ordering rejects missing/duplicate IDs, partial structure and fallback before prioritized entries (3.2248ms)
✔ mismatched ordering acknowledgments cannot report success (3.514ms)
✔ workspace conflict and changed provider group remain distinguishable without replay (1.5907ms)
✔ 403 permissions, 400 validation, 404 missing and 413 body limits preserve status (2.2436ms)
✔ cancellation remains authoritative for a BYOK write with a late response (0.7681ms)
✔ delete requires server deletion confirmation and never reveals upstream credentials (1.021ms)
✔ Retry-After accepts bounded seconds and exact HTTP dates without reflecting arbitrary text (1.6518ms)
✔ chat uses only inference Bearer on the fixed BFF and streams arbitrary UTF-8 boundaries (53.675ms)
✔ EOF without DONE preserves partial text but rejects a broken stream (2.054ms)
✔ untrusted stream errors never echo credentials or become assistant text (3.7331ms)
✔ valid partial replies survive an error independently of network chunk boundaries (1.3579ms)
✔ HTTP inference errors retain status and bounded Retry-After without reading secret-echoing bodies (2.8615ms)
✔ a non-stream JSON completion is supported, while HTML and empty assistant responses are rejected (6.6338ms)
✔ timeout settles ignored fetch abort promptly and never retries a write (16.4165ms)
✔ stop settles a hanging reader promptly and does not publish late data (8.1513ms)
✔ invalid key and request boundaries fail before network (0.8792ms)
✔ local history projection saves text/model only and drops API keys, image URLs and empty assistants (1.5506ms)
✔ image limits apply to the complete conversation and payload signatures are validated (0.4401ms)
✔ summary and page retain six-decimal major amounts and distinguish request billing currency (82.2691ms)
✔ missing summary remains explicit unavailable and inconsistent availability is rejected (3.2367ms)
✔ wrong top-level seller is rejected even for empty or missing data (2.2901ms)
✔ row ownership cannot be inferred from organization workspace access (2.1907ms)
✔ empty pages still verify workspace metadata and use the Cookie transport (2.9061ms)
✔ all malformed financial values and unexpected private fields fail the public schema (2.2556ms)
✔ page identity, totals, duplicates and local pagination bounds are checked (9.8726ms)
✔ each historical earning keeps its own currency without relabeling the USD projection (2.0524ms)
✔ pagination uses the requested offset and encoded workspace precondition without changing seller ownership (5.6412ms)
✔ public transport reports 401, 403, 400 and server failures without retrying or treating resource conflicts as workspace changes (3.5795ms)
✔ business rejection, missing scope metadata, invalid JSON and network failures remain explicit errors (5.0117ms)
✔ cancelled earnings responses cannot restore data even when the injected transport finishes late (1.1506ms)
✔ timeout remains authoritative when a response arrives after the deadline (18.8023ms)
✔ empty Guardrail list verifies account context and uses same-origin Cookie transport (39.241ms)
✔ account default may originate in another workspace and owner but cannot grant write authority (8.2926ms)
✔ foreign regular rows, duplicated identities and invalid lifecycle permissions fail closed (8.2231ms)
✔ empty versions and bindings require the requested identity and top context (9.6684ms)
✔ managed bindings retain provenance and reject unauthorized unbinding permissions (6.3948ms)
✔ create and version writes carry only policy fields and preserve explicit empty allowlists (7.1974ms)
✔ bindings replace only the current user or explicit owned key scope and preserve target identity (4.0335ms)
✔ lifecycle and designation reject invalid versions and validate response context (8.0356ms)
✔ typed effective preview separates USD pricing from configured budget currency and preserves unknown evidence (17.5019ms)
✔ only exact effective conflict is parsed as diagnostic, with validated trace and account scope (4.3262ms)
✔ workspace conflict, 401/403 and ordinary preview errors never become empty success (2.7806ms)
✔ verified effective conflict leaves authorized repair requests available with the same Cookie context (1.9458ms)
✔ failed mutation is sent once and cancellation rejects a late successful response (1.1296ms)
✔ policy schema covers seven deterministic filters and rejects unsupported, duplicate and unsafe financial shapes (3.4874ms)
✔ Console login can finish with verified identity when the unrelated workspace is unavailable (0.8155ms)
✔ Console login cannot finish after an identity change, identity loss or unfinished session operation (0.2014ms)
✔ NFT eligibility carries exact personal owner, workspace, net USD and decimal contribution (48.7389ms)
✔ empty tier/history pages cannot silently change asset owner or workspace (15.6985ms)
✔ foreign user history, duplicate rows and duplicate tiers are rejected (7.7105ms)
✔ mint submission sends only selected numeric tier with scope/cancellation, never wallet or user selectors (4.6298ms)
✔ invalid tier inputs fail before transport and a different returned owner/tier fails verification (9.1005ms)
✔ accepted mint with no immediate ledger row remains an accepted request, never a fake confirmed record (4.0652ms)
✔ public transport preserves 401/403/duplicate 409 and distinguishes workspace 409 without replaying a mint (6.8214ms)
✔ public transport cancellation rejects a late mint reply and never replays the write (1.4757ms)
✔ chain, wallet, availability, eligibility and existing failed/active history all prevent duplicate requests (0.5595ms)
✔ only active chain states request polling; terminal states stop (0.2723ms)
✔ transaction URLs require the supported chain and a validated hash (0.3984ms)
✔ unavailable ledger is explicit and money/unknown statuses do not silently coerce (1.4932ms)
✔ public Presets transport sends cookie-only no-store requests with the encoded workspace precondition (39.8105ms)
✔ empty collections and histories validate both owner and workspace independently of row membership (5.0185ms)
✔ foreign rows, duplicate IDs/slugs, unsafe configuration and duplicate versions never enter validated data (11.1991ms)
✔ saving preserves prompt bytes and advanced configuration and confirms the new version is immediately active (10.5315ms)
✔ metadata and historic designation use actual PATCH/POST semantics; DELETE archives without a response DTO (9.4099ms)
✔ invalid scope and input fail before network writes (2.4357ms)
✔ unconfirmed writes preserve typed status and safe conflict code while discarding echoed private configuration (4.2292ms)
✔ all Presets read/write paths honor request cancellation (3.0718ms)
✔ a complete app body keeps byte order and releases the owned reader once (32.1308ms)
✔ cancellation releases the reader and request immediately even when upstream cancel is pending (0.6818ms)
✔ cancel during a pending app read prevents a late pull from emitting a suffix or finishing twice (11.0813ms)
✔ an app read failure preserves the error and releases request resources (1.1668ms)
✔ a rejecting source cancel still releases its reader and request exactly once (0.6614ms)
✔ public namespaces, fixed locales, stable redirects and private fallback are explicit (2.0788ms)
✔ SEO origin rejects request-origin guessing, credentials, paths, query and unsafe schemes (0.5419ms)
✔ browser assets are exact same-origin paths; missing CSS or hostile script fails closed (2.7495ms)
✔ per-response CSP, private robots and XML escaping do not trust user text (27.7265ms)
✔ Worker catalog transport uses manual redirects and reconstructs an anonymous GET (33.466ms)
✔ catalog redirect 301 is rejected without private headers or body reaching public SSR (1068.8937ms)
✔ catalog redirect 302 is rejected without private headers or body reaching public SSR (188.2102ms)
✔ catalog redirect 303 is rejected without private headers or body reaching public SSR (147.9794ms)
✔ catalog redirect 307 is rejected without private headers or body reaching public SSR (151.7322ms)
✔ catalog redirect 308 is rejected without private headers or body reaching public SSR (177.0153ms)
✔ full document HTTP contract en/ preserves one snapshot and safe SEO (75.0439ms)
✔ full document HTTP contract en/models?q=HTTP preserves one snapshot and safe SEO (52.1255ms)
✔ full document HTTP contract en/models/Vendor/http-fixture preserves one snapshot and safe SEO (38.0604ms)
✔ full document HTTP contract en/providers preserves one snapshot and safe SEO (25.0227ms)
✔ full document HTTP contract en/compare?models=vendor%2Fhttp-fixture preserves one snapshot and safe SEO (54.5673ms)
✔ full document HTTP contract en/chat?model=vendor%2Fhttp-fixture preserves one snapshot and safe SEO (872.7559ms)
✔ full document HTTP contract en/rankings?range=30d preserves one snapshot and safe SEO (39.4408ms)
✔ full document HTTP contract en/benchmarks?range=90d preserves one snapshot and safe SEO (63.6225ms)
✔ full document HTTP contract zh/ preserves one snapshot and safe SEO (36.6125ms)
✔ full document HTTP contract zh/models?q=HTTP preserves one snapshot and safe SEO (33.0016ms)
✔ full document HTTP contract zh/models/Vendor/http-fixture preserves one snapshot and safe SEO (26.9805ms)
✔ full document HTTP contract zh/providers preserves one snapshot and safe SEO (25.9684ms)
✔ full document HTTP contract zh/compare?models=vendor%2Fhttp-fixture preserves one snapshot and safe SEO (18.6596ms)
✔ full document HTTP contract zh/chat?model=vendor%2Fhttp-fixture preserves one snapshot and safe SEO (20.434ms)
✔ full document HTTP contract zh/rankings?range=30d preserves one snapshot and safe SEO (32.7988ms)
✔ full document HTTP contract zh/benchmarks?range=90d preserves one snapshot and safe SEO (30.3622ms)
✔ full document HTTP contract ja/ preserves one snapshot and safe SEO (25.7776ms)
✔ full document HTTP contract ja/models?q=HTTP preserves one snapshot and safe SEO (29.3143ms)
✔ full document HTTP contract ja/models/Vendor/http-fixture preserves one snapshot and safe SEO (34.1899ms)
✔ full document HTTP contract ja/providers preserves one snapshot and safe SEO (35.6387ms)
✔ full document HTTP contract ja/compare?models=vendor%2Fhttp-fixture preserves one snapshot and safe SEO (23.808ms)
✔ full document HTTP contract ja/chat?model=vendor%2Fhttp-fixture preserves one snapshot and safe SEO (18.2483ms)
✔ full document HTTP contract ja/rankings?range=30d preserves one snapshot and safe SEO (29.1284ms)
✔ full document HTTP contract ja/benchmarks?range=90d preserves one snapshot and safe SEO (31.635ms)
✔ full document HTTP contract ko/ preserves one snapshot and safe SEO (27.0759ms)
✔ full document HTTP contract ko/models?q=HTTP preserves one snapshot and safe SEO (26.1812ms)
✔ full document HTTP contract ko/models/Vendor/http-fixture preserves one snapshot and safe SEO (23.9175ms)
✔ full document HTTP contract ko/providers preserves one snapshot and safe SEO (21.9239ms)
✔ full document HTTP contract ko/compare?models=vendor%2Fhttp-fixture preserves one snapshot and safe SEO (20.0022ms)
✔ full document HTTP contract ko/chat?model=vendor%2Fhttp-fixture preserves one snapshot and safe SEO (20.76ms)
✔ full document HTTP contract ko/rankings?range=30d preserves one snapshot and safe SEO (23.4642ms)
✔ full document HTTP contract ko/benchmarks?range=90d preserves one snapshot and safe SEO (22.8727ms)
✔ document composition preserves the exact app-root useId tree required by hydration (46.7391ms)
✔ only genuine detail 404 is missing; invalid DTO, upstream failure and network failure stay 503/noindex/no-store (97.3862ms)
✔ bare paths redirect with query, malformed public paths return true 404, and HEAD retains status without body (58.5686ms)
✔ robots and sitemap use trusted origin and four-language model URLs; failed sitemap never fabricates empty success (1.9168ms)
✔ untrusted origin or malformed browser shell fails before any upstream read (0.706ms)
✔ aborted asset wait rejects and actually cancels a late response body (30.041ms)
✔ stalled asset body releases its lock and aborts even when source cancel never settles (6.3788ms)
✔ browser shell enforces bytes and fatal UTF-8 while cancelling rejected bodies (1.3645ms)
✔ SSR construction does no I/O; the click reserves once before loading and listener precedes adoption (26.976ms)
✔ a blocked reservation does not load private runtime or create cleanup resources (0.4049ms)
✔ cancelling during lazy loading releases the reserved window and ignores the late module (2.0792ms)
✔ synchronous cancellation when loading is published never starts the lazy runtime (4.8996ms)
✔ an expired lazy load shows a safe retry error and retry uses a distinct transaction (1.5829ms)
✔ load rejection closes the blank popup, restores focus and does not expose exception text (2.7485ms)
✔ dismissing an authentication error restores its opener and discards the failed retry target (1.4945ms)
✔ cancel during verification ignores stale success and cleans the active runtime once (3.1001ms)
✔ logout during verification ignores stale success and cleans the active runtime once (2.9764ms)
✔ dispose during verification ignores stale success and cleans the active runtime once (0.9808ms)
✔ server rejection finishes the attempt; its late success cannot override a new retry (1.6687ms)
✔ verified completion after its absolute deadline is never notified or navigated (0.5769ms)
✔ real popup, runtime and coordinator retain callback failure and allow a fresh verified retry (61.0765ms)
✔ real popup, runtime and coordinator retain me401 failure and allow a fresh verified retry (4.7401ms)
✔ real popup, runtime and coordinator retain admin failure and allow a fresh verified retry (4.4604ms)
✔ real popup, runtime and coordinator retain degraded failure and allow a fresh verified retry (3.3295ms)
✔ real popup, runtime and coordinator retain timeout failure and allow a fresh verified retry (3.5654ms)
✔ portal completion uses the real strict Cookie SDK and never needs an Admin check or workspace read (44.0484ms)
✔ Admin completion requires an independently verified console with the same exact identity (6.225ms)
✔ Admin unauthenticated result never authorizes completion (3.4296ms)
✔ Admin degraded result never authorizes completion (2.1166ms)
✔ Admin rejected result never authorizes completion (2.3954ms)
✔ Admin non-console result never authorizes completion (9.5392ms)
✔ Admin different subject result never authorizes completion (1.8892ms)
✔ Admin missing subject result never authorizes completion (1.1828ms)
✔ a fake completion cannot bypass real me HTTP 401 (1.2807ms)
✔ a fake completion cannot bypass real me HTTP 403 (1.1802ms)
✔ a fake completion cannot bypass real me HTTP 500 (0.6346ms)
✔ a fake completion cannot bypass real me HTTP 503 (0.8852ms)
✔ malformed HTTP200 me data and malformed Admin verification remain failures (3.3355ms)
✔ already cancelled verification performs no Cookie request (0.6861ms)
✔ late me resolution after cancellation cannot proceed to the Admin check (1.7148ms)
✔ en public auth idle leaves the anonymous page without a status banner (10.3749ms)
✔ en public auth loading announces the action with the applicable controls (9.0815ms)
✔ en public auth waiting announces the action with the applicable controls (2.2771ms)
✔ en public auth verifying announces the action with the applicable controls (1.3234ms)
✔ en public auth oidc_failed exposes a translated message instead of the code (1.3101ms)
✔ en public auth session_unavailable exposes a translated message instead of the code (0.8976ms)
✔ en public auth admin_forbidden exposes a translated message instead of the code (0.8762ms)
✔ en public auth popup_expired exposes a translated message instead of the code (0.8978ms)
✔ en public auth popup_blocked exposes a translated message instead of the code (0.8803ms)
✔ en public auth runtime_unavailable exposes a translated message instead of the code (1.5854ms)
✔ en public auth unknown error null uses only the safe fallback (1.1516ms)
✔ en public auth unknown error constructor uses only the safe fallback (0.8488ms)
✔ en public auth unknown error <script>private-error-token</script> uses only the safe fallback (0.9736ms)
✔ zh public auth idle leaves the anonymous page without a status banner (0.5952ms)
✔ zh public auth loading announces the action with the applicable controls (0.7753ms)
✔ zh public auth waiting announces the action with the applicable controls (0.6593ms)
✔ zh public auth verifying announces the action with the applicable controls (0.564ms)
✔ zh public auth oidc_failed exposes a translated message instead of the code (1.4893ms)
✔ zh public auth session_unavailable exposes a translated message instead of the code (0.7717ms)
✔ zh public auth admin_forbidden exposes a translated message instead of the code (0.9273ms)
✔ zh public auth popup_expired exposes a translated message instead of the code (0.9687ms)
✔ zh public auth popup_blocked exposes a translated message instead of the code (1.2426ms)
✔ zh public auth runtime_unavailable exposes a translated message instead of the code (0.8176ms)
✔ zh public auth unknown error null uses only the safe fallback (0.5688ms)
✔ zh public auth unknown error constructor uses only the safe fallback (0.6982ms)
✔ zh public auth unknown error <script>private-error-token</script> uses only the safe fallback (0.5437ms)
✔ ja public auth idle leaves the anonymous page without a status banner (0.2546ms)
✔ ja public auth loading announces the action with the applicable controls (0.7111ms)
✔ ja public auth waiting announces the action with the applicable controls (1.052ms)
✔ ja public auth verifying announces the action with the applicable controls (0.6894ms)
✔ ja public auth oidc_failed exposes a translated message instead of the code (0.6844ms)
✔ ja public auth session_unavailable exposes a translated message instead of the code (0.5304ms)
✔ ja public auth admin_forbidden exposes a translated message instead of the code (4.2759ms)
✔ ja public auth popup_expired exposes a translated message instead of the code (0.8744ms)
✔ ja public auth popup_blocked exposes a translated message instead of the code (0.7284ms)
✔ ja public auth runtime_unavailable exposes a translated message instead of the code (0.7289ms)
✔ ja public auth unknown error null uses only the safe fallback (1.1218ms)
✔ ja public auth unknown error constructor uses only the safe fallback (1.2056ms)
✔ ja public auth unknown error <script>private-error-token</script> uses only the safe fallback (0.8885ms)
✔ ko public auth idle leaves the anonymous page without a status banner (0.4886ms)
✔ ko public auth loading announces the action with the applicable controls (1.2839ms)
✔ ko public auth waiting announces the action with the applicable controls (1.2822ms)
✔ ko public auth verifying announces the action with the applicable controls (0.883ms)
✔ ko public auth oidc_failed exposes a translated message instead of the code (1.136ms)
✔ ko public auth session_unavailable exposes a translated message instead of the code (0.6395ms)
✔ ko public auth admin_forbidden exposes a translated message instead of the code (0.5386ms)
✔ ko public auth popup_expired exposes a translated message instead of the code (1.357ms)
✔ ko public auth popup_blocked exposes a translated message instead of the code (1.0501ms)
✔ ko public auth runtime_unavailable exposes a translated message instead of the code (1.0317ms)
✔ ko public auth unknown error null uses only the safe fallback (0.8708ms)
✔ ko public auth unknown error constructor uses only the safe fallback (0.9093ms)
✔ ko public auth unknown error <script>private-error-token</script> uses only the safe fallback (0.8661ms)
✔ public auth access keeps private destinations bare and a real no-JS sign-in URL (2.2063ms)
✔ public auth SSR never reads browser session or storage and renders the shared idle provider (1.0873ms)
✔ public auth links fail explicitly when a coordinator provider is missing (0.983ms)
✔ en/ uses one footer and an idle shared auth coordinator (374.1011ms)
✔ en/models uses one footer and an idle shared auth coordinator (653.4898ms)
✔ en/models/Vendor/http-fixture uses one footer and an idle shared auth coordinator (83.2064ms)
✔ en/providers uses one footer and an idle shared auth coordinator (53.0402ms)
✔ en/compare uses one footer and an idle shared auth coordinator (54.0041ms)
✔ en/chat uses one footer and an idle shared auth coordinator (732.072ms)
✔ en/rankings uses one footer and an idle shared auth coordinator (85.9009ms)
✔ en/benchmarks uses one footer and an idle shared auth coordinator (33.633ms)
✔ en/unknown-public-page uses one footer and an idle shared auth coordinator (7.1346ms)
✔ zh/ uses one footer and an idle shared auth coordinator (23.5879ms)
✔ zh/models uses one footer and an idle shared auth coordinator (23.8519ms)
✔ zh/models/Vendor/http-fixture uses one footer and an idle shared auth coordinator (22.0731ms)
✔ zh/providers uses one footer and an idle shared auth coordinator (28.6106ms)
✔ zh/compare uses one footer and an idle shared auth coordinator (36.2621ms)
✔ zh/chat uses one footer and an idle shared auth coordinator (15.3158ms)
✔ zh/rankings uses one footer and an idle shared auth coordinator (23.7289ms)
✔ zh/benchmarks uses one footer and an idle shared auth coordinator (24.0709ms)
✔ zh/unknown-public-page uses one footer and an idle shared auth coordinator (9.2954ms)
✔ ja/ uses one footer and an idle shared auth coordinator (20.064ms)
✔ ja/models uses one footer and an idle shared auth coordinator (35.6322ms)
✔ ja/models/Vendor/http-fixture uses one footer and an idle shared auth coordinator (25.699ms)
✔ ja/providers uses one footer and an idle shared auth coordinator (27.2872ms)
✔ ja/compare uses one footer and an idle shared auth coordinator (14.0341ms)
✔ ja/chat uses one footer and an idle shared auth coordinator (19.3351ms)
✔ ja/rankings uses one footer and an idle shared auth coordinator (22.3945ms)
✔ ja/benchmarks uses one footer and an idle shared auth coordinator (20.6809ms)
✔ ja/unknown-public-page uses one footer and an idle shared auth coordinator (8.6129ms)
✔ ko/ uses one footer and an idle shared auth coordinator (17.5323ms)
✔ ko/models uses one footer and an idle shared auth coordinator (23.0424ms)
✔ ko/models/Vendor/http-fixture uses one footer and an idle shared auth coordinator (32.173ms)
✔ ko/providers uses one footer and an idle shared auth coordinator (18.6304ms)
✔ ko/compare uses one footer and an idle shared auth coordinator (18.8255ms)
✔ ko/chat uses one footer and an idle shared auth coordinator (14.6996ms)
✔ ko/rankings uses one footer and an idle shared auth coordinator (17.1338ms)
✔ ko/benchmarks uses one footer and an idle shared auth coordinator (20.2322ms)
✔ ko/unknown-public-page uses one footer and an idle shared auth coordinator (5.831ms)
✔ anonymous catalog uses fixed BFF paths, no Cookie/identity headers and preserves billing currency/cache prices (48.3838ms)
✔ catalog strips unapproved nested secrets instead of returning them to a UI (0.7586ms)
✔ all published price modes/maps/minimums survive; legacy image data does not invent a billing mode (3.37ms)
✔ Core-compatible finite negative token/cache prices and unsorted finite tier bounds stay usable (1.6954ms)
✔ valid empty catalog is distinct from missing fields, malformed rows and duplicate identities (3.4642ms)
✔ model path encodes real vendor percent bytes and validates response identity (1.9719ms)
✔ invalid path/query input never triggers a request (0.4888ms)
✔ stats preserve real total/output tokens and enforce requested window/privacy threshold even for an empty list (4.0427ms)
✔ catalog HTTP 401 remains independent of account identity and does not expose upstream errors (0.9141ms)
✔ catalog HTTP 403 remains independent of account identity and does not expose upstream errors (0.409ms)
✔ catalog HTTP 404 remains independent of account identity and does not expose upstream errors (0.2429ms)
✔ catalog HTTP 429 remains independent of account identity and does not expose upstream errors (0.2768ms)
✔ catalog HTTP 503 remains independent of account identity and does not expose upstream errors (0.169ms)
✔ invalid JSON and invalid Retry-After do not become usable catalog data (0.8174ms)
✔ cancelled reads and late responses cannot deliver data; timeout and network failure remain distinct (10.0286ms)
✔ fetch and body sources that ignore AbortSignal still time out or cancel promptly (16.6433ms)
✔ a caller abort cancels the actual pending body reader and a manual retry recovers (1.3765ms)
✔ a source that never settles cancellation cannot delay timeout or keep the reader lock (6.3409ms)
✔ caller cancellation keeps priority if it happens during timeout disposal (15.2929ms)
✔ a late response from an ignored fetch signal is cancelled without consuming it or changing a retry (32.1943ms)
✔ the 16 MiB budget accepts the exact boundary and releases a completed stream (19.2334ms)
✔ declared oversized or malformed lengths cancel before a body read (2.1776ms)
✔ streaming limits count actual cumulative bytes even when Content-Length understates them (29.3208ms)
✔ fatal UTF-8 rejects invalid open streams, cancels once and allows a clean manual retry (1.4563ms)
✔ UTF-8 characters and a BOM split across chunks remain valid without data truncation (2.0118ms)
✔ JSON syntax and incomplete UTF-8 failures release already closed streams safely (1.0587ms)
✔ invalid successful status/content type and HTTP errors cancel unused bodies without changing safe errors (1.0758ms)
✔ a rejecting underlying cancellation cannot replace an invalid-response error or retain the lock (1.8702ms)
✔ shared URL state restores legacy CSV and typed arrays without extra selections or invalid numeric windows (8.4241ms)
✔ benchmark URL defaults retain latency while explicit metric and restored range remain authoritative (0.5146ms)
✔ catalog search and tie ordering use one explicit English comparison in every runtime (0.7189ms)
✔ percent/unicode vendor and opaque real model IDs survive share URLs without name inference (0.3257ms)
✔ unknown context/capabilities never pass minimum or modality filters; zero remains valid metadata (0.5296ms)
✔ pricing mode matches Core: legacy blocks/cache-only image fields do not infer billing and fractional currency stays visible (11.1575ms)
✔ price sorting groups units instead of treating one image as one million tokens (0.6948ms)
✔ providers are filtered aggregate authors and pagination clamps a restored page after filtering (1.457ms)
✔ real observed stats keep missing latency last and sort success rate independently of popularity (0.5399ms)
✔ API examples require actual text capabilities/protocols and quote model IDs as data (0.5594ms)
✔ shared English attribution exactly matches the required repository NOTICE.frontend text (1.5096ms)
✔ home en: initial HTML retains discovery, product sections, demo, private entries and attribution (46.4335ms)
✔ models en: initial HTML obeys the full restored filters and view instead of rendering defaults (52.2629ms)
✔ detail en: initial HTML preserves public data, negative and zero prices, protocols and safe text (30.3385ms)
✔ providers en: anonymous aggregates and exact comma-bearing provider filters retain the locale (19.1365ms)
✔ compare en: URL selections, missing models and all public comparison rows are rendered immediately (21.4355ms)
✔ chat en: anonymous SSR uses the selected published model and never reads a browser transcript (9.7605ms)
✔ rankings en: the restored 30-day window and mode-specific default metric render the real observed order (15.2373ms)
✔ benchmarks en: the restored 30-day window and mode-specific default metric render the real observed order (14.3133ms)
✔ home zh: initial HTML retains discovery, product sections, demo, private entries and attribution (23.7718ms)
✔ models zh: initial HTML obeys the full restored filters and view instead of rendering defaults (20.675ms)
✔ detail zh: initial HTML preserves public data, negative and zero prices, protocols and safe text (23.9744ms)
✔ providers zh: anonymous aggregates and exact comma-bearing provider filters retain the locale (10.7977ms)
✔ compare zh: URL selections, missing models and all public comparison rows are rendered immediately (37.6539ms)
✔ chat zh: anonymous SSR uses the selected published model and never reads a browser transcript (5.2013ms)
✔ rankings zh: the restored 30-day window and mode-specific default metric render the real observed order (15.1044ms)
✔ benchmarks zh: the restored 30-day window and mode-specific default metric render the real observed order (16.7152ms)
✔ home ja: initial HTML retains discovery, product sections, demo, private entries and attribution (21.2487ms)
✔ models ja: initial HTML obeys the full restored filters and view instead of rendering defaults (31.5966ms)
✔ detail ja: initial HTML preserves public data, negative and zero prices, protocols and safe text (29.1616ms)
✔ providers ja: anonymous aggregates and exact comma-bearing provider filters retain the locale (10.9188ms)
✔ compare ja: URL selections, missing models and all public comparison rows are rendered immediately (17.9646ms)
✔ chat ja: anonymous SSR uses the selected published model and never reads a browser transcript (4.458ms)
✔ rankings ja: the restored 30-day window and mode-specific default metric render the real observed order (15.6795ms)
✔ benchmarks ja: the restored 30-day window and mode-specific default metric render the real observed order (11.9672ms)
✔ home ko: initial HTML retains discovery, product sections, demo, private entries and attribution (17.6218ms)
✔ models ko: initial HTML obeys the full restored filters and view instead of rendering defaults (15.7806ms)
✔ detail ko: initial HTML preserves public data, negative and zero prices, protocols and safe text (15.5308ms)
✔ providers ko: anonymous aggregates and exact comma-bearing provider filters retain the locale (10.5385ms)
✔ compare ko: URL selections, missing models and all public comparison rows are rendered immediately (21.6017ms)
✔ chat ko: anonymous SSR uses the selected published model and never reads a browser transcript (8.9579ms)
✔ rankings ko: the restored 30-day window and mode-specific default metric render the real observed order (20.4616ms)
✔ benchmarks ko: the restored 30-day window and mode-specific default metric render the real observed order (11.6654ms)
✔ restored typed failures render an error, while real empty catalog data retains its distinct successful empty state (25.4136ms)
✔ actual pricing markup shows all cache/image token fields and preserves non-USD, negative and zero values in every locale (51.1752ms)
✔ actual multimodal markup keeps quality/size/reference maps and fractional minimums, and hides ignored legacy prices (15.0945ms)
✔ all public copy is translated and preserves interpolation across four languages (5.5485ms)
✔ official router wire carries the terminal public route without duplicating catalog or private state: /en (334.3489ms)
✔ official router wire carries the terminal public route without duplicating catalog or private state: /zh/models?q=HTTP (546.6434ms)
✔ official router wire carries the terminal public route without duplicating catalog or private state: /ja/models/Vendor/http-fixture (43.5143ms)
✔ official router wire carries the terminal public route without duplicating catalog or private state: /ko/models (4.958ms)
✔ official router wire carries the terminal public route without duplicating catalog or private state: /fr/models (2.1808ms)
✔ public auth translations initialize per request without replacing the global React i18n instance (9.0343ms)
✔ NOTICE English attribution stays visible in the single en footer: home (414.5014ms)
✔ NOTICE English attribution stays visible in the single en footer: /models (502.8008ms)
✔ NOTICE English attribution stays visible in the single en footer: /models/Vendor/fixture-model (78.6272ms)
✔ NOTICE English attribution stays visible in the single en footer: /providers (57.5638ms)
✔ NOTICE English attribution stays visible in the single en footer: /compare?models=Vendor%2Ffixture-model (44.7468ms)
✔ NOTICE English attribution stays visible in the single en footer: /chat?model=vendor%2Fmodel (707.3235ms)
✔ NOTICE English attribution stays visible in the single en footer: /rankings?range=30d (43.3202ms)
✔ NOTICE English attribution stays visible in the single en footer: /benchmarks?range=90d (38.9545ms)
✔ NOTICE English attribution stays visible in the single en footer: /missing (7.7242ms)
✔ NOTICE English attribution stays visible in the single zh footer: home (20.4383ms)
✔ NOTICE English attribution stays visible in the single zh footer: /models (22.2828ms)
✔ NOTICE English attribution stays visible in the single zh footer: /models/Vendor/fixture-model (22.0204ms)
✔ NOTICE English attribution stays visible in the single zh footer: /providers (27.6563ms)
✔ NOTICE English attribution stays visible in the single zh footer: /compare?models=Vendor%2Ffixture-model (16.8377ms)
✔ NOTICE English attribution stays visible in the single zh footer: /chat?model=vendor%2Fmodel (14.0133ms)
✔ NOTICE English attribution stays visible in the single zh footer: /rankings?range=30d (20.5353ms)
✔ NOTICE English attribution stays visible in the single zh footer: /benchmarks?range=90d (25.1227ms)
✔ NOTICE English attribution stays visible in the single zh footer: /missing (8.6954ms)
✔ NOTICE English attribution stays visible in the single ja footer: home (25.8541ms)
✔ NOTICE English attribution stays visible in the single ja footer: /models (25.2765ms)
✔ NOTICE English attribution stays visible in the single ja footer: /models/Vendor/fixture-model (22.0592ms)
✔ NOTICE English attribution stays visible in the single ja footer: /providers (38.7883ms)
✔ NOTICE English attribution stays visible in the single ja footer: /compare?models=Vendor%2Ffixture-model (15.4798ms)
✔ NOTICE English attribution stays visible in the single ja footer: /chat?model=vendor%2Fmodel (10.9236ms)
✔ NOTICE English attribution stays visible in the single ja footer: /rankings?range=30d (20.0034ms)
✔ NOTICE English attribution stays visible in the single ja footer: /benchmarks?range=90d (16.4088ms)
✔ NOTICE English attribution stays visible in the single ja footer: /missing (5.6389ms)
✔ NOTICE English attribution stays visible in the single ko footer: home (18.3749ms)
✔ NOTICE English attribution stays visible in the single ko footer: /models (18.4474ms)
✔ NOTICE English attribution stays visible in the single ko footer: /models/Vendor/fixture-model (17.3845ms)
✔ NOTICE English attribution stays visible in the single ko footer: /providers (17.5215ms)
✔ NOTICE English attribution stays visible in the single ko footer: /compare?models=Vendor%2Ffixture-model (10.9374ms)
✔ NOTICE English attribution stays visible in the single ko footer: /chat?model=vendor%2Fmodel (10.4629ms)
✔ NOTICE English attribution stays visible in the single ko footer: /rankings?range=30d (15.5284ms)
✔ NOTICE English attribution stays visible in the single ko footer: /benchmarks?range=90d (15.6136ms)
✔ NOTICE English attribution stays visible in the single ko footer: /missing (5.5744ms)
✔ request factory keeps the public-only route, snapshot and anonymous SDK contract: home (17.9984ms)
✔ request factory keeps the public-only route, snapshot and anonymous SDK contract: /models?q=Authority (18.4178ms)
✔ request factory keeps the public-only route, snapshot and anonymous SDK contract: /models/Vendor/fixture-model (21.8957ms)
✔ request factory keeps the public-only route, snapshot and anonymous SDK contract: /providers (15.3813ms)
✔ request factory keeps the public-only route, snapshot and anonymous SDK contract: /compare?models=Vendor%2Ffixture-model (11.2012ms)
✔ request factory keeps the public-only route, snapshot and anonymous SDK contract: /chat?model=vendor%2Fmodel (10.2188ms)
✔ request factory keeps the public-only route, snapshot and anonymous SDK contract: /rankings?range=30d (15.2005ms)
✔ request factory keeps the public-only route, snapshot and anonymous SDK contract: /benchmarks?range=90d (28.5941ms)
✔ concurrent preparations share one authoritative detail object and promise within a request (2.8948ms)
✔ parallel four-language requests isolate translations, query data and authority instances (68.7601ms)
✔ HTTP 400 restores a safe error first frame and supports explicit retry without authority replay (12.9918ms)
✔ HTTP 401 restores a safe error first frame and supports explicit retry without authority replay (10.5233ms)
✔ HTTP 403 restores a safe error first frame and supports explicit retry without authority replay (10.7566ms)
✔ HTTP 404 restores a safe error first frame and supports explicit retry without authority replay (10.3633ms)
✔ HTTP 409 restores a safe error first frame and supports explicit retry without authority replay (11.3819ms)
✔ HTTP 429 restores a safe error first frame and supports explicit retry without authority replay (9.9512ms)
✔ HTTP 500 restores a safe error first frame and supports explicit retry without authority replay (13.9699ms)
✔ HTTP 503 restores a safe error first frame and supports explicit retry without authority replay (10.234ms)
✔ invalid public DTO and network failures produce 503 without an invented successful empty snapshot (26.501ms)
✔ bootstrap white list rejects cross-resource, cross-range and private state and escapes script boundaries (7.3199ms)
✔ unknown and malformed locale resources return 404 without reading catalog or accepting private routes (28.7418ms)
✔ pre-aborted requests perform no SDK read and disposal clears only their request cache (1.0529ms)
✔ language links preserve current public resources and query while private and external paths remain exact (0.1495ms)
✔ duplicate range parameters use the same Router parser for SSR and restored bootstrap (2.3087ms)
✔ serialized UTF-8 limit rejects script-escape expansion and multibyte DTOs before hydration (892.9354ms)
✔ SSR keeps valid raw filter encodings and locale roots without replacing the initial URL (138.1008ms)
✔ session refresh establishes the server identity and authorized workspace together (2.1123ms)
✔ transient API and malformed response failures preserve an established identity (0.6888ms)
✔ an explicit unauthorized check clears identity and account data (0.6662ms)
✔ a late session check cannot resurrect identity after logout (0.8592ms)
✔ failed logout preserves identity and reports failure instead of claiming server revocation (1.5387ms)
✔ workspace switch hides the old scope and clears account cache before changing the cookie (1.8929ms)
✔ workspace changes are serialized and cannot create out-of-order cookie preferences (1.3438ms)
✔ failed switch re-reads the server cookie instead of restoring a possibly stale workspace (1.563ms)
✔ unknown workspace ids are rejected before any server preference write (1.1316ms)
✔ cross-tab cookie changes hide and invalidate the old scope before revalidation (1.0022ms)
✔ workspace access denial preserves authenticated identity but removes unauthorized workspace data (0.5471ms)
✔ focus and popup revalidation coalesce so they cannot cancel one another (0.4248ms)
✔ effect cleanup allows StrictMode setup to start a fresh session check (0.502ms)
✔ workspace switch sends the starting workspace as the server precondition (0.4274ms)
✔ remote workspace signals queued during a switch are reconciled once before showing its result (0.7686ms)
✔ a different-user login queued during a switch replaces both identity and workspace from the server (0.9466ms)
✔ failed switch merges queued login signals into its existing cookie reconciliation (0.9276ms)
✔ failed logout consumes queued signals and ends with the latest server identity (0.7269ms)
✔ successful logout without a queued signal never performs a session-restoring read (0.5637ms)
✔ a queued signal after successful logout cannot resurrect a server-revoked identity (0.7063ms)
✔ successful logout accepts a subsequent different login only after a fresh server check (0.6669ms)
✔ clear and dispose discard queued signals and ignore late mutation responses (0.707ms)
✔ dispose during queued logout reconciliation cannot restore a late server identity (0.3477ms)
✔ an unavailable check after successful logout cannot restore an uncertain identity (0.4253ms)
✔ capabilities and authoritative workspace security fields invalidate the old account scope (1.0663ms)
✔ permission array reordering and display-only changes do not reset account data (0.3214ms)
✔ session bootstrap discovers identity before requesting its authorized workspace (0.3732ms)
✔ a cookie identity change between session reads discards even an unchanged workspace (0.31ms)
✔ a rejected workspace write reconciles the new user once without replaying the write (0.6863ms)
✔ an abandoned identity discovery never dispatches a dependent workspace request (0.2755ms)
✔ every shared-key operation requires a workspace Cookie precondition before any request (11.2994ms)
✔ shared seller operations use exact Cookie contracts, workspace precondition and no legacy headers (65.7894ms)
✔ shared listing rejects another seller and missing or mismatched identity on empty collections (6.5156ms)
✔ shared public rows forbid reusable secrets, encrypted fields, unmasked values and invalid states (2.6872ms)
✔ quotes require server currency and channels reject duplicates (2.776ms)
✔ creation checks returned seller/channel/echo and metadata writes verify the listing id (5.0714ms)
✔ credited deletion conflict differs from real workspace conflict and does not replay (3.1895ms)
✔ unconfirmed write errors omit any server-echoed secret and cancelled late responses cannot escape scope (4.7487ms)
✔ a read and a write bind the initiating user independently of a shared organization workspace (39.8602ms)
✔ valid Unicode, a literal comma, a literal percent and the length boundary are encoded canonically (5.7527ms)
✔ invalid identities reject before fetch rather than relying on a server rejection (3.6795ms)
✔ caller-supplied stale and duplicate reserved headers are replaced without mutating caller Headers (1.0797ms)
✔ omitted expected user preserves header-less compatibility and cannot reuse a caller identity header (1.2082ms)
✔ Admin, public, authentication and neighboring paths strip reserved user identity (2.9817ms)
✔ a pre-aborted scoped write never calls an injected transport that ignores AbortSignal (0.9576ms)
✔ a response arriving after abort is discarded and a started write is not replayed (2.7212ms)
✔ only a server 409 user_mismatch is a recoverable user mismatch (1.8921ms)
✔ unknown error codes, missing error bodies and malformed JSON never become user mismatch (2.238ms)
✔ an HTTP 200 business rejection with the same code is not mistaken for an authenticated 409 (1.3831ms)
✔ ordinary successful response contracts are still validated after adding the user precondition (1.5887ms)
✔ a valid financial quote remains scoped and a changed calculation or owner still fails its existing validator (14.6548ms)
✔ a financial quote conflict stays rejected and is never accepted or retried as a successful quote (2.4997ms)
✔ wallet and withdrawal factories use same-origin Cookie requests with workspace precondition and no legacy identity header (42.0091ms)
✔ withdrawal history preserves historical currency and null token/chain fields while new create must remain USD (2.8392ms)
✔ empty history and active order validate user/workspace ownership independently of visible rows (4.1515ms)
✔ pagination and public withdrawal DTO reject duplicates, invalid totals, ownership and private storage fields (5.8151ms)
✔ quote validates server fee, post-fee conversion, balance, minimum, daily limit, queue and chain availability (7.6943ms)
✔ row amount arithmetic and timestamps must be coherent; explorer links require a known chain and valid hash (1.097ms)
✔ modern amount form supports six decimals and rejects exponent, sign, unsafe magnitude and extra precision without a request (2.0572ms)
✔ quote changed and dispatch unconfirmed preserve stable server code and never replay create (3.4404ms)
✔ 401, 403, resource 409 and server 5xx remain errors without automatic replay (3.6931ms)
✔ wallet challenge validates exact signed origin, address, chain, expiry and user before it reaches the provider (8.3073ms)
✔ wallet API sanitizes credential-echoing errors and validates even empty wallet ownership (2.7092ms)
✔ withdrawal reads and wallet verification support abort and timeout through shared transport (8.3256ms)
✔ EOA connection signs the exact challenge and rechecks account/chain before verify (1.3299ms)
✔ account/chain events or cancellation abort pending signature promptly and late provider result never verifies (1.6033ms)
✔ wrong chain, silently changed account and rejected provider requests never send wallet verification (1.1921ms)
✔ budget requests use same-origin Cookie transport and workspace preconditions for every verb (36.7877ms)
✔ member read access never implies budget management permission (3.4682ms)
✔ configured daily weekly monthly and lifetime periods all use the backend UTC boundaries (4.6166ms)
✔ input precision matches backend rounding without inventing an extra decimal-place restriction (2.6023ms)
✔ zero, sub-micro rounding to zero and unsafe budgets fail before issuing writes (2.1924ms)
✔ stored maximum safe micro-unit values remain readable after main-unit conversion (0.245ms)
✔ empty budget contexts require server scope, currency and authority metadata (3.0365ms)
✔ every row must belong to the returned workspace, with at most one budget per period (1.9939ms)
✔ budget periods reject malformed dates but preserve legitimate exhausted limits (2.7684ms)
✔ a PUT acknowledgment must match interval, normalized amount and both scope identities (3.1393ms)
✔ ordering violations remain authoritative server failures and are never retried (0.6021ms)
✔ budget status errors remain distinct from a workspace conflict across all operations (4.2419ms)
✔ HTTP 200 business failures and missing delete confirmation never imply a saved configuration (4.7614ms)
✔ a cancelled budget write cannot report success after a late server response (5.1901ms)
ℹ tests 1600
ℹ suites 4
ℹ pass 1600
ℹ fail 0
ℹ cancelled 0
ℹ skipped 0
ℹ todo 0
ℹ duration_ms 61701.3861
