node:internal/modules/run_main:107
    triggerUncaughtException(
    ^

AssertionError [ERR_ASSERTION]: Expected values to be strictly deep-equal:
+ actual - expected
... Skipped lines

  [
    '.gitattributes',
    'docs/developers/architecture/web-frontend-migration.md',
    'docs/operators/deployment/releases/2026-10-06-g7-native26-calibration-progress-verification/README.md',
    'docs/operators/deployment/releases/2026-10-06-g7-native26-calibration-progress-verification/admission/FINAL-final42-frozen-capsule-admission.json',
...
    'docs/operators/deployment/releases/2026-10-06-g7-native26-calibration-progress-verification/admission/final-42-capsule-pure-audit.result.json',
-   'docs/operators/deployment/releases/2026-10-06-g7-native26-calibration-progress-verification/admission/final-42-capsule-pure-audit.stderr.log',
-   'docs/operators/deployment/releases/2026-10-06-g7-native26-calibration-progress-verification/admission/final-42-capsule-pure-audit.stdout.log',
    'docs/operators/deployment/releases/2026-10-06-g7-native26-calibration-progress-verification/admission/final-capsule-admission-summary.result.json',
-   'docs/operators/deployment/releases/2026-10-06-g7-native26-calibration-progress-verification/admission/final-capsule-admission-summary.stderr.log',
-   'docs/operators/deployment/releases/2026-10-06-g7-native26-calibration-progress-verification/admission/final-capsule-admission-summary.stdout.log',
    'docs/operators/deployment/releases/2026-10-06-g7-native26-calibration-progress-verification/admission/final-capsule-config-location.json',
    'docs/operators/deployment/releases/2026-10-06-g7-native26-calibration-progress-verification/admission/finalize-capsule-admission.mjs',
    'docs/operators/deployment/releases/2026-10-06-g7-native26-calibration-progress-verification/admission/freeze-original39-failure.mjs',
    'docs/operators/deployment/releases/2026-10-06-g7-native26-calibration-progress-verification/admission/freeze-original39-failure.result.json',
-   'docs/operators/deployment/releases/2026-10-06-g7-native26-calibration-progress-verification/admission/freeze-original39-failure.stderr.log',
-   'docs/operators/deployment/releases/2026-10-06-g7-native26-calibration-progress-verification/admission/freeze-original39-failure.stdout.log',
    'docs/operators/deployment/releases/2026-10-06-g7-native26-calibration-progress-verification/admission/frozen-tool-byte-verification.json',
    'docs/operators/deployment/releases/2026-10-06-g7-native26-calibration-progress-verification/admission/prepare-capsule-final-config.mjs',
    'docs/operators/deployment/releases/2026-10-06-g7-native26-calibration-progress-verification/admission/prepare-capsule-final-config.result.json',
-   'docs/operators/deployment/releases/2026-10-06-g7-native26-calibration-progress-verification/admission/prepare-capsule-final-config.stderr.log',
-   'docs/operators/deployment/releases/2026-10-06-g7-native26-calibration-progress-verification/admission/prepare-capsule-final-config.stdout.log',
    'docs/operators/deployment/releases/2026-10-06-g7-native26-calibration-progress-verification/admission/run-tool-closed.mjs',
    'docs/operators/deployment/releases/2026-10-06-g7-native26-calibration-progress-verification/admission/seal-final-capsule-admission.mjs',
    'docs/operators/deployment/releases/2026-10-06-g7-native26-calibration-progress-verification/collection-config.json',
    'docs/operators/deployment/releases/2026-10-06-g7-native26-calibration-progress-verification/copy-manifest.json',
    'docs/operators/deployment/releases/2026-10-06-g7-native26-calibration-progress-verification/independent-peer/FINAL-final42-archive-independent-peer-seal.json',
...
    'docs/operators/deployment/releases/2026-10-06-g7-native26-calibration-progress-verification/independent-peer/audit-ee122-capsule.py',
-   'docs/operators/deployment/releases/2026-10-06-g7-native26-calibration-progress-verification/independent-peer/audit-ee122-capsule.stderr.log',
-   'docs/operators/deployment/releases/2026-10-06-g7-native26-calibration-progress-verification/independent-peer/audit-ee122-capsule.stdout.log',
    'docs/operators/deployment/releases/2026-10-06-g7-native26-calibration-progress-verification/independent-peer/audit-full42-archive-v2.closed.json',
    'docs/operators/deployment/releases/2026-10-06-g7-native26-calibration-progress-verification/independent-peer/audit-full42-archive-v2.py',
-   'docs/operators/deployment/releases/2026-10-06-g7-native26-calibration-progress-verification/independent-peer/audit-full42-archive-v2.stderr.log',
-   'docs/operators/deployment/releases/2026-10-06-g7-native26-calibration-progress-verification/independent-peer/audit-full42-archive-v2.stdout.log',
    'docs/operators/deployment/releases/2026-10-06-g7-native26-calibration-progress-verification/independent-peer/audit-full42-archive.closed.json',
    'docs/operators/deployment/releases/2026-10-06-g7-native26-calibration-progress-verification/independent-peer/audit-full42-archive.py',
-   'docs/operators/deployment/releases/2026-10-06-g7-native26-calibration-progress-verification/independent-peer/audit-full42-archive.stderr.log',
-   'docs/operators/deployment/releases/2026-10-06-g7-native26-calibration-progress-verification/independent-peer/audit-full42-archive.stdout.log',
    'docs/operators/deployment/releases/2026-10-06-g7-native26-calibration-progress-verification/independent-peer/capture-child.mjs',
    'docs/operators/deployment/releases/2026-10-06-g7-native26-calibration-progress-verification/independent-peer/ee122-capsule-independent-audit.json',
    'docs/operators/deployment/releases/2026-10-06-g7-native26-calibration-progress-verification/independent-peer/finalize-independent-archive.closed.json',
    'docs/operators/deployment/releases/2026-10-06-g7-native26-calibration-progress-verification/independent-peer/finalize-independent-archive.mjs',
-   'docs/operators/deployment/releases/2026-10-06-g7-native26-calibration-progress-verification/independent-peer/finalize-independent-archive.stderr.log',
-   'docs/operators/deployment/releases/2026-10-06-g7-native26-calibration-progress-verification/independent-peer/finalize-independent-archive.stdout.log',
    'docs/operators/deployment/releases/2026-10-06-g7-native26-calibration-progress-verification/independent-peer/full42-archive-independent-audit.json',
    'docs/operators/deployment/releases/2026-10-06-g7-native26-calibration-progress-verification/independent-peer/inspect-archive-report.closed.json',
    'docs/operators/deployment/releases/2026-10-06-g7-native26-calibration-progress-verification/independent-peer/inspect-archive-report.mjs',
-   'docs/operators/deployment/releases/2026-10-06-g7-native26-calibration-progress-verification/independent-peer/inspect-archive-report.stderr.log',
-   'docs/operators/deployment/releases/2026-10-06-g7-native26-calibration-progress-verification/independent-peer/inspect-archive-report.stdout.log',
    'docs/operators/deployment/releases/2026-10-06-g7-native26-calibration-progress-verification/independent-peer/inspect-binding-schema.closed.json',
    'docs/operators/deployment/releases/2026-10-06-g7-native26-calibration-progress-verification/independent-peer/inspect-binding-schema.mjs',
-   'docs/operators/deployment/releases/2026-10-06-g7-native26-calibration-progress-verification/independent-peer/inspect-binding-schema.stderr.log',
-   'docs/operators/deployment/releases/2026-10-06-g7-native26-calibration-progress-verification/independent-peer/inspect-binding-schema.stdout.log',
    'docs/operators/deployment/releases/2026-10-06-g7-native26-calibration-progress-verification/independent-peer/inspect-capsule-process-provenance.closed.json',
    'docs/operators/deployment/releases/2026-10-06-g7-native26-calibration-progress-verification/independent-peer/inspect-capsule-process-provenance.mjs',
-   'docs/operators/deployment/releases/2026-10-06-g7-native26-calibration-progress-verification/independent-peer/inspect-capsule-process-provenance.stderr.log',
-   'docs/operators/deployment/releases/2026-10-06-g7-native26-calibration-progress-verification/independent-peer/inspect-capsule-process-provenance.stdout.log',
    'docs/operators/deployment/releases/2026-10-06-g7-native26-calibration-progress-verification/independent-peer/inspect-capsule-schema-small.closed.json',
    'docs/operators/deployment/releases/2026-10-06-g7-native26-calibration-progress-verification/independent-peer/inspect-capsule-schema-small.py',
-   'docs/operators/deployment/releases/2026-10-06-g7-native26-calibration-progress-verification/independent-peer/inspect-capsule-schema-small.stderr.log',
-   'docs/operators/deployment/releases/2026-10-06-g7-native26-calibration-progress-verification/independent-peer/inspect-capsule-schema-small.stdout.log',
    'docs/operators/deployment/releases/2026-10-06-g7-native26-calibration-progress-verification/independent-peer/inspect-capsule-schema.closed.json',
    'docs/operators/deployment/releases/2026-10-06-g7-native26-calibration-progress-verification/independent-peer/inspect-capsule-schema.py',
-   'docs/operators/deployment/releases/2026-10-06-g7-native26-calibration-progress-verification/independent-peer/inspect-capsule-schema.stderr.log',
-   'docs/operators/deployment/releases/2026-10-06-g7-native26-calibration-progress-verification/independent-peer/inspect-capsule-schema.stdout.log',
    'docs/operators/deployment/releases/2026-10-06-g7-native26-calibration-progress-verification/independent-peer/inspect-capsule.closed.json',
    'docs/operators/deployment/releases/2026-10-06-g7-native26-calibration-progress-verification/independent-peer/inspect-capsule.mjs',
-   'docs/operators/deployment/releases/2026-10-06-g7-native26-calibration-progress-verification/independent-peer/inspect-capsule.stderr.log',
-   'docs/operators/deployment/releases/2026-10-06-g7-native26-calibration-progress-verification/independent-peer/inspect-capsule.stdout.log',
    'docs/operators/deployment/releases/2026-10-06-g7-native26-calibration-progress-verification/independent-peer/inspect-final-admission.closed.json',
    'docs/operators/deployment/releases/2026-10-06-g7-native26-calibration-progress-verification/independent-peer/inspect-final-admission.mjs',
-   'docs/operators/deployment/releases/2026-10-06-g7-native26-calibration-progress-verification/independent-peer/inspect-final-admission.stderr.log',
-   'docs/operators/deployment/releases/2026-10-06-g7-native26-calibration-progress-verification/independent-peer/inspect-final-admission.stdout.log',
    'docs/operators/deployment/releases/2026-10-06-g7-native26-calibration-progress-verification/independent-peer/inspect-final-config.closed.json',
    'docs/operators/deployment/releases/2026-10-06-g7-native26-calibration-progress-verification/independent-peer/inspect-final-config.mjs',
-   'docs/operators/deployment/releases/2026-10-06-g7-native26-calibration-progress-verification/independent-peer/inspect-final-config.stderr.log',
-   'docs/operators/deployment/releases/2026-10-06-g7-native26-calibration-progress-verification/independent-peer/inspect-final-config.stdout.log',
    'docs/operators/deployment/releases/2026-10-06-g7-native26-calibration-progress-verification/independent-peer/prepare-archive-audit-continuation.closed.json',
    'docs/operators/deployment/releases/2026-10-06-g7-native26-calibration-progress-verification/independent-peer/prepare-archive-audit-continuation.py',
-   'docs/operators/deployment/releases/2026-10-06-g7-native26-calibration-progress-verification/independent-peer/prepare-archive-audit-continuation.stderr.log',
-   'docs/operators/deployment/releases/2026-10-06-g7-native26-calibration-progress-verification/independent-peer/prepare-archive-audit-continuation.stdout.log',
    'docs/operators/deployment/releases/2026-10-06-g7-native26-calibration-progress-verification/independent-peer/seal-independent-archive.closed.json',
    'docs/operators/deployment/releases/2026-10-06-g7-native26-calibration-progress-verification/independent-peer/seal-independent-archive.mjs',
-   'docs/operators/deployment/releases/2026-10-06-g7-native26-calibration-progress-verification/independent-peer/seal-independent-archive.stderr.log',
-   'docs/operators/deployment/releases/2026-10-06-g7-native26-calibration-progress-verification/independent-peer/seal-independent-archive.stdout.log',
    'docs/operators/deployment/releases/2026-10-06-g7-native26-calibration-progress-verification/root/audit-final-archive-stage.mjs',
    'docs/operators/deployment/releases/2026-10-06-g7-native26-calibration-progress-verification/root/collection-final.result.json',
-   'docs/operators/deployment/releases/2026-10-06-g7-native26-calibration-progress-verification/root/collection-final.stderr.log',
-   'docs/operators/deployment/releases/2026-10-06-g7-native26-calibration-progress-verification/root/collection-final.stdout.log',
    'docs/operators/deployment/releases/2026-10-06-g7-native26-calibration-progress-verification/root/configure-final-collection.mjs',
    'docs/operators/deployment/releases/2026-10-06-g7-native26-calibration-progress-verification/root/configure-final-collection.result.json',
-   'docs/operators/deployment/releases/2026-10-06-g7-native26-calibration-progress-verification/root/configure-final-collection.stderr.log',
-   'docs/operators/deployment/releases/2026-10-06-g7-native26-calibration-progress-verification/root/configure-final-collection.stdout.log',
    'docs/operators/deployment/releases/2026-10-06-g7-native26-calibration-progress-verification/root/final-archive-checklist-proof.json',
    'docs/operators/deployment/releases/2026-10-06-g7-native26-calibration-progress-verification/root/final-archive-cutover.deployment-guard.json',
    'docs/operators/deployment/releases/2026-10-06-g7-native26-calibration-progress-verification/root/final-cutover-guard.result.json',
-   'docs/operators/deployment/releases/2026-10-06-g7-native26-calibration-progress-verification/root/final-cutover-guard.stderr.log',
-   'docs/operators/deployment/releases/2026-10-06-g7-native26-calibration-progress-verification/root/final-cutover-guard.stdout.log',
    'docs/operators/deployment/releases/2026-10-06-g7-native26-calibration-progress-verification/root/freeze-late-root.result.json',
-   'docs/operators/deployment/releases/2026-10-06-g7-native26-calibration-progress-verification/root/freeze-late-root.stderr.log',
-   'docs/operators/deployment/releases/2026-10-06-g7-native26-calibration-progress-verification/root/freeze-late-root.stdout.log',
    'docs/operators/deployment/releases/2026-10-06-g7-native26-calibration-progress-verification/root/frozen-late-root-index.json',
    'docs/operators/deployment/releases/2026-10-06-g7-native26-calibration-progress-verification/root/guard-live-cutover.mjs',
    'docs/operators/deployment/releases/2026-10-06-g7-native26-calibration-progress-verification/root/install-frozen-archive.mjs',
    'docs/operators/deployment/releases/2026-10-06-g7-native26-calibration-progress-verification/root/portable-verification-final.json',
    'docs/operators/deployment/releases/2026-10-06-g7-native26-calibration-progress-verification/root/portable-verification-final.result.json',
-   'docs/operators/deployment/releases/2026-10-06-g7-native26-calibration-progress-verification/root/portable-verification-final.stderr.log',
-   'docs/operators/deployment/releases/2026-10-06-g7-native26-calibration-progress-verification/root/portable-verification-final.stdout.log',
    'docs/operators/deployment/releases/2026-10-06-g7-native26-calibration-progress-verification/root/update-final-archive-checklist.mjs',
    'docs/operators/deployment/releases/2026-10-06-g7-native26-calibration-progress-verification/root/update-final-checklist.result.json',
-   'docs/operators/deployment/releases/2026-10-06-g7-native26-calibration-progress-verification/root/update-final-checklist.stderr.log',
-   'docs/operators/deployment/releases/2026-10-06-g7-native26-calibration-progress-verification/root/update-final-checklist.stdout.log',
    'docs/operators/deployment/releases/2026-10-06-g7-native26-calibration-progress-verification/root/verification-final.json',
    'docs/operators/deployment/releases/2026-10-06-g7-native26-calibration-progress-verification/root/verification-final.result.json',
-   'docs/operators/deployment/releases/2026-10-06-g7-native26-calibration-progress-verification/root/verification-final.stderr.log',
-   'docs/operators/deployment/releases/2026-10-06-g7-native26-calibration-progress-verification/root/verification-final.stdout.log',
    'docs/operators/deployment/releases/2026-10-06-g7-native26-calibration-progress-verification/tools/collect-evidence.mjs',
    'docs/operators/deployment/releases/2026-10-06-g7-native26-calibration-progress-verification/tools/direct-socket-dialect.mjs',
    'docs/operators/deployment/releases/2026-10-06-g7-native26-calibration-progress-verification/tools/evidence-lib.mjs',
    'docs/operators/deployment/releases/2026-10-06-g7-native26-calibration-progress-verification/tools/frozen-data-binding.mjs',
    'docs/operators/deployment/releases/2026-10-06-g7-native26-calibration-progress-verification/tools/frozen-data-original-pins-v3.json',
...
    'docs/operators/deployment/releases/2026-10-06-g7-native26-calibration-progress/all-frozen-first-admission-owner/finalize-first-admission-owner.result.json',
-   'docs/operators/deployment/releases/2026-10-06-g7-native26-calibration-progress/all-frozen-first-admission-owner/finalize-first-admission-owner.stderr.log',
-   'docs/operators/deployment/releases/2026-10-06-g7-native26-calibration-progress/all-frozen-first-admission-owner/finalize-first-admission-owner.stdout.log',
    'docs/operators/deployment/releases/2026-10-06-g7-native26-calibration-progress/all-frozen-first-admission-owner/original-full-frozen-audit.json.gz',
    'docs/operators/deployment/releases/2026-10-06-g7-native26-calibration-progress/all-frozen-first-admission-owner/original-full-frozen-audit.result.json',
-   'docs/operators/deployment/releases/2026-10-06-g7-native26-calibration-progress/all-frozen-first-admission-owner/original-full-frozen-audit.stderr.log',
-   'docs/operators/deployment/releases/2026-10-06-g7-native26-calibration-progress/all-frozen-first-admission-owner/original-full-frozen-audit.stdout.log',
    'docs/operators/deployment/releases/2026-10-06-g7-native26-calibration-progress/all-frozen-first-admission-owner/prepare-data-reader.result.json',
-   'docs/operators/deployment/releases/2026-10-06-g7-native26-calibration-progress/all-frozen-first-admission-owner/prepare-data-reader.stderr.log',
-   'docs/operators/deployment/releases/2026-10-06-g7-native26-calibration-progress/all-frozen-first-admission-owner/prepare-data-reader.stdout.log',
    'docs/operators/deployment/releases/2026-10-06-g7-native26-calibration-progress/all-frozen-first-admission-owner/prepare-final-config.result.json',
-   'docs/operators/deployment/releases/2026-10-06-g7-native26-calibration-progress/all-frozen-first-admission-owner/prepare-final-config.stderr.log',
-   'docs/operators/deployment/releases/2026-10-06-g7-native26-calibration-progress/all-frozen-first-admission-owner/prepare-final-config.stdout.log',
    'docs/operators/deployment/releases/2026-10-06-g7-native26-calibration-progress/all-frozen-first-admission-owner/prepare-final-frozen-config.mjs',
    'docs/operators/deployment/releases/2026-10-06-g7-native26-calibration-progress/all-frozen-first-admission-owner/run-tool-closed.mjs',
    'docs/operators/deployment/releases/2026-10-06-g7-native26-calibration-progress/all-frozen-new-reader-owner/FINAL-all-frozen-data-reader-preparation.json',
    'docs/operators/deployment/releases/2026-10-06-g7-native26-calibration-progress/all-frozen-new-reader-owner/README-FROZEN-DATA-READER.md',
    'docs/operators/deployment/releases/2026-10-06-g7-native26-calibration-progress/all-frozen-new-reader-owner/STOPWRITE-all-frozen-data-reader-seal.json',
    'docs/operators/deployment/releases/2026-10-06-g7-native26-calibration-progress/all-frozen-new-reader-owner/add-final-peer-config.mjs',
    'docs/operators/deployment/releases/2026-10-06-g7-native26-calibration-progress/all-frozen-new-reader-owner/add-final-peer-config.result.json',
-   'docs/operators/deployment/releases/2026-10-06-g7-native26-calibration-progress/all-frozen-new-reader-owner/add-final-peer-config.stderr.log',
-   'docs/operators/deployment/releases/2026-10-06-g7-native26-calibration-progress/all-frozen-new-reader-owner/add-final-peer-config.stdout.log',
    'docs/operators/deployment/releases/2026-10-06-g7-native26-calibration-progress/all-frozen-new-reader-owner/add-late-frozen-root.mjs',
    'docs/operators/deployment/releases/2026-10-06-g7-native26-calibration-progress/all-frozen-new-reader-owner/add-late-frozen-root.result.json',
-   'docs/operators/deployment/releases/2026-10-06-g7-native26-calibration-progress/all-frozen-new-reader-owner/add-late-frozen-root.stderr.log',
-   'docs/operators/deployment/releases/2026-10-06-g7-native26-calibration-progress/all-frozen-new-reader-owner/add-late-frozen-root.stdout.log',
    'docs/operators/deployment/releases/2026-10-06-g7-native26-calibration-progress/all-frozen-new-reader-owner/add-stdin-exact-pins.mjs',
    'docs/operators/deployment/releases/2026-10-06-g7-native26-calibration-progress/all-frozen-new-reader-owner/add-stdin-exact-pins.result.json',
-   'docs/operators/deployment/releases/2026-10-06-g7-native26-calibration-progress/all-frozen-new-reader-owner/add-stdin-exact-pins.stderr.log',
-   'docs/operators/deployment/releases/2026-10-06-g7-native26-calibration-progress/all-frozen-new-reader-owner/add-stdin-exact-pins.stdout.log',
    'docs/operators/deployment/releases/2026-10-06-g7-native26-calibration-progress/all-frozen-new-reader-owner/all-frozen-data-config-v2.json.gz',
    'docs/operators/deployment/releases/2026-10-06-g7-native26-calibration-progress/all-frozen-new-reader-owner/all-frozen-data-config.json.gz',
    'docs/operators/deployment/releases/2026-10-06-g7-native26-calibration-progress/all-frozen-new-reader-owner/all-frozen-final-config-v2.json.gz',
    'docs/operators/deployment/releases/2026-10-06-g7-native26-calibration-progress/all-frozen-new-reader-owner/all-frozen-final-config-v3.json.gz',
    'docs/operators/deployment/releases/2026-10-06-g7-native26-calibration-progress/all-frozen-new-reader-owner/all-frozen-final-config.json.gz',
...
    'docs/operators/deployment/releases/2026-10-06-g7-native26-calibration-progress/all-frozen-new-reader-owner/exact-data-binding-controls.result.json',
-   'docs/operators/deployment/releases/2026-10-06-g7-native26-calibration-progress/all-frozen-new-reader-owner/exact-data-binding-controls.stderr.log',
-   'docs/operators/deployment/releases/2026-10-06-g7-native26-calibration-progress/all-frozen-new-reader-owner/exact-data-binding-controls.stdout.log',
    'docs/operators/deployment/releases/2026-10-06-g7-native26-calibration-progress/all-frozen-new-reader-owner/exact-source-patches-final.json',
    'docs/operators/deployment/releases/2026-10-06-g7-native26-calibration-progress/all-frozen-new-reader-owner/exact-source-patches.json',
    'docs/operators/deployment/releases/2026-10-06-g7-native26-calibration-progress/all-frozen-new-reader-owner/final-all-frozen-pure-audit.json.gz',
    'docs/operators/deployment/releases/2026-10-06-g7-native26-calibration-progress/all-frozen-new-reader-owner/final-all-frozen-pure-audit.result.json',
-   'docs/operators/deployment/releases/2026-10-06-g7-native26-calibration-progress/all-frozen-new-reader-owner/final-all-frozen-pure-audit.stderr.log',
-   'docs/operators/deployment/releases/2026-10-06-g7-native26-calibration-progress/all-frozen-new-reader-owner/final-all-frozen-pure-audit.stdout.log',
    'docs/operators/deployment/releases/2026-10-06-g7-native26-calibration-progress/all-frozen-new-reader-owner/first-data-bound-pure-audit.json.gz',
    'docs/operators/deployment/releases/2026-10-06-g7-native26-calibration-progress/all-frozen-new-reader-owner/first-data-bound-pure-audit.result.json',
-   'docs/operators/deployment/releases/2026-10-06-g7-native26-calibration-progress/all-frozen-new-reader-owner/first-data-bound-pure-audit.stderr.log',
-   'docs/operators/deployment/releases/2026-10-06-g7-native26-calibration-progress/all-frozen-new-reader-owner/first-data-bound-pure-audit.stdout.log',
    'docs/operators/deployment/releases/2026-10-06-g7-native26-calibration-progress/all-frozen-new-reader-owner/freeze-first-and-finalize-tools.mjs',
    'docs/operators/deployment/releases/2026-10-06-g7-native26-calibration-progress/all-frozen-new-reader-owner/freeze-first-and-finalize-tools.result.json',
-   'docs/operators/deployment/releases/2026-10-06-g7-native26-calibration-progress/all-frozen-new-reader-owner/freeze-first-and-finalize-tools.stderr.log',
-   'docs/operators/deployment/releases/2026-10-06-g7-native26-calibration-progress/all-frozen-new-reader-owner/freeze-first-and-finalize-tools.stdout.log',
    'docs/operators/deployment/releases/2026-10-06-g7-native26-calibration-progress/all-frozen-new-reader-owner/frozen-data-binding-controls.mjs',
    'docs/operators/deployment/releases/2026-10-06-g7-native26-calibration-progress/all-frozen-new-reader-owner/frozen-data-binding.mjs',
    'docs/operators/deployment/releases/2026-10-06-g7-native26-calibration-progress/all-frozen-new-reader-owner/frozen-data-original-pins-v2.json.gz',
    'docs/operators/deployment/releases/2026-10-06-g7-native26-calibration-progress/all-frozen-new-reader-owner/frozen-data-original-pins-v3.json.gz',
    'docs/operators/deployment/releases/2026-10-06-g7-native26-calibration-progress/all-frozen-new-reader-owner/frozen-data-original-pins.json.gz',
...
    'docs/operators/deployment/releases/2026-10-06-g7-native26-calibration-progress/all-frozen-new-reader-owner/new-data-module-syntax.result.json',
-   'docs/operators/deployment/releases/2026-10-06-g7-native26-calibration-progress/all-frozen-new-reader-owner/new-data-module-syntax.stderr.log',
-   'docs/operators/deployment/releases/2026-10-06-g7-native26-calibration-progress/all-frozen-new-reader-owner/new-data-module-syntax.stdout.log',
    'docs/operators/deployment/releases/2026-10-06-g7-native26-calibration-progress/all-frozen-new-reader-owner/new-lib-syntax.result.json',
-   'docs/operators/deployment/releases/2026-10-06-g7-native26-calibration-progress/all-frozen-new-reader-owner/new-lib-syntax.stderr.log',
-   'docs/operators/deployment/releases/2026-10-06-g7-native26-calibration-progress/all-frozen-new-reader-owner/new-lib-syntax.stdout.log',
    'docs/operators/deployment/releases/2026-10-06-g7-native26-calibration-progress/all-frozen-new-reader-owner/old-association28.result.json',
-   'docs/operators/deployment/releases/2026-10-06-g7-native26-calibration-progress/all-frozen-new-reader-owner/old-association28.stderr.log',
-   'docs/operators/deployment/releases/2026-10-06-g7-native26-calibration-progress/all-frozen-new-reader-owner/old-association28.stdout.log',
    'docs/operators/deployment/releases/2026-10-06-g7-native26-calibration-progress/all-frozen-new-reader-owner/old-closure10.result.json',
-   'docs/operators/deployment/releases/2026-10-06-g7-native26-calibration-progress/all-frozen-new-reader-owner/old-closure10.stderr.log',
-   'docs/operators/deployment/releases/2026-10-06-g7-native26-calibration-progress/all-frozen-new-reader-owner/old-closure10.stdout.log',
    'docs/operators/deployment/releases/2026-10-06-g7-native26-calibration-progress/all-frozen-new-reader-owner/old-direct64.result.json',
-   'docs/operators/deployment/releases/2026-10-06-g7-native26-calibration-progress/all-frozen-new-reader-owner/old-direct64.stderr.log',
-   'docs/operators/deployment/releases/2026-10-06-g7-native26-calibration-progress/all-frozen-new-reader-owner/old-direct64.stdout.log',
    'docs/operators/deployment/releases/2026-10-06-g7-native26-calibration-progress/all-frozen-new-reader-owner/old-g7-output37.result.json',
-   'docs/operators/deployment/releases/2026-10-06-g7-native26-calibration-progress/all-frozen-new-reader-owner/old-g7-output37.stderr.log',
-   'docs/operators/deployment/releases/2026-10-06-g7-native26-calibration-progress/all-frozen-new-reader-owner/old-g7-output37.stdout.log',
    'docs/operators/deployment/releases/2026-10-06-g7-native26-calibration-progress/all-frozen-new-reader-owner/old-generic12.result.json',
-   'docs/operators/deployment/releases/2026-10-06-g7-native26-calibration-progress/all-frozen-new-reader-owner/old-generic12.stderr.log',
-   'docs/operators/deployment/releases/2026-10-06-g7-native26-calibration-progress/all-frozen-new-reader-owner/old-generic12.stdout.log',
    'docs/operators/deployment/releases/2026-10-06-g7-native26-calibration-progress/all-frozen-new-reader-owner/old-native59-info20.result.json',
-   'docs/operators/deployment/releases/2026-10-06-g7-native26-calibration-progress/all-frozen-new-reader-owner/old-native59-info20.stderr.log',
-   'docs/operators/deployment/releases/2026-10-06-g7-native26-calibration-progress/all-frozen-new-reader-owner/old-native59-info20.stdout.log',
    'docs/operators/deployment/releases/2026-10-06-g7-native26-calibration-progress/all-frozen-new-reader-owner/patch-data-reader.mjs',
    'docs/operators/deployment/releases/2026-10-06-g7-native26-calibration-progress/all-frozen-new-reader-owner/patch-data-reader.result.json',
-   'docs/operators/deployment/releases/2026-10-06-g7-native26-calibration-progress/all-frozen-new-reader-owner/patch-data-reader.stderr.log',
-   'docs/operators/deployment/releases/2026-10-06-g7-native26-calibration-progress/all-frozen-new-reader-owner/patch-data-reader.stdout.log',
    'docs/operators/deployment/releases/2026-10-06-g7-native26-calibration-progress/all-frozen-new-reader-owner/prepare-data-reader-v2.result.json',
-   'docs/operators/deployment/releases/2026-10-06-g7-native26-calibration-progress/all-frozen-new-reader-owner/prepare-data-reader-v2.stderr.log',
-   'docs/operators/deployment/releases/2026-10-06-g7-native26-calibration-progress/all-frozen-new-reader-owner/prepare-data-reader-v2.stdout.log',
    'docs/operators/deployment/releases/2026-10-06-g7-native26-calibration-progress/all-frozen-new-reader-owner/prepare-data-reader-v3.mjs',
    'docs/operators/deployment/releases/2026-10-06-g7-native26-calibration-progress/all-frozen-new-reader-owner/prepare-data-reader-v3.result.json',
-   'docs/operators/deployment/releases/2026-10-06-g7-native26-calibration-progress/all-frozen-new-reader-owner/prepare-data-reader-v3.stderr.log',
-   'docs/operators/deployment/releases/2026-10-06-g7-native26-calibration-progress/all-frozen-new-reader-owner/prepare-data-reader-v3.stdout.log',
    'docs/operators/deployment/releases/2026-10-06-g7-native26-calibration-progress/all-frozen-new-reader-owner/prepare-data-reader.mjs',
    'docs/operators/deployment/releases/2026-10-06-g7-native26-calibration-progress/all-frozen-new-reader-owner/previous-native59-tool-source-pins.json',
    'docs/operators/deployment/releases/2026-10-06-g7-native26-calibration-progress/all-frozen-new-reader-owner/run-tool-closed.mjs',
    'docs/operators/deployment/releases/2026-10-06-g7-native26-calibration-progress/all-frozen-new-reader-owner/verify-evidence.mjs',
    'docs/operators/deployment/releases/2026-10-06-g7-native26-calibration-progress/all-frozen-new-reader-owner/write-prepare-v3.mjs',
    'docs/operators/deployment/releases/2026-10-06-g7-native26-calibration-progress/all-frozen-new-reader-owner/write-prepare-v3.result.json',
-   'docs/operators/deployment/releases/2026-10-06-g7-native26-calibration-progress/all-frozen-new-reader-owner/write-prepare-v3.stderr.log',
-   'docs/operators/deployment/releases/2026-10-06-g7-native26-calibration-progress/all-frozen-new-reader-owner/write-prepare-v3.stdout.log',
    'docs/operators/deployment/releases/2026-10-06-g7-native26-calibration-progress/archive-frozen-inventory/FINAL-readonly-inventory-advisory.json',
    'docs/operators/deployment/releases/2026-10-06-g7-native26-calibration-progress/archive-frozen-inventory/FINAL-readonly-inventory-seal.json',
    'docs/operators/deployment/releases/2026-10-06-g7-native26-calibration-progress/archive-frozen-inventory/finalize-readonly-inventory.mjs',
    'docs/operators/deployment/releases/2026-10-06-g7-native26-calibration-progress/archive-frozen-inventory/frozen-roots-inventory.json.gz',
    'docs/operators/deployment/releases/2026-10-06-g7-native26-calibration-progress/archive-frozen-inventory/future-subset-config-advisory.json',
...
    'docs/operators/deployment/releases/2026-10-06-g7-native26-calibration-progress/archive-subset-preparation/enhanced-four-root-bound-audit.result.json',
-   'docs/operators/deployment/releases/2026-10-06-g7-native26-calibration-progress/archive-subset-preparation/enhanced-four-root-bound-audit.stderr.log',
-   'docs/operators/deployment/releases/2026-10-06-g7-native26-calibration-progress/archive-subset-preparation/enhanced-four-root-bound-audit.stdout.log',
    'docs/operators/deployment/releases/2026-10-06-g7-native26-calibration-progress/archive-subset-preparation/enhanced-lib-syntax.result.json',
-   'docs/operators/deployment/releases/2026-10-06-g7-native26-calibration-progress/archive-subset-preparation/enhanced-lib-syntax.stderr.log',
-   'docs/operators/deployment/releases/2026-10-06-g7-native26-calibration-progress/archive-subset-preparation/enhanced-lib-syntax.stdout.log',
    'docs/operators/deployment/releases/2026-10-06-g7-native26-calibration-progress/archive-subset-preparation/enhanced-tools/collect-evidence.mjs',
    'docs/operators/deployment/releases/2026-10-06-g7-native26-calibration-progress/archive-subset-preparation/enhanced-tools/collector-closure-boundary-tests.mjs',
    'docs/operators/deployment/releases/2026-10-06-g7-native26-calibration-progress/archive-subset-preparation/enhanced-tools/collector-controlled-tests.mjs',
    'docs/operators/deployment/releases/2026-10-06-g7-native26-calibration-progress/archive-subset-preparation/enhanced-tools/collector-explicit-association-tests.mjs',
    'docs/operators/deployment/releases/2026-10-06-g7-native26-calibration-progress/archive-subset-preparation/enhanced-tools/collector-g7-boundary-descriptor-tests.mjs',
...
    'docs/operators/deployment/releases/2026-10-06-g7-native26-calibration-progress/archive-subset-preparation/final-advisory-seal-preparation.result.json',
-   'docs/operators/deployment/releases/2026-10-06-g7-native26-calibration-progress/archive-subset-preparation/final-advisory-seal-preparation.stderr.log',
-   'docs/operators/deployment/releases/2026-10-06-g7-native26-calibration-progress/archive-subset-preparation/final-advisory-seal-preparation.stdout.log',
    'docs/operators/deployment/releases/2026-10-06-g7-native26-calibration-progress/archive-subset-preparation/final-prepared-subset-audit.result.json',
-   'docs/operators/deployment/releases/2026-10-06-g7-native26-calibration-progress/archive-subset-preparation/final-prepared-subset-audit.stderr.log',
-   'docs/operators/deployment/releases/2026-10-06-g7-native26-calibration-progress/archive-subset-preparation/final-prepared-subset-audit.stdout.log',
    'docs/operators/deployment/releases/2026-10-06-g7-native26-calibration-progress/archive-subset-preparation/finalize-prepared-subset-advisory.mjs',
    'docs/operators/deployment/releases/2026-10-06-g7-native26-calibration-progress/archive-subset-preparation/four-frozen-roots-bound-config.json',
    'docs/operators/deployment/releases/2026-10-06-g7-native26-calibration-progress/archive-subset-preparation/four-frozen-roots-initial-config.json',
    'docs/operators/deployment/releases/2026-10-06-g7-native26-calibration-progress/archive-subset-preparation/historical-observer-original-reference/082-docker.result.json',
-   'docs/operators/deployment/releases/2026-10-06-g7-native26-calibration-progress/archive-subset-preparation/historical-observer-original-reference/082-docker.stderr.log',
-   'docs/operators/deployment/releases/2026-10-06-g7-native26-calibration-progress/archive-subset-preparation/historical-observer-original-reference/082-docker.stdout.log',
    'docs/operators/deployment/releases/2026-10-06-g7-native26-calibration-progress/archive-subset-preparation/historical-observer-original-reference/083-docker.result.json',
-   'docs/operators/deployment/releases/2026-10-06-g7-native26-calibration-progress/archive-subset-preparation/historical-observer-original-reference/083-docker.stderr.log',
-   'docs/operators/deployment/releases/2026-10-06-g7-native26-calibration-progress/archive-subset-preparation/historical-observer-original-reference/083-docker.stdout.log',
    'docs/operators/deployment/releases/2026-10-06-g7-native26-calibration-progress/archive-subset-preparation/historical-observer-original-reference/immutable-original-source-index.json',
    'docs/operators/deployment/releases/2026-10-06-g7-native26-calibration-progress/archive-subset-preparation/historical-observer-original-reference/result.json',
    'docs/operators/deployment/releases/2026-10-06-g7-native26-calibration-progress/archive-subset-preparation/historical-observer-original-reference/wire-result.json',
    'docs/operators/deployment/releases/2026-10-06-g7-native26-calibration-progress/archive-subset-preparation/new-producer-controls.result.json',
-   'docs/operators/deployment/releases/2026-10-06-g7-native26-calibration-progress/archive-subset-preparation/new-producer-controls.stderr.log',
-   'docs/operators/deployment/releases/2026-10-06-g7-native26-calibration-progress/archive-subset-preparation/new-producer-controls.stdout.log',
    'docs/operators/deployment/releases/2026-10-06-g7-native26-calibration-progress/archive-subset-preparation/new-tool-patch-scope.json',
    'docs/operators/deployment/releases/2026-10-06-g7-native26-calibration-progress/archive-subset-preparation/old-four-root-audit.json.gz',
    'docs/operators/deployment/releases/2026-10-06-g7-native26-calibration-progress/archive-subset-preparation/old-four-root-audit.result.json',
-   'docs/operators/deployment/releases/2026-10-06-g7-native26-calibration-progress/archive-subset-preparation/old-four-root-audit.stderr.log',
-   'docs/operators/deployment/releases/2026-10-06-g7-native26-calibration-progress/archive-subset-preparation/old-four-root-audit.stdout.log',
    'docs/operators/deployment/releases/2026-10-06-g7-native26-calibration-progress/archive-subset-preparation/original-frozen-tools-index.json',
    'docs/operators/deployment/releases/2026-10-06-g7-native26-calibration-progress/archive-subset-preparation/preparation-tool-return-provenance.json',
    'docs/operators/deployment/releases/2026-10-06-g7-native26-calibration-progress/archive-subset-preparation/prepare-four-frozen-roots.mjs',
    'docs/operators/deployment/releases/2026-10-06-g7-native26-calibration-progress/archive-subset-preparation/prepare-minimal-g7-dialect.mjs',
    'docs/operators/deployment/releases/2026-10-06-g7-native26-calibration-progress/archive-subset-preparation/prepared-subset-final-proof.json',
...
    'docs/operators/deployment/releases/2026-10-06-g7-native26-calibration-progress/archive-subset-preparation/unchanged-association-regression.result.json',
-   'docs/operators/deployment/releases/2026-10-06-g7-native26-calibration-progress/archive-subset-preparation/unchanged-association-regression.stderr.log',
-   'docs/operators/deployment/releases/2026-10-06-g7-native26-calibration-progress/archive-subset-preparation/unchanged-association-regression.stdout.log',
    'docs/operators/deployment/releases/2026-10-06-g7-native26-calibration-progress/archive-subset-preparation/unchanged-closure-regression.result.json',
-   'docs/operators/deployment/releases/2026-10-06-g7-native26-calibration-progress/archive-subset-preparation/unchanged-closure-regression.stderr.log',
-   'docs/operators/deployment/releases/2026-10-06-g7-native26-calibration-progress/archive-subset-preparation/unchanged-closure-regression.stdout.log',
    'docs/operators/deployment/releases/2026-10-06-g7-native26-calibration-progress/archive-subset-preparation/unchanged-controlled-regression.result.json',
-   'docs/operators/deployment/releases/2026-10-06-g7-native26-calibration-progress/archive-subset-preparation/unchanged-controlled-regression.stderr.log',
-   'docs/operators/deployment/releases/2026-10-06-g7-native26-calibration-progress/archive-subset-preparation/unchanged-controlled-regression.stdout.log',
    'docs/operators/deployment/releases/2026-10-06-g7-native26-calibration-progress/canonical-calibration-terminal-peer/FINAL-canonical-calibration-terminal-independent-peer-seal.json',
    'docs/operators/deployment/releases/2026-10-06-g7-native26-calibration-progress/canonical-calibration-terminal-peer/FINAL-canonical-calibration-terminal-independent-peer.json.gz',
    'docs/operators/deployment/releases/2026-10-06-g7-native26-calibration-progress/canonical-calibration-terminal-peer/audit-terminal-v2.closed.json',
    'docs/operators/deployment/releases/2026-10-06-g7-native26-calibration-progress/canonical-calibration-terminal-peer/audit-terminal-v2.mjs',
-   'docs/operators/deployment/releases/2026-10-06-g7-native26-calibration-progress/canonical-calibration-terminal-peer/audit-terminal-v2.stderr.log',
-   'docs/operators/deployment/releases/2026-10-06-g7-native26-calibration-progress/canonical-calibration-terminal-peer/audit-terminal-v2.stdout.log',
    'docs/operators/deployment/releases/2026-10-06-g7-native26-calibration-progress/canonical-calibration-terminal-peer/audit-terminal.closed.json',
    'docs/operators/deployment/releases/2026-10-06-g7-native26-calibration-progress/canonical-calibration-terminal-peer/audit-terminal.mjs',
-   'docs/operators/deployment/releases/2026-10-06-g7-native26-calibration-progress/canonical-calibration-terminal-peer/audit-terminal.stderr.log',
-   'docs/operators/deployment/releases/2026-10-06-g7-native26-calibration-progress/canonical-calibration-terminal-peer/audit-terminal.stdout.log',
    'docs/operators/deployment/releases/2026-10-06-g7-native26-calibration-progress/canonical-calibration-terminal-peer/inspect-terminal-schema.closed.json',
    'docs/operators/deployment/releases/2026-10-06-g7-native26-calibration-progress/canonical-calibration-terminal-peer/inspect-terminal-schema.mjs',
-   'docs/operators/deployment/releases/2026-10-06-g7-native26-calibration-progress/canonical-calibration-terminal-peer/inspect-terminal-schema.stderr.log',
-   'docs/operators/deployment/releases/2026-10-06-g7-native26-calibration-progress/canonical-calibration-terminal-peer/inspect-terminal-schema.stdout.log',
    'docs/operators/deployment/releases/2026-10-06-g7-native26-calibration-progress/canonical-calibration-terminal-peer/run-closed.mjs',
    'docs/operators/deployment/releases/2026-10-06-g7-native26-calibration-progress/canonical-calibration-terminal-peer/seal-terminal.closed.json',
    'docs/operators/deployment/releases/2026-10-06-g7-native26-calibration-progress/canonical-calibration-terminal-peer/seal-terminal.mjs',
-   'docs/operators/deployment/releases/2026-10-06-g7-native26-calibration-progress/canonical-calibration-terminal-peer/seal-terminal.stderr.log',
-   'docs/operators/deployment/releases/2026-10-06-g7-native26-calibration-progress/canonical-calibration-terminal-peer/seal-terminal.stdout.log',
    'docs/operators/deployment/releases/2026-10-06-g7-native26-calibration-progress/canonical-calibration-terminal-peer/source-package-1.closed.json',
-   'docs/operators/deployment/releases/2026-10-06-g7-native26-calibration-progress/canonical-calibration-terminal-peer/source-package-1.stderr.log',
-   'docs/operators/deployment/releases/2026-10-06-g7-native26-calibration-progress/canonical-calibration-terminal-peer/source-package-1.stdout.log',
    'docs/operators/deployment/releases/2026-10-06-g7-native26-calibration-progress/canonical-calibration-terminal-peer/source-package-2.closed.json',
-   'docs/operators/deployment/releases/2026-10-06-g7-native26-calibration-progress/canonical-calibration-terminal-peer/source-package-2.stderr.log',
-   'docs/operators/deployment/releases/2026-10-06-g7-native26-calibration-progress/canonical-calibration-terminal-peer/source-package-2.stdout.log',
    'docs/operators/deployment/releases/2026-10-06-g7-native26-calibration-progress/canonical-calibration-terminal-peer/source-package-3.closed.json',
-   'docs/operators/deployment/releases/2026-10-06-g7-native26-calibration-progress/canonical-calibration-terminal-peer/source-package-3.stderr.log',
-   'docs/operators/deployment/releases/2026-10-06-g7-native26-calibration-progress/canonical-calibration-terminal-peer/source-package-3.stdout.log',
    'docs/operators/deployment/releases/2026-10-06-g7-native26-calibration-progress/canonical-calibration-terminal-peer/source-package-4.closed.json',
-   'docs/operators/deployment/releases/2026-10-06-g7-native26-calibration-progress/canonical-calibration-terminal-peer/source-package-4.stderr.log',
-   'docs/operators/deployment/releases/2026-10-06-g7-native26-calibration-progress/canonical-calibration-terminal-peer/source-package-4.stdout.log',
    'docs/operators/deployment/releases/2026-10-06-g7-native26-calibration-progress/canonical-calibration-terminal-peer/source-package-5.closed.json',
-   'docs/operators/deployment/releases/2026-10-06-g7-native26-calibration-progress/canonical-calibration-terminal-peer/source-package-5.stderr.log',
-   'docs/operators/deployment/releases/2026-10-06-g7-native26-calibration-progress/canonical-calibration-terminal-peer/source-package-5.stdout.log',
    'docs/operators/deployment/releases/2026-10-06-g7-native26-calibration-progress/canonical-calibration-terminal-peer/source-package-6.closed.json',
-   'docs/operators/deployment/releases/2026-10-06-g7-native26-calibration-progress/canonical-calibration-terminal-peer/source-package-6.stderr.log',
-   'docs/operators/deployment/releases/2026-10-06-g7-native26-calibration-progress/canonical-calibration-terminal-peer/source-package-6.stdout.log',
    'docs/operators/deployment/releases/2026-10-06-g7-native26-calibration-progress/canonical-calibration-terminal-peer/source-package-7.closed.json',
-   'docs/operators/deployment/releases/2026-10-06-g7-native26-calibration-progress/canonical-calibration-terminal-peer/source-package-7.stderr.log',
-   'docs/operators/deployment/releases/2026-10-06-g7-native26-calibration-progress/canonical-calibration-terminal-peer/source-package-7.stdout.log',
    'docs/operators/deployment/releases/2026-10-06-g7-native26-calibration-progress/canonical-calibration-terminal-peer/source-protected-1.closed.json',
-   'docs/operators/deployment/releases/2026-10-06-g7-native26-calibration-progress/canonical-calibration-terminal-peer/source-protected-1.stderr.log',
-   'docs/operators/deployment/releases/2026-10-06-g7-native26-calibration-progress/canonical-calibration-terminal-peer/source-protected-1.stdout.log',
    'docs/operators/deployment/releases/2026-10-06-g7-native26-calibration-progress/canonical-calibration-terminal-peer/source-protected-10.closed.json',
-   'docs/operators/deployment/releases/2026-10-06-g7-native26-calibration-progress/canonical-calibration-terminal-peer/source-protected-10.stderr.log',
-   'docs/operators/deployment/releases/2026-10-06-g7-native26-calibration-progress/canonical-calibration-terminal-peer/source-protected-10.stdout.log',
    'docs/operators/deployment/releases/2026-10-06-g7-native26-calibration-progress/canonical-calibration-terminal-peer/source-protected-11.closed.json',
-   'docs/operators/deployment/releases/2026-10-06-g7-native26-calibration-progress/canonical-calibration-terminal-peer/source-protected-11.stderr.log',
-   'docs/operators/deployment/releases/2026-10-06-g7-native26-calibration-progress/canonical-calibration-terminal-peer/source-protected-11.stdout.log',
    'docs/operators/deployment/releases/2026-10-06-g7-native26-calibration-progress/canonical-calibration-terminal-peer/source-protected-12.closed.json',
-   'docs/operators/deployment/releases/2026-10-06-g7-native26-calibration-progress/canonical-calibration-terminal-peer/source-protected-12.stderr.log',
-   'docs/operators/deployment/releases/2026-10-06-g7-native26-calibration-progress/canonical-calibration-terminal-peer/source-protected-12.stdout.log',
    'docs/operators/deployment/releases/2026-10-06-g7-native26-calibration-progress/canonical-calibration-terminal-peer/source-protected-13.closed.json',
-   'docs/operators/deployment/releases/2026-10-06-g7-native26-calibration-progress/canonical-calibration-terminal-peer/source-protected-13.stderr.log',
-   'docs/operators/deployment/releases/2026-10-06-g7-native26-calibration-progress/canonical-calibration-terminal-peer/source-protected-13.stdout.log',
    'docs/operators/deployment/releases/2026-10-06-g7-native26-calibration-progress/canonical-calibration-terminal-peer/source-protected-14.closed.json',
-   'docs/operators/deployment/releases/2026-10-06-g7-native26-calibration-progress/canonical-calibration-terminal-peer/source-protected-14.stderr.log',
-   'docs/operators/deployment/releases/2026-10-06-g7-native26-calibration-progress/canonical-calibration-terminal-peer/source-protected-14.stdout.log',
    'docs/operators/deployment/releases/2026-10-06-g7-native26-calibration-progress/canonical-calibration-terminal-peer/source-protected-15.closed.json',
-   'docs/operators/deployment/releases/2026-10-06-g7-native26-calibration-progress/canonical-calibration-terminal-peer/source-protected-15.stderr.log',
-   'docs/operators/deployment/releases/2026-10-06-g7-native26-calibration-progress/canonical-calibration-terminal-peer/source-protected-15.stdout.log',
    'docs/operators/deployment/releases/2026-10-06-g7-native26-calibration-progress/canonical-calibration-terminal-peer/source-protected-16.closed.json',
-   'docs/operators/deployment/releases/2026-10-06-g7-native26-calibration-progress/canonical-calibration-terminal-peer/source-protected-16.stderr.log',
-   'docs/operators/deployment/releases/2026-10-06-g7-native26-calibration-progress/canonical-calibration-terminal-peer/source-protected-16.stdout.log',
    'docs/operators/deployment/releases/2026-10-06-g7-native26-calibration-progress/canonical-calibration-terminal-peer/source-protected-17.closed.json',
-   'docs/operators/deployment/releases/2026-10-06-g7-native26-calibration-progress/canonical-calibration-terminal-peer/source-protected-17.stderr.log',
-   'docs/operators/deployment/releases/2026-10-06-g7-native26-calibration-progress/canonical-calibration-terminal-peer/source-protected-17.stdout.log',
    'docs/operators/deployment/releases/2026-10-06-g7-native26-calibration-progress/canonical-calibration-terminal-peer/source-protected-18.closed.json',
-   'docs/operators/deployment/releases/2026-10-06-g7-native26-calibration-progress/canonical-calibration-terminal-peer/source-protected-18.stderr.log',
-   'docs/operators/deployment/releases/2026-10-06-g7-native26-calibration-progress/canonical-calibration-terminal-peer/source-protected-18.stdout.log',
    'docs/operators/deployment/releases/2026-10-06-g7-native26-calibration-progress/canonical-calibration-terminal-peer/source-protected-19.closed.json',
-   'docs/operators/deployment/releases/2026-10-06-g7-native26-calibration-progress/canonical-calibration-terminal-peer/source-protected-19.stderr.log',
-   'docs/operators/deployment/releases/2026-10-06-g7-native26-calibration-progress/canonical-calibration-terminal-peer/source-protected-19.stdout.log',
    'docs/operators/deployment/releases/2026-10-06-g7-native26-calibration-progress/canonical-calibration-terminal-peer/source-protected-2.closed.json',
-   'docs/operators/deployment/releases/2026-10-06-g7-native26-calibration-progress/canonical-calibration-terminal-peer/source-protected-2.stderr.log',
-   'docs/operators/deployment/releases/2026-10-06-g7-native26-calibration-progress/canonical-calibration-terminal-peer/source-protected-2.stdout.log',
    'docs/operators/deployment/releases/2026-10-06-g7-native26-calibration-progress/canonical-calibration-terminal-peer/source-protected-20.closed.json',
-   'docs/operators/deployment/releases/2026-10-06-g7-native26-calibration-progress/canonical-calibration-terminal-peer/source-protected-20.stderr.log',
-   'docs/operators/deployment/releases/2026-10-06-g7-native26-calibration-progress/canonical-calibration-terminal-peer/source-protected-20.stdout.log',
    'docs/operators/deployment/releases/2026-10-06-g7-native26-calibration-progress/canonical-calibration-terminal-peer/source-protected-21.closed.json',
-   'docs/operators/deployment/releases/2026-10-06-g7-native26-calibration-progress/canonical-calibration-terminal-peer/source-protected-21.stderr.log',
-   'docs/operators/deployment/releases/2026-10-06-g7-native26-calibration-progress/canonical-calibration-terminal-peer/source-protected-21.stdout.log',
    'docs/operators/deployment/releases/2026-10-06-g7-native26-calibration-progress/canonical-calibration-terminal-peer/source-protected-3.closed.json',
-   'docs/operators/deployment/releases/2026-10-06-g7-native26-calibration-progress/canonical-calibration-terminal-peer/source-protected-3.stderr.log',
-   'docs/operators/deployment/releases/2026-10-06-g7-native26-calibration-progress/canonical-calibration-terminal-peer/source-protected-3.stdout.log',
    'docs/operators/deployment/releases/2026-10-06-g7-native26-calibration-progress/canonical-calibration-terminal-peer/source-protected-4.closed.json',
-   'docs/operators/deployment/releases/2026-10-06-g7-native26-calibration-progress/canonical-calibration-terminal-peer/source-protected-4.stderr.log',
-   'docs/operators/deployment/releases/2026-10-06-g7-native26-calibration-progress/canonical-calibration-terminal-peer/source-protected-4.stdout.log',
    'docs/operators/deployment/releases/2026-10-06-g7-native26-calibration-progress/canonical-calibration-terminal-peer/source-protected-5.closed.json',
-   'docs/operators/deployment/releases/2026-10-06-g7-native26-calibration-progress/canonical-calibration-terminal-peer/source-protected-5.stderr.log',
-   'docs/operators/deployment/releases/2026-10-06-g7-native26-calibration-progress/canonical-calibration-terminal-peer/source-protected-5.stdout.log',
    'docs/operators/deployment/releases/2026-10-06-g7-native26-calibration-progress/canonical-calibration-terminal-peer/source-protected-6.closed.json',
-   'docs/operators/deployment/releases/2026-10-06-g7-native26-calibration-progress/canonical-calibration-terminal-peer/source-protected-6.stderr.log',
-   'docs/operators/deployment/releases/2026-10-06-g7-native26-calibration-progress/canonical-calibration-terminal-peer/source-protected-6.stdout.log',
    'docs/operators/deployment/releases/2026-10-06-g7-native26-calibration-progress/canonical-calibration-terminal-peer/source-protected-7.closed.json',
-   'docs/operators/deployment/releases/2026-10-06-g7-native26-calibration-progress/canonical-calibration-terminal-peer/source-protected-7.stderr.log',
-   'docs/operators/deployment/releases/2026-10-06-g7-native26-calibration-progress/canonical-calibration-terminal-peer/source-protected-7.stdout.log',
    'docs/operators/deployment/releases/2026-10-06-g7-native26-calibration-progress/canonical-calibration-terminal-peer/source-protected-8.closed.json',
-   'docs/operators/deployment/releases/2026-10-06-g7-native26-calibration-progress/canonical-calibration-terminal-peer/source-protected-8.stderr.log',
    'docs/operators/deployment/releases/2026-10-06-g7-native26-calibration-progress/canonical-calibration-terminal-peer/source-protected-8.stdout.log.gz',
    'docs/operators/deployment/releases/2026-10-06-g7-native26-calibration-progress/canonical-calibration-terminal-peer/source-protected-9.closed.json',
-   'docs/operators/deployment/releases/2026-10-06-g7-native26-calibration-progress/canonical-calibration-terminal-peer/source-protected-9.stderr.log',
-   'docs/operators/deployment/releases/2026-10-06-g7-native26-calibration-progress/canonical-calibration-terminal-peer/source-protected-9.stdout.log',
    'docs/operators/deployment/releases/2026-10-06-g7-native26-calibration-progress/current-frozen-index-input/COPY-PROVENANCE.json',
    'docs/operators/deployment/releases/2026-10-06-g7-native26-calibration-progress/current-frozen-index-input/frozen-current-root-index.json.gz',
    'docs/operators/deployment/releases/2026-10-06-g7-native26-calibration-progress/current-terminal-evidence/after-canonical-calibration.deployment-guard.json',
    'docs/operators/deployment/releases/2026-10-06-g7-native26-calibration-progress/current-terminal-evidence/after-native26-push.deployment-guard.json',
    'docs/operators/deployment/releases/2026-10-06-g7-native26-calibration-progress/current-terminal-evidence/analyze-g7-terminal-v2.mjs',
    'docs/operators/deployment/releases/2026-10-06-g7-native26-calibration-progress/current-terminal-evidence/analyze-g7-terminal-v2.result.json',
-   'docs/operators/deployment/releases/2026-10-06-g7-native26-calibration-progress/current-terminal-evidence/analyze-g7-terminal-v2.stderr.log',
-   'docs/operators/deployment/releases/2026-10-06-g7-native26-calibration-progress/current-terminal-evidence/analyze-g7-terminal-v2.stdout.log',
    'docs/operators/deployment/releases/2026-10-06-g7-native26-calibration-progress/current-terminal-evidence/analyze-g7-terminal.mjs',
    'docs/operators/deployment/releases/2026-10-06-g7-native26-calibration-progress/current-terminal-evidence/analyze-g7-terminal.result.json',
-   'docs/operators/deployment/releases/2026-10-06-g7-native26-calibration-progress/current-terminal-evidence/analyze-g7-terminal.stderr.log',
-   'docs/operators/deployment/releases/2026-10-06-g7-native26-calibration-progress/current-terminal-evidence/analyze-g7-terminal.stdout.log',
    'docs/operators/deployment/releases/2026-10-06-g7-native26-calibration-progress/current-terminal-evidence/analyze-native-terminal.mjs',
    'docs/operators/deployment/releases/2026-10-06-g7-native26-calibration-progress/current-terminal-evidence/analyze-native-terminal.result.json',
-   'docs/operators/deployment/releases/2026-10-06-g7-native26-calibration-progress/current-terminal-evidence/analyze-native-terminal.stderr.log',
-   'docs/operators/deployment/releases/2026-10-06-g7-native26-calibration-progress/current-terminal-evidence/analyze-native-terminal.stdout.log',
    'docs/operators/deployment/releases/2026-10-06-g7-native26-calibration-progress/current-terminal-evidence/audit-calibration-stage.mjs',
    'docs/operators/deployment/releases/2026-10-06-g7-native26-calibration-progress/current-terminal-evidence/calibrated-push-cutover-guard.result.json',
-   'docs/operators/deployment/releases/2026-10-06-g7-native26-calibration-progress/current-terminal-evidence/calibrated-push-cutover-guard.stderr.log',
-   'docs/operators/deployment/releases/2026-10-06-g7-native26-calibration-progress/current-terminal-evidence/calibrated-push-cutover-guard.stdout.log',
    'docs/operators/deployment/releases/2026-10-06-g7-native26-calibration-progress/current-terminal-evidence/calibration-base-helper.result.json',
-   'docs/operators/deployment/releases/2026-10-06-g7-native26-calibration-progress/current-terminal-evidence/calibration-base-helper.stderr.log',
-   'docs/operators/deployment/releases/2026-10-06-g7-native26-calibration-progress/current-terminal-evidence/calibration-base-helper.stdout.log',
    'docs/operators/deployment/releases/2026-10-06-g7-native26-calibration-progress/current-terminal-evidence/calibration-base-sealed.result.json',
-   'docs/operators/deployment/releases/2026-10-06-g7-native26-calibration-progress/current-terminal-evidence/calibration-base-sealed.stderr.log',
-   'docs/operators/deployment/releases/2026-10-06-g7-native26-calibration-progress/current-terminal-evidence/calibration-base-sealed.stdout.log',
    'docs/operators/deployment/releases/2026-10-06-g7-native26-calibration-progress/current-terminal-evidence/calibration-new-head.result.json',
-   'docs/operators/deployment/releases/2026-10-06-g7-native26-calibration-progress/current-terminal-evidence/calibration-new-head.stderr.log',
-   'docs/operators/deployment/releases/2026-10-06-g7-native26-calibration-progress/current-terminal-evidence/calibration-new-head.stdout.log',
    'docs/operators/deployment/releases/2026-10-06-g7-native26-calibration-progress/current-terminal-evidence/calibration-new-remote.result.json',
-   'docs/operators/deployment/releases/2026-10-06-g7-native26-calibration-progress/current-terminal-evidence/calibration-new-remote.stderr.log',
-   'docs/operators/deployment/releases/2026-10-06-g7-native26-calibration-progress/current-terminal-evidence/calibration-new-remote.stdout.log',
    'docs/operators/deployment/releases/2026-10-06-g7-native26-calibration-progress/current-terminal-evidence/calibration-release-log.result.json',
-   'docs/operators/deployment/releases/2026-10-06-g7-native26-calibration-progress/current-terminal-evidence/calibration-release-log.stderr.log',
-   'docs/operators/deployment/releases/2026-10-06-g7-native26-calibration-progress/current-terminal-evidence/calibration-release-log.stdout.log',
    'docs/operators/deployment/releases/2026-10-06-g7-native26-calibration-progress/current-terminal-evidence/calibration-source-ci-list.result.json',
-   'docs/operators/deployment/releases/2026-10-06-g7-native26-calibration-progress/current-terminal-evidence/calibration-source-ci-list.stderr.log',
-   'docs/operators/deployment/releases/2026-10-06-g7-native26-calibration-progress/current-terminal-evidence/calibration-source-ci-list.stdout.log',
    'docs/operators/deployment/releases/2026-10-06-g7-native26-calibration-progress/current-terminal-evidence/calibration-stage-audit.json',
    'docs/operators/deployment/releases/2026-10-06-g7-native26-calibration-progress/current-terminal-evidence/calibration-stage-audit.result.json',
-   'docs/operators/deployment/releases/2026-10-06-g7-native26-calibration-progress/current-terminal-evidence/calibration-stage-audit.stderr.log',
-   'docs/operators/deployment/releases/2026-10-06-g7-native26-calibration-progress/current-terminal-evidence/calibration-stage-audit.stdout.log',
    'docs/operators/deployment/releases/2026-10-06-g7-native26-calibration-progress/current-terminal-evidence/calibration-stage-read-1.result.json',
-   'docs/operators/deployment/releases/2026-10-06-g7-native26-calibration-progress/current-terminal-evidence/calibration-stage-read-1.stderr.log',
-   'docs/operators/deployment/releases/2026-10-06-g7-native26-calibration-progress/current-terminal-evidence/calibration-stage-read-1.stdout.log',
    'docs/operators/deployment/releases/2026-10-06-g7-native26-calibration-progress/current-terminal-evidence/calibration-stage-read-10.result.json',
-   'docs/operators/deployment/releases/2026-10-06-g7-native26-calibration-progress/current-terminal-evidence/calibration-stage-read-10.stderr.log',
-   'docs/operators/deployment/releases/2026-10-06-g7-native26-calibration-progress/current-terminal-evidence/calibration-stage-read-10.stdout.log',
    'docs/operators/deployment/releases/2026-10-06-g7-native26-calibration-progress/current-terminal-evidence/calibration-stage-read-11.result.json',
-   'docs/operators/deployment/releases/2026-10-06-g7-native26-calibration-progress/current-terminal-evidence/calibration-stage-read-11.stderr.log',
    'docs/operators/deployment/releases/2026-10-06-g7-native26-calibration-progress/current-terminal-evidence/calibration-stage-read-11.stdout.log.gz',
    'docs/operators/deployment/releases/2026-10-06-g7-native26-calibration-progress/current-terminal-evidence/calibration-stage-read-12.result.json',
-   'docs/operators/deployment/releases/2026-10-06-g7-native26-calibration-progress/current-terminal-evidence/calibration-stage-read-12.stderr.log',
-   'docs/operators/deployment/releases/2026-10-06-g7-native26-calibration-progress/current-terminal-evidence/calibration-stage-read-12.stdout.log',
    'docs/operators/deployment/releases/2026-10-06-g7-native26-calibration-progress/current-terminal-evidence/calibration-stage-read-13.result.json',
-   'docs/operators/deployment/releases/2026-10-06-g7-native26-calibration-progress/current-terminal-evidence/calibration-stage-read-13.stderr.log',
-   'docs/operators/deployment/releases/2026-10-06-g7-native26-calibration-progress/current-terminal-evidence/calibration-stage-read-13.stdout.log',
    'docs/operators/deployment/releases/2026-10-06-g7-native26-calibration-progress/current-terminal-evidence/calibration-stage-read-2.result.json',
-   'docs/operators/deployment/releases/2026-10-06-g7-native26-calibration-progress/current-terminal-evidence/calibration-stage-read-2.stderr.log',
-   'docs/operators/deployment/releases/2026-10-06-g7-native26-calibration-progress/current-terminal-evidence/calibration-stage-read-2.stdout.log',
    'docs/operators/deployment/releases/2026-10-06-g7-native26-calibration-progress/current-terminal-evidence/calibration-stage-read-3.result.json',
-   'docs/operators/deployment/releases/2026-10-06-g7-native26-calibration-progress/current-terminal-evidence/calibration-stage-read-3.stderr.log',
-   'docs/operators/deployment/releases/2026-10-06-g7-native26-calibration-progress/current-terminal-evidence/calibration-stage-read-3.stdout.log',
    'docs/operators/deployment/releases/2026-10-06-g7-native26-calibration-progress/current-terminal-evidence/calibration-stage-read-4.result.json',
-   'docs/operators/deployment/releases/2026-10-06-g7-native26-calibration-progress/current-terminal-evidence/calibration-stage-read-4.stderr.log',
-   'docs/operators/deployment/releases/2026-10-06-g7-native26-calibration-progress/current-terminal-evidence/calibration-stage-read-4.stdout.log',
    'docs/operators/deployment/releases/2026-10-06-g7-native26-calibration-progress/current-terminal-evidence/calibration-stage-read-5.result.json',
-   'docs/operators/deployment/releases/2026-10-06-g7-native26-calibration-progress/current-terminal-evidence/calibration-stage-read-5.stderr.log',
-   'docs/operators/deployment/releases/2026-10-06-g7-native26-calibration-progress/current-terminal-evidence/calibration-stage-read-5.stdout.log',
    'docs/operators/deployment/releases/2026-10-06-g7-native26-calibration-progress/current-terminal-evidence/calibration-stage-read-6.result.json',
-   'docs/operators/deployment/releases/2026-10-06-g7-native26-calibration-progress/current-terminal-evidence/calibration-stage-read-6.stderr.log',
-   'docs/operators/deployment/releases/2026-10-06-g7-native26-calibration-progress/current-terminal-evidence/calibration-stage-read-6.stdout.log',
    'docs/operators/deployment/releases/2026-10-06-g7-native26-calibration-progress/current-terminal-evidence/calibration-stage-read-7.result.json',
-   'docs/operators/deployment/releases/2026-10-06-g7-native26-calibration-progress/current-terminal-evidence/calibration-stage-read-7.stderr.log',
-   'docs/operators/deployment/releases/2026-10-06-g7-native26-calibration-progress/current-terminal-evidence/calibration-stage-read-7.stdout.log',
    'docs/operators/deployment/releases/2026-10-06-g7-native26-calibration-progress/current-terminal-evidence/calibration-stage-read-8.result.json',
-   'docs/operators/deployment/releases/2026-10-06-g7-native26-calibration-progress/current-terminal-evidence/calibration-stage-read-8.stderr.log',
-   'docs/operators/deployment/releases/2026-10-06-g7-native26-calibration-progress/current-terminal-evidence/calibration-stage-read-8.stdout.log',
    'docs/operators/deployment/releases/2026-10-06-g7-native26-calibration-progress/current-terminal-evidence/calibration-stage-read-9.result.json',
-   'docs/operators/deployment/releases/2026-10-06-g7-native26-calibration-progress/current-terminal-evidence/calibration-stage-read-9.stderr.log',
-   'docs/operators/deployment/releases/2026-10-06-g7-native26-calibration-progress/current-terminal-evidence/calibration-stage-read-9.stdout.log',
    'docs/operators/deployment/releases/2026-10-06-g7-native26-calibration-progress/current-terminal-evidence/canonical-calibration-1.raw.result.json',
-   'docs/operators/deployment/releases/2026-10-06-g7-native26-calibration-progress/current-terminal-evidence/canonical-calibration-1.raw.stderr.log',
-   'docs/operators/deployment/releases/2026-10-06-g7-native26-calibration-progress/current-terminal-evidence/canonical-calibration-1.raw.stdout.log',
    'docs/operators/deployment/releases/2026-10-06-g7-native26-calibration-progress/current-terminal-evidence/canonical-calibration-artifact-metadata.result.json',
-   'docs/operators/deployment/releases/2026-10-06-g7-native26-calibration-progress/current-terminal-evidence/canonical-calibration-artifact-metadata.stderr.log',
-   'docs/operators/deployment/releases/2026-10-06-g7-native26-calibration-progress/current-terminal-evidence/canonical-calibration-artifact-metadata.stdout.log',
    'docs/operators/deployment/releases/2026-10-06-g7-native26-calibration-progress/current-terminal-evidence/canonical-calibration-artifact/_temp/v364-direct-socket-once-37414167261-1/closed-result.json',
    'docs/operators/deployment/releases/2026-10-06-g7-native26-calibration-progress/current-terminal-evidence/canonical-calibration-artifact/_temp/v364-direct-socket-once-37414167261-1/events.json.gz',
    'docs/operators/deployment/releases/2026-10-06-g7-native26-calibration-progress/current-terminal-evidence/canonical-calibration-artifact/_temp/v364-direct-socket-once-37414167261-1/events.ndjson.gz',
    'docs/operators/deployment/releases/2026-10-06-g7-native26-calibration-progress/current-terminal-evidence/canonical-calibration-artifact/_temp/v364-direct-socket-once-37414167261-1/executor-start.json',
    'docs/operators/deployment/releases/2026-10-06-g7-native26-calibration-progress/current-terminal-evidence/canonical-calibration-artifact/_temp/v364-direct-socket-once-37414167261-1/executor.closed.json',
...
    'docs/operators/deployment/releases/2026-10-06-g7-native26-calibration-progress/current-terminal-evidence/canonical-calibration-current.result.json',
-   'docs/operators/deployment/releases/2026-10-06-g7-native26-calibration-progress/current-terminal-evidence/canonical-calibration-current.stderr.log',
-   'docs/operators/deployment/releases/2026-10-06-g7-native26-calibration-progress/current-terminal-evidence/canonical-calibration-current.stdout.log',
    'docs/operators/deployment/releases/2026-10-06-g7-native26-calibration-progress/current-terminal-evidence/canonical-calibration-terminal-log.result.json',
-   'docs/operators/deployment/releases/2026-10-06-g7-native26-calibration-progress/current-terminal-evidence/canonical-calibration-terminal-log.stderr.log',
-   'docs/operators/deployment/releases/2026-10-06-g7-native26-calibration-progress/current-terminal-evidence/canonical-calibration-terminal-log.stdout.log',
    'docs/operators/deployment/releases/2026-10-06-g7-native26-calibration-progress/current-terminal-evidence/checklist-before-native26-results.md.gz',
    'docs/operators/deployment/releases/2026-10-06-g7-native26-calibration-progress/current-terminal-evidence/checklist-before.md.gz',
    'docs/operators/deployment/releases/2026-10-06-g7-native26-calibration-progress/current-terminal-evidence/commit-calibration-and-results.result.json',
-   'docs/operators/deployment/releases/2026-10-06-g7-native26-calibration-progress/current-terminal-evidence/commit-calibration-and-results.stderr.log',
-   'docs/operators/deployment/releases/2026-10-06-g7-native26-calibration-progress/current-terminal-evidence/commit-calibration-and-results.stdout.log',
    'docs/operators/deployment/releases/2026-10-06-g7-native26-calibration-progress/current-terminal-evidence/commit-native26-direct.result.json',
-   'docs/operators/deployment/releases/2026-10-06-g7-native26-calibration-progress/current-terminal-evidence/commit-native26-direct.stderr.log',
-   'docs/operators/deployment/releases/2026-10-06-g7-native26-calibration-progress/current-terminal-evidence/commit-native26-direct.stdout.log',
    'docs/operators/deployment/releases/2026-10-06-g7-native26-calibration-progress/current-terminal-evidence/commit-preparation.result.json',
-   'docs/operators/deployment/releases/2026-10-06-g7-native26-calibration-progress/current-terminal-evidence/commit-preparation.stderr.log',
-   'docs/operators/deployment/releases/2026-10-06-g7-native26-calibration-progress/current-terminal-evidence/commit-preparation.stdout.log',
    'docs/operators/deployment/releases/2026-10-06-g7-native26-calibration-progress/current-terminal-evidence/compose-progress-1.raw.result.json',
-   'docs/operators/deployment/releases/2026-10-06-g7-native26-calibration-progress/current-terminal-evidence/compose-progress-1.raw.stderr.log',
-   'docs/operators/deployment/releases/2026-10-06-g7-native26-calibration-progress/current-terminal-evidence/compose-progress-1.raw.stdout.log',
    'docs/operators/deployment/releases/2026-10-06-g7-native26-calibration-progress/current-terminal-evidence/compose-progress-1.result.json',
-   'docs/operators/deployment/releases/2026-10-06-g7-native26-calibration-progress/current-terminal-evidence/compose-progress-1.stderr.log',
-   'docs/operators/deployment/releases/2026-10-06-g7-native26-calibration-progress/current-terminal-evidence/compose-progress-1.stdout.log',
    'docs/operators/deployment/releases/2026-10-06-g7-native26-calibration-progress/current-terminal-evidence/compose-terminal-log.result.json',
-   'docs/operators/deployment/releases/2026-10-06-g7-native26-calibration-progress/current-terminal-evidence/compose-terminal-log.stderr.log',
    'docs/operators/deployment/releases/2026-10-06-g7-native26-calibration-progress/current-terminal-evidence/compose-terminal-log.stdout.log.gz',
    'docs/operators/deployment/releases/2026-10-06-g7-native26-calibration-progress/current-terminal-evidence/compose-terminal-read.raw.result.json',
-   'docs/operators/deployment/releases/2026-10-06-g7-native26-calibration-progress/current-terminal-evidence/compose-terminal-read.raw.stderr.log',
-   'docs/operators/deployment/releases/2026-10-06-g7-native26-calibration-progress/current-terminal-evidence/compose-terminal-read.raw.stdout.log',
    'docs/operators/deployment/releases/2026-10-06-g7-native26-calibration-progress/current-terminal-evidence/compose-terminal-read.result.json',
-   'docs/operators/deployment/releases/2026-10-06-g7-native26-calibration-progress/current-terminal-evidence/compose-terminal-read.stderr.log',
-   'docs/operators/deployment/releases/2026-10-06-g7-native26-calibration-progress/current-terminal-evidence/compose-terminal-read.stdout.log',
    'docs/operators/deployment/releases/2026-10-06-g7-native26-calibration-progress/current-terminal-evidence/current-change-diff.result.json',
-   'docs/operators/deployment/releases/2026-10-06-g7-native26-calibration-progress/current-terminal-evidence/current-change-diff.stderr.log',
-   'docs/operators/deployment/releases/2026-10-06-g7-native26-calibration-progress/current-terminal-evidence/current-change-diff.stdout.log',
    'docs/operators/deployment/releases/2026-10-06-g7-native26-calibration-progress/current-terminal-evidence/direct-artifact-current/_temp/v364-direct-socket-once-37412108171-1/closed-result.json',
    'docs/operators/deployment/releases/2026-10-06-g7-native26-calibration-progress/current-terminal-evidence/direct-artifact-current/_temp/v364-direct-socket-once-37412108171-1/events.json.gz',
    'docs/operators/deployment/releases/2026-10-06-g7-native26-calibration-progress/current-terminal-evidence/direct-artifact-current/_temp/v364-direct-socket-once-37412108171-1/events.ndjson.gz',
    'docs/operators/deployment/releases/2026-10-06-g7-native26-calibration-progress/current-terminal-evidence/direct-artifact-current/_temp/v364-direct-socket-once-37412108171-1/executor-start.json',
    'docs/operators/deployment/releases/2026-10-06-g7-native26-calibration-progress/current-terminal-evidence/direct-artifact-current/_temp/v364-direct-socket-once-37412108171-1/executor.closed.json',
...
    'docs/operators/deployment/releases/2026-10-06-g7-native26-calibration-progress/current-terminal-evidence/direct-current-1.raw.result.json',
-   'docs/operators/deployment/releases/2026-10-06-g7-native26-calibration-progress/current-terminal-evidence/direct-current-1.raw.stderr.log',
-   'docs/operators/deployment/releases/2026-10-06-g7-native26-calibration-progress/current-terminal-evidence/direct-current-1.raw.stdout.log',
    'docs/operators/deployment/releases/2026-10-06-g7-native26-calibration-progress/current-terminal-evidence/direct-current-snapshot.result.json',
-   'docs/operators/deployment/releases/2026-10-06-g7-native26-calibration-progress/current-terminal-evidence/direct-current-snapshot.stderr.log',
-   'docs/operators/deployment/releases/2026-10-06-g7-native26-calibration-progress/current-terminal-evidence/direct-current-snapshot.stdout.log',
    'docs/operators/deployment/releases/2026-10-06-g7-native26-calibration-progress/current-terminal-evidence/direct-terminal-artifact-metadata.result.json',
-   'docs/operators/deployment/releases/2026-10-06-g7-native26-calibration-progress/current-terminal-evidence/direct-terminal-artifact-metadata.stderr.log',
-   'docs/operators/deployment/releases/2026-10-06-g7-native26-calibration-progress/current-terminal-evidence/direct-terminal-artifact-metadata.stdout.log',
    'docs/operators/deployment/releases/2026-10-06-g7-native26-calibration-progress/current-terminal-evidence/direct-terminal-log.result.json',
-   'docs/operators/deployment/releases/2026-10-06-g7-native26-calibration-progress/current-terminal-evidence/direct-terminal-log.stderr.log',
-   'docs/operators/deployment/releases/2026-10-06-g7-native26-calibration-progress/current-terminal-evidence/direct-terminal-log.stdout.log',
    'docs/operators/deployment/releases/2026-10-06-g7-native26-calibration-progress/current-terminal-evidence/dispatch-canonical-calibration.result.json',
-   'docs/operators/deployment/releases/2026-10-06-g7-native26-calibration-progress/current-terminal-evidence/dispatch-canonical-calibration.stderr.log',
-   'docs/operators/deployment/releases/2026-10-06-g7-native26-calibration-progress/current-terminal-evidence/dispatch-canonical-calibration.stdout.log',
    'docs/operators/deployment/releases/2026-10-06-g7-native26-calibration-progress/current-terminal-evidence/dispatch-direct-socket.result.json',
-   'docs/operators/deployment/releases/2026-10-06-g7-native26-calibration-progress/current-terminal-evidence/dispatch-direct-socket.stderr.log',
-   'docs/operators/deployment/releases/2026-10-06-g7-native26-calibration-progress/current-terminal-evidence/dispatch-direct-socket.stdout.log',
    'docs/operators/deployment/releases/2026-10-06-g7-native26-calibration-progress/current-terminal-evidence/dispatch-g7-main.result.json',
-   'docs/operators/deployment/releases/2026-10-06-g7-native26-calibration-progress/current-terminal-evidence/dispatch-g7-main.stderr.log',
-   'docs/operators/deployment/releases/2026-10-06-g7-native26-calibration-progress/current-terminal-evidence/dispatch-g7-main.stdout.log',
    'docs/operators/deployment/releases/2026-10-06-g7-native26-calibration-progress/current-terminal-evidence/dispatch-g7.result.json',
-   'docs/operators/deployment/releases/2026-10-06-g7-native26-calibration-progress/current-terminal-evidence/dispatch-g7.stderr.log',
-   'docs/operators/deployment/releases/2026-10-06-g7-native26-calibration-progress/current-terminal-evidence/dispatch-g7.stdout.log',
    'docs/operators/deployment/releases/2026-10-06-g7-native26-calibration-progress/current-terminal-evidence/dispatch-terminal-failed.result.json',
-   'docs/operators/deployment/releases/2026-10-06-g7-native26-calibration-progress/current-terminal-evidence/dispatch-terminal-failed.stderr.log',
-   'docs/operators/deployment/releases/2026-10-06-g7-native26-calibration-progress/current-terminal-evidence/dispatch-terminal-failed.stdout.log',
    'docs/operators/deployment/releases/2026-10-06-g7-native26-calibration-progress/current-terminal-evidence/download-canonical-calibration-artifact.result.json',
-   'docs/operators/deployment/releases/2026-10-06-g7-native26-calibration-progress/current-terminal-evidence/download-canonical-calibration-artifact.stderr.log',
-   'docs/operators/deployment/releases/2026-10-06-g7-native26-calibration-progress/current-terminal-evidence/download-canonical-calibration-artifact.stdout.log',
    'docs/operators/deployment/releases/2026-10-06-g7-native26-calibration-progress/current-terminal-evidence/download-direct-terminal-artifact.result.json',
-   'docs/operators/deployment/releases/2026-10-06-g7-native26-calibration-progress/current-terminal-evidence/download-direct-terminal-artifact.stderr.log',
-   'docs/operators/deployment/releases/2026-10-06-g7-native26-calibration-progress/current-terminal-evidence/download-direct-terminal-artifact.stdout.log',
    'docs/operators/deployment/releases/2026-10-06-g7-native26-calibration-progress/current-terminal-evidence/final-preparation-checklist.result.json',
-   'docs/operators/deployment/releases/2026-10-06-g7-native26-calibration-progress/current-terminal-evidence/final-preparation-checklist.stderr.log',
-   'docs/operators/deployment/releases/2026-10-06-g7-native26-calibration-progress/current-terminal-evidence/final-preparation-checklist.stdout.log',
    'docs/operators/deployment/releases/2026-10-06-g7-native26-calibration-progress/current-terminal-evidence/find-g7-handle.result.json',
-   'docs/operators/deployment/releases/2026-10-06-g7-native26-calibration-progress/current-terminal-evidence/find-g7-handle.stderr.log',
-   'docs/operators/deployment/releases/2026-10-06-g7-native26-calibration-progress/current-terminal-evidence/find-g7-handle.stdout.log',
    'docs/operators/deployment/releases/2026-10-06-g7-native26-calibration-progress/current-terminal-evidence/finish-preparation-checklist.mjs',
    'docs/operators/deployment/releases/2026-10-06-g7-native26-calibration-progress/current-terminal-evidence/g7-artifact-current/001-git.result.json',
-   'docs/operators/deployment/releases/2026-10-06-g7-native26-calibration-progress/current-terminal-evidence/g7-artifact-current/001-git.stderr.log',
-   'docs/operators/deployment/releases/2026-10-06-g7-native26-calibration-progress/current-terminal-evidence/g7-artifact-current/001-git.stdout.log',
    'docs/operators/deployment/releases/2026-10-06-g7-native26-calibration-progress/current-terminal-evidence/g7-artifact-current/002-git.result.json',
-   'docs/operators/deployment/releases/2026-10-06-g7-native26-calibration-progress/current-terminal-evidence/g7-artifact-current/002-git.stderr.log',
-   'docs/operators/deployment/releases/2026-10-06-g7-native26-calibration-progress/current-terminal-evidence/g7-artifact-current/002-git.stdout.log',
    'docs/operators/deployment/releases/2026-10-06-g7-native26-calibration-progress/current-terminal-evidence/g7-artifact-current/003-docker.result.json',
-   'docs/operators/deployment/releases/2026-10-06-g7-native26-calibration-progress/current-terminal-evidence/g7-artifact-current/003-docker.stderr.log',
-   'docs/operators/deployment/releases/2026-10-06-g7-native26-calibration-progress/current-terminal-evidence/g7-artifact-current/003-docker.stdout.log',
    'docs/operators/deployment/releases/2026-10-06-g7-native26-calibration-progress/current-terminal-evidence/g7-artifact-current/004-docker.result.json',
-   'docs/operators/deployment/releases/2026-10-06-g7-native26-calibration-progress/current-terminal-evidence/g7-artifact-current/004-docker.stderr.log',
-   'docs/operators/deployment/releases/2026-10-06-g7-native26-calibration-progress/current-terminal-evidence/g7-artifact-current/004-docker.stdout.log',
    'docs/operators/deployment/releases/2026-10-06-g7-native26-calibration-progress/current-terminal-evidence/g7-artifact-current/005-docker.result.json',
-   'docs/operators/deployment/releases/2026-10-06-g7-native26-calibration-progress/current-terminal-evidence/g7-artifact-current/005-docker.stderr.log',
-   'docs/operators/deployment/releases/2026-10-06-g7-native26-calibration-progress/current-terminal-evidence/g7-artifact-current/005-docker.stdout.log',
    'docs/operators/deployment/releases/2026-10-06-g7-native26-calibration-progress/current-terminal-evidence/g7-artifact-current/006-docker.result.json',
-   'docs/operators/deployment/releases/2026-10-06-g7-native26-calibration-progress/current-terminal-evidence/g7-artifact-current/006-docker.stderr.log',
-   'docs/operators/deployment/releases/2026-10-06-g7-native26-calibration-progress/current-terminal-evidence/g7-artifact-current/006-docker.stdout.log',
    'docs/operators/deployment/releases/2026-10-06-g7-native26-calibration-progress/current-terminal-evidence/g7-artifact-current/007-docker.result.json',
-   'docs/operators/deployment/releases/2026-10-06-g7-native26-calibration-progress/current-terminal-evidence/g7-artifact-current/007-docker.stderr.log',
-   'docs/operators/deployment/releases/2026-10-06-g7-native26-calibration-progress/current-terminal-evidence/g7-artifact-current/007-docker.stdout.log',
    'docs/operators/deployment/releases/2026-10-06-g7-native26-calibration-progress/current-terminal-evidence/g7-artifact-current/008-docker.result.json',
-   'docs/operators/deployment/releases/2026-10-06-g7-native26-calibration-progress/current-terminal-evidence/g7-artifact-current/008-docker.stderr.log',
-   'docs/operators/deployment/releases/2026-10-06-g7-native26-calibration-progress/current-terminal-evidence/g7-artifact-current/008-docker.stdout.log',
    'docs/operators/deployment/releases/2026-10-06-g7-native26-calibration-progress/current-terminal-evidence/g7-artifact-current/009-docker.result.json',
-   'docs/operators/deployment/releases/2026-10-06-g7-native26-calibration-progress/current-terminal-evidence/g7-artifact-current/009-docker.stderr.log',
-   'docs/operators/deployment/releases/2026-10-06-g7-native26-calibration-progress/current-terminal-evidence/g7-artifact-current/009-docker.stdout.log',
    'docs/operators/deployment/releases/2026-10-06-g7-native26-calibration-progress/current-terminal-evidence/g7-artifact-current/010-docker.result.json',
-   'docs/operators/deployment/releases/2026-10-06-g7-native26-calibration-progress/current-terminal-evidence/g7-artifact-current/010-docker.stderr.log',
-   'docs/operators/deployment/releases/2026-10-06-g7-native26-calibration-progress/current-terminal-evidence/g7-artifact-current/010-docker.stdout.log',
    'docs/operators/deployment/releases/2026-10-06-g7-native26-calibration-progress/current-terminal-evidence/g7-artifact-current/011-openssl.result.json',
-   'docs/operators/deployment/releases/2026-10-06-g7-native26-calibration-progress/current-terminal-evidence/g7-artifact-current/011-openssl.stderr.log',
-   'docs/operators/deployment/releases/2026-10-06-g7-native26-calibration-progress/current-terminal-evidence/g7-artifact-current/011-openssl.stdout.log',
    'docs/operators/deployment/releases/2026-10-06-g7-native26-calibration-progress/current-terminal-evidence/g7-artifact-current/012-openssl.result.json',
-   'docs/operators/deployment/releases/2026-10-06-g7-native26-calibration-progress/current-terminal-evidence/g7-artifact-current/012-openssl.stderr.log',
-   'docs/operators/deployment/releases/2026-10-06-g7-native26-calibration-progress/current-terminal-evidence/g7-artifact-current/012-openssl.stdout.log',
    'docs/operators/deployment/releases/2026-10-06-g7-native26-calibration-progress/current-terminal-evidence/g7-artifact-current/013-openssl.result.json',
-   'docs/operators/deployment/releases/2026-10-06-g7-native26-calibration-progress/current-terminal-evidence/g7-artifact-current/013-openssl.stderr.log',
-   'docs/operators/deployment/releases/2026-10-06-g7-native26-calibration-progress/current-terminal-evidence/g7-artifact-current/013-openssl.stdout.log',
    'docs/operators/deployment/releases/2026-10-06-g7-native26-calibration-progress/current-terminal-evidence/g7-artifact-current/014-openssl.result.json',
-   'docs/operators/deployment/releases/2026-10-06-g7-native26-calibration-progress/current-terminal-evidence/g7-artifact-current/014-openssl.stderr.log',
-   'docs/operators/deployment/releases/2026-10-06-g7-native26-calibration-progress/current-terminal-evidence/g7-artifact-current/014-openssl.stdout.log',
    'docs/operators/deployment/releases/2026-10-06-g7-native26-calibration-progress/current-terminal-evidence/g7-artifact-current/015-docker.result.json',
-   'docs/operators/deployment/releases/2026-10-06-g7-native26-calibration-progress/current-terminal-evidence/g7-artifact-current/015-docker.stderr.log',
-   'docs/operators/deployment/releases/2026-10-06-g7-native26-calibration-progress/current-terminal-evidence/g7-artifact-current/015-docker.stdout.log',
    'docs/operators/deployment/releases/2026-10-06-g7-native26-calibration-progress/current-terminal-evidence/g7-artifact-current/016-docker.result.json',
-   'docs/operators/deployment/releases/2026-10-06-g7-native26-calibration-progress/current-terminal-evidence/g7-artifact-current/016-docker.stderr.log',
-   'docs/operators/deployment/releases/2026-10-06-g7-native26-calibration-progress/current-terminal-evidence/g7-artifact-current/016-docker.stdout.log',
    'docs/operators/deployment/releases/2026-10-06-g7-native26-calibration-progress/current-terminal-evidence/g7-artifact-current/017-docker.result.json',
-   'docs/operators/deployment/releases/2026-10-06-g7-native26-calibration-progress/current-terminal-evidence/g7-artifact-current/017-docker.stderr.log',
-   'docs/operators/deployment/releases/2026-10-06-g7-native26-calibration-progress/current-terminal-evidence/g7-artifact-current/017-docker.stdout.log',
    'docs/operators/deployment/releases/2026-10-06-g7-native26-calibration-progress/current-terminal-evidence/g7-artifact-current/018-docker.result.json',
-   'docs/operators/deployment/releases/2026-10-06-g7-native26-calibration-progress/current-terminal-evidence/g7-artifact-current/018-docker.stderr.log',
-   'docs/operators/deployment/releases/2026-10-06-g7-native26-calibration-progress/current-terminal-evidence/g7-artifact-current/018-docker.stdout.log',
    'docs/operators/deployment/releases/2026-10-06-g7-native26-calibration-progress/current-terminal-evidence/g7-artifact-current/019-docker.result.json',
-   'docs/operators/deployment/releases/2026-10-06-g7-native26-calibration-progress/current-terminal-evidence/g7-artifact-current/019-docker.stderr.log',
-   'docs/operators/deployment/releases/2026-10-06-g7-native26-calibration-progress/current-terminal-evidence/g7-artifact-current/019-docker.stdout.log',
    'docs/operators/deployment/releases/2026-10-06-g7-native26-calibration-progress/current-terminal-evidence/g7-artifact-current/020-docker.result.json',
-   'docs/operators/deployment/releases/2026-10-06-g7-native26-calibration-progress/current-terminal-evidence/g7-artifact-current/020-docker.stderr.log',
-   'docs/operators/deployment/releases/2026-10-06-g7-native26-calibration-progress/current-terminal-evidence/g7-artifact-current/020-docker.stdout.log',
    'docs/operators/deployment/releases/2026-10-06-g7-native26-calibration-progress/current-terminal-evidence/g7-artifact-current/021-docker.result.json',
-   'docs/operators/deployment/releases/2026-10-06-g7-native26-calibration-progress/current-terminal-evidence/g7-artifact-current/021-docker.stderr.log',
-   'docs/operators/deployment/releases/2026-10-06-g7-native26-calibration-progress/current-terminal-evidence/g7-artifact-current/021-docker.stdout.log',
    'docs/operators/deployment/releases/2026-10-06-g7-native26-calibration-progress/current-terminal-evidence/g7-artifact-current/022-docker.result.json',
-   'docs/operators/deployment/releases/2026-10-06-g7-native26-calibration-progress/current-terminal-evidence/g7-artifact-current/022-docker.stderr.log',
-   'docs/operators/deployment/releases/2026-10-06-g7-native26-calibration-progress/current-terminal-evidence/g7-artifact-current/022-docker.stdout.log',
    'docs/operators/deployment/releases/2026-10-06-g7-native26-calibration-progress/current-terminal-evidence/g7-artifact-current/023-docker.result.json',
-   'docs/operators/deployment/releases/2026-10-06-g7-native26-calibration-progress/current-terminal-evidence/g7-artifact-current/023-docker.stderr.log',
-   'docs/operators/deployment/releases/2026-10-06-g7-native26-calibration-progress/current-terminal-evidence/g7-artifact-current/023-docker.stdout.log',
    'docs/operators/deployment/releases/2026-10-06-g7-native26-calibration-progress/current-terminal-evidence/g7-artifact-current/024-docker.result.json',
-   'docs/operators/deployment/releases/2026-10-06-g7-native26-calibration-progress/current-terminal-evidence/g7-artifact-current/024-docker.stderr.log',
-   'docs/operators/deployment/releases/2026-10-06-g7-native26-calibration-progress/current-terminal-evidence/g7-artifact-current/024-docker.stdout.log',
    'docs/operators/deployment/releases/2026-10-06-g7-native26-calibration-progress/current-terminal-evidence/g7-artifact-current/025-docker.result.json',
-   'docs/operators/deployment/releases/2026-10-06-g7-native26-calibration-progress/current-terminal-evidence/g7-artifact-current/025-docker.stderr.log',
-   'docs/operators/deployment/releases/2026-10-06-g7-native26-calibration-progress/current-terminal-evidence/g7-artifact-current/025-docker.stdout.log',
    'docs/operators/deployment/releases/2026-10-06-g7-native26-calibration-progress/current-terminal-evidence/g7-artifact-current/026-docker.result.json',
-   'docs/operators/deployment/releases/2026-10-06-g7-native26-calibration-progress/current-terminal-evidence/g7-artifact-current/026-docker.stderr.log',
-   'docs/operators/deployment/releases/2026-10-06-g7-native26-calibration-progress/current-terminal-evidence/g7-artifact-current/026-docker.stdout.log',
    'docs/operators/deployment/releases/2026-10-06-g7-native26-calibration-progress/current-terminal-evidence/g7-artifact-current/027-docker.result.json',
-   'docs/operators/deployment/releases/2026-10-06-g7-native26-calibration-progress/current-terminal-evidence/g7-artifact-current/027-docker.stderr.log',
-   'docs/operators/deployment/releases/2026-10-06-g7-native26-calibration-progress/current-terminal-evidence/g7-artifact-current/027-docker.stdout.log',
    'docs/operators/deployment/releases/2026-10-06-g7-native26-calibration-progress/current-terminal-evidence/g7-artifact-current/028-docker.result.json',
-   'docs/operators/deployment/releases/2026-10-06-g7-native26-calibration-progress/current-terminal-evidence/g7-artifact-current/028-docker.stderr.log',
-   'docs/operators/deployment/releases/2026-10-06-g7-native26-calibration-progress/current-terminal-evidence/g7-artifact-current/028-docker.stdout.log',
    'docs/operators/deployment/releases/2026-10-06-g7-native26-calibration-progress/current-terminal-evidence/g7-artifact-current/029-docker.result.json',
-   'docs/operators/deployment/releases/2026-10-06-g7-native26-calibration-progress/current-terminal-evidence/g7-artifact-current/029-docker.stderr.log',
-   'docs/operators/deployment/releases/2026-10-06-g7-native26-calibration-progress/current-terminal-evidence/g7-artifact-current/029-docker.stdout.log',
    'docs/operators/deployment/releases/2026-10-06-g7-native26-calibration-progress/current-terminal-evidence/g7-artifact-current/030-docker.result.json',
-   'docs/operators/deployment/releases/2026-10-06-g7-native26-calibration-progress/current-terminal-evidence/g7-artifact-current/030-docker.stderr.log',
-   'docs/operators/deployment/releases/2026-10-06-g7-native26-calibration-progress/current-terminal-evidence/g7-artifact-current/030-docker.stdout.log',
    'docs/operators/deployment/releases/2026-10-06-g7-native26-calibration-progress/current-terminal-evidence/g7-artifact-current/031-docker.result.json',
-   'docs/operators/deployment/releases/2026-10-06-g7-native26-calibration-progress/current-terminal-evidence/g7-artifact-current/031-docker.stderr.log',
-   'docs/operators/deployment/releases/2026-10-06-g7-native26-calibration-progress/current-terminal-evidence/g7-artifact-current/031-docker.stdout.log',
    'docs/operators/deployment/releases/2026-10-06-g7-native26-calibration-progress/current-terminal-evidence/g7-artifact-current/032-docker.result.json',
-   'docs/operators/deployment/releases/2026-10-06-g7-native26-calibration-progress/current-terminal-evidence/g7-artifact-current/032-docker.stderr.log',
-   'docs/operators/deployment/releases/2026-10-06-g7-native26-calibration-progress/current-terminal-evidence/g7-artifact-current/032-docker.stdout.log',
    'docs/operators/deployment/releases/2026-10-06-g7-native26-calibration-progress/current-terminal-evidence/g7-artifact-current/033-docker.result.json',
-   'docs/operators/deployment/releases/2026-10-06-g7-native26-calibration-progress/current-terminal-evidence/g7-artifact-current/033-docker.stderr.log',
-   'docs/operators/deployment/releases/2026-10-06-g7-native26-calibration-progress/current-terminal-evidence/g7-artifact-current/033-docker.stdout.log',
    'docs/operators/deployment/releases/2026-10-06-g7-native26-calibration-progress/current-terminal-evidence/g7-artifact-current/034-docker.result.json',
-   'docs/operators/deployment/releases/2026-10-06-g7-native26-calibration-progress/current-terminal-evidence/g7-artifact-current/034-docker.stderr.log',
-   'docs/operators/deployment/releases/2026-10-06-g7-native26-calibration-progress/current-terminal-evidence/g7-artifact-current/034-docker.stdout.log',
    'docs/operators/deployment/releases/2026-10-06-g7-native26-calibration-progress/current-terminal-evidence/g7-artifact-current/035-docker.result.json',
-   'docs/operators/deployment/releases/2026-10-06-g7-native26-calibration-progress/current-terminal-evidence/g7-artifact-current/035-docker.stderr.log',
-   'docs/operators/deployment/releases/2026-10-06-g7-native26-calibration-progress/current-terminal-evidence/g7-artifact-current/035-docker.stdout.log',
    'docs/operators/deployment/releases/2026-10-06-g7-native26-calibration-progress/current-terminal-evidence/g7-artifact-current/036-docker.result.json',
-   'docs/operators/deployment/releases/2026-10-06-g7-native26-calibration-progress/current-terminal-evidence/g7-artifact-current/036-docker.stderr.log',
-   'docs/operators/deployment/releases/2026-10-06-g7-native26-calibration-progress/current-terminal-evidence/g7-artifact-current/036-docker.stdout.log',
    'docs/operators/deployment/releases/2026-10-06-g7-native26-calibration-progress/current-terminal-evidence/g7-artifact-current/037-docker.result.json',
-   'docs/operators/deployment/releases/2026-10-06-g7-native26-calibration-progress/current-terminal-evidence/g7-artifact-current/037-docker.stderr.log',
-   'docs/operators/deployment/releases/2026-10-06-g7-native26-calibration-progress/current-terminal-evidence/g7-artifact-current/037-docker.stdout.log',
    'docs/operators/deployment/releases/2026-10-06-g7-native26-calibration-progress/current-terminal-evidence/g7-artifact-current/038-docker.result.json',
-   'docs/operators/deployment/releases/2026-10-06-g7-native26-calibration-progress/current-terminal-evidence/g7-artifact-current/038-docker.stderr.log',
-   'docs/operators/deployment/releases/2026-10-06-g7-native26-calibration-progress/current-terminal-evidence/g7-artifact-current/038-docker.stdout.log',
    'docs/operators/deployment/releases/2026-10-06-g7-native26-calibration-progress/current-terminal-evidence/g7-artifact-current/039-docker.result.json',
-   'docs/operators/deployment/releases/2026-10-06-g7-native26-calibration-progress/current-terminal-evidence/g7-artifact-current/039-docker.stderr.log',
-   'docs/operators/deployment/releases/2026-10-06-g7-native26-calibration-progress/current-terminal-evidence/g7-artifact-current/039-docker.stdout.log',
    'docs/operators/deployment/releases/2026-10-06-g7-native26-calibration-progress/current-terminal-evidence/g7-artifact-current/040-docker.result.json',
-   'docs/operators/deployment/releases/2026-10-06-g7-native26-calibration-progress/current-terminal-evidence/g7-artifact-current/040-docker.stderr.log',
-   'docs/operators/deployment/releases/2026-10-06-g7-native26-calibration-progress/current-terminal-evidence/g7-artifact-current/040-docker.stdout.log',
    'docs/operators/deployment/releases/2026-10-06-g7-native26-calibration-progress/current-terminal-evidence/g7-artifact-current/041-docker.result.json',
-   'docs/operators/deployment/releases/2026-10-06-g7-native26-calibration-progress/current-terminal-evidence/g7-artifact-current/041-docker.stderr.log',
-   'docs/operators/deployment/releases/2026-10-06-g7-native26-calibration-progress/current-terminal-evidence/g7-artifact-current/041-docker.stdout.log',
    'docs/operators/deployment/releases/2026-10-06-g7-native26-calibration-progress/current-terminal-evidence/g7-artifact-current/042-docker.result.json',
-   'docs/operators/deployment/releases/2026-10-06-g7-native26-calibration-progress/current-terminal-evidence/g7-artifact-current/042-docker.stderr.log',
-   'docs/operators/deployment/releases/2026-10-06-g7-native26-calibration-progress/current-terminal-evidence/g7-artifact-current/042-docker.stdout.log',
    'docs/operators/deployment/releases/2026-10-06-g7-native26-calibration-progress/current-terminal-evidence/g7-artifact-current/043-docker.result.json',
-   'docs/operators/deployment/releases/2026-10-06-g7-native26-calibration-progress/current-terminal-evidence/g7-artifact-current/043-docker.stderr.log',
-   'docs/operators/deployment/releases/2026-10-06-g7-native26-calibration-progress/current-terminal-evidence/g7-artifact-current/043-docker.stdout.log',
    'docs/operators/deployment/releases/2026-10-06-g7-native26-calibration-progress/current-terminal-evidence/g7-artifact-current/044-docker.result.json',
-   'docs/operators/deployment/releases/2026-10-06-g7-native26-calibration-progress/current-terminal-evidence/g7-artifact-current/044-docker.stderr.log',
-   'docs/operators/deployment/releases/2026-10-06-g7-native26-calibration-progress/current-terminal-evidence/g7-artifact-current/044-docker.stdout.log',
    'docs/operators/deployment/releases/2026-10-06-g7-native26-calibration-progress/current-terminal-evidence/g7-artifact-current/045-docker.result.json',
-   'docs/operators/deployment/releases/2026-10-06-g7-native26-calibration-progress/current-terminal-evidence/g7-artifact-current/045-docker.stderr.log',
-   'docs/operators/deployment/releases/2026-10-06-g7-native26-calibration-progress/current-terminal-evidence/g7-artifact-current/045-docker.stdout.log',
    'docs/operators/deployment/releases/2026-10-06-g7-native26-calibration-progress/current-terminal-evidence/g7-artifact-current/046-docker.result.json',
-   'docs/operators/deployment/releases/2026-10-06-g7-native26-calibration-progress/current-terminal-evidence/g7-artifact-current/046-docker.stderr.log',
-   'docs/operators/deployment/releases/2026-10-06-g7-native26-calibration-progress/current-terminal-evidence/g7-artifact-current/046-docker.stdout.log',
    'docs/operators/deployment/releases/2026-10-06-g7-native26-calibration-progress/current-terminal-evidence/g7-artifact-current/047-docker.result.json',
-   'docs/operators/deployment/releases/2026-10-06-g7-native26-calibration-progress/current-terminal-evidence/g7-artifact-current/047-docker.stderr.log',
-   'docs/operators/deployment/releases/2026-10-06-g7-native26-calibration-progress/current-terminal-evidence/g7-artifact-current/047-docker.stdout.log',
    'docs/operators/deployment/releases/2026-10-06-g7-native26-calibration-progress/current-terminal-evidence/g7-artifact-current/048-docker.result.json',
-   'docs/operators/deployment/releases/2026-10-06-g7-native26-calibration-progress/current-terminal-evidence/g7-artifact-current/048-docker.stderr.log',
-   'docs/operators/deployment/releases/2026-10-06-g7-native26-calibration-progress/current-terminal-evidence/g7-artifact-current/048-docker.stdout.log',
    'docs/operators/deployment/releases/2026-10-06-g7-native26-calibration-progress/current-terminal-evidence/g7-artifact-current/049-docker.result.json',
-   'docs/operators/deployment/releases/2026-10-06-g7-native26-calibration-progress/current-terminal-evidence/g7-artifact-current/049-docker.stderr.log',
-   'docs/operators/deployment/releases/2026-10-06-g7-native26-calibration-progress/current-terminal-evidence/g7-artifact-current/049-docker.stdout.log',
    'docs/operators/deployment/releases/2026-10-06-g7-native26-calibration-progress/current-terminal-evidence/g7-artifact-current/050-docker.result.json',
-   'docs/operators/deployment/releases/2026-10-06-g7-native26-calibration-progress/current-terminal-evidence/g7-artifact-current/050-docker.stderr.log',
-   'docs/operators/deployment/releases/2026-10-06-g7-native26-calibration-progress/current-terminal-evidence/g7-artifact-current/050-docker.stdout.log',
    'docs/operators/deployment/releases/2026-10-06-g7-native26-calibration-progress/current-terminal-evidence/g7-artifact-current/051-docker.result.json',
-   'docs/operators/deployment/releases/2026-10-06-g7-native26-calibration-progress/current-terminal-evidence/g7-artifact-current/051-docker.stderr.log',
-   'docs/operators/deployment/releases/2026-10-06-g7-native26-calibration-progress/current-terminal-evidence/g7-artifact-current/051-docker.stdout.log',
    'docs/operators/deployment/releases/2026-10-06-g7-native26-calibration-progress/current-terminal-evidence/g7-artifact-current/052-docker.result.json',
-   'docs/operators/deployment/releases/2026-10-06-g7-native26-calibration-progress/current-terminal-evidence/g7-artifact-current/052-docker.stderr.log',
-   'docs/operators/deployment/releases/2026-10-06-g7-native26-calibration-progress/current-terminal-evidence/g7-artifact-current/052-docker.stdout.log',
    'docs/operators/deployment/releases/2026-10-06-g7-native26-calibration-progress/current-terminal-evidence/g7-artifact-current/053-docker.result.json',
-   'docs/operators/deployment/releases/2026-10-06-g7-native26-calibration-progress/current-terminal-evidence/g7-artifact-current/053-docker.stderr.log',
-   'docs/operators/deployment/releases/2026-10-06-g7-native26-calibration-progress/current-terminal-evidence/g7-artifact-current/053-docker.stdout.log',
    'docs/operators/deployment/releases/2026-10-06-g7-native26-calibration-progress/current-terminal-evidence/g7-artifact-current/054-docker.result.json',
-   'docs/operators/deployment/releases/2026-10-06-g7-native26-calibration-progress/current-terminal-evidence/g7-artifact-current/054-docker.stderr.log',
-   'docs/operators/deployment/releases/2026-10-06-g7-native26-calibration-progress/current-terminal-evidence/g7-artifact-current/054-docker.stdout.log',
    'docs/operators/deployment/releases/2026-10-06-g7-native26-calibration-progress/current-terminal-evidence/g7-artifact-current/055-docker.result.json',
-   'docs/operators/deployment/releases/2026-10-06-g7-native26-calibration-progress/current-terminal-evidence/g7-artifact-current/055-docker.stderr.log',
-   'docs/operators/deployment/releases/2026-10-06-g7-native26-calibration-progress/current-terminal-evidence/g7-artifact-current/055-docker.stdout.log',
    'docs/operators/deployment/releases/2026-10-06-g7-native26-calibration-progress/current-terminal-evidence/g7-artifact-current/056-docker.result.json',
-   'docs/operators/deployment/releases/2026-10-06-g7-native26-calibration-progress/current-terminal-evidence/g7-artifact-current/056-docker.stderr.log',
-   'docs/operators/deployment/releases/2026-10-06-g7-native26-calibration-progress/current-terminal-evidence/g7-artifact-current/056-docker.stdout.log',
    'docs/operators/deployment/releases/2026-10-06-g7-native26-calibration-progress/current-terminal-evidence/g7-artifact-current/057-docker.result.json',
-   'docs/operators/deployment/releases/2026-10-06-g7-native26-calibration-progress/current-terminal-evidence/g7-artifact-current/057-docker.stderr.log',
-   'docs/operators/deployment/releases/2026-10-06-g7-native26-calibration-progress/current-terminal-evidence/g7-artifact-current/057-docker.stdout.log',
    'docs/operators/deployment/releases/2026-10-06-g7-native26-calibration-progress/current-terminal-evidence/g7-artifact-current/058-docker.result.json',
-   'docs/operators/deployment/releases/2026-10-06-g7-native26-calibration-progress/current-terminal-evidence/g7-artifact-current/058-docker.stderr.log',
-   'docs/operators/deployment/releases/2026-10-06-g7-native26-calibration-progress/current-terminal-evidence/g7-artifact-current/058-docker.stdout.log',
    'docs/operators/deployment/releases/2026-10-06-g7-native26-calibration-progress/current-terminal-evidence/g7-artifact-current/059-docker.result.json',
-   'docs/operators/deployment/releases/2026-10-06-g7-native26-calibration-progress/current-terminal-evidence/g7-artifact-current/059-docker.stderr.log',
-   'docs/operators/deployment/releases/2026-10-06-g7-native26-calibration-progress/current-terminal-evidence/g7-artifact-current/059-docker.stdout.log',
    'docs/operators/deployment/releases/2026-10-06-g7-native26-calibration-progress/current-terminal-evidence/g7-artifact-current/060-docker.result.json',
-   'docs/operators/deployment/releases/2026-10-06-g7-native26-calibration-progress/current-terminal-evidence/g7-artifact-current/060-docker.stderr.log',
-   'docs/operators/deployment/releases/2026-10-06-g7-native26-calibration-progress/current-terminal-evidence/g7-artifact-current/060-docker.stdout.log',
    'docs/operators/deployment/releases/2026-10-06-g7-native26-calibration-progress/current-terminal-evidence/g7-artifact-current/061-docker.result.json',
-   'docs/operators/deployment/releases/2026-10-06-g7-native26-calibration-progress/current-terminal-evidence/g7-artifact-current/061-docker.stderr.log',
-   'docs/operators/deployment/releases/2026-10-06-g7-native26-calibration-progress/current-terminal-evidence/g7-artifact-current/061-docker.stdout.log',
    'docs/operators/deployment/releases/2026-10-06-g7-native26-calibration-progress/current-terminal-evidence/g7-artifact-current/062-docker.result.json',
-   'docs/operators/deployment/releases/2026-10-06-g7-native26-calibration-progress/current-terminal-evidence/g7-artifact-current/062-docker.stderr.log',
-   'docs/operators/deployment/releases/2026-10-06-g7-native26-calibration-progress/current-terminal-evidence/g7-artifact-current/062-docker.stdout.log',
    'docs/operators/deployment/releases/2026-10-06-g7-native26-calibration-progress/current-terminal-evidence/g7-artifact-current/063-docker.result.json',
-   'docs/operators/deployment/releases/2026-10-06-g7-native26-calibration-progress/current-terminal-evidence/g7-artifact-current/063-docker.stderr.log',
-   'docs/operators/deployment/releases/2026-10-06-g7-native26-calibration-progress/current-terminal-evidence/g7-artifact-current/063-docker.stdout.log',
    'docs/operators/deployment/releases/2026-10-06-g7-native26-calibration-progress/current-terminal-evidence/g7-artifact-current/064-docker.result.json',
-   'docs/operators/deployment/releases/2026-10-06-g7-native26-calibration-progress/current-terminal-evidence/g7-artifact-current/064-docker.stderr.log',
-   'docs/operators/deployment/releases/2026-10-06-g7-native26-calibration-progress/current-terminal-evidence/g7-artifact-current/064-docker.stdout.log',
    'docs/operators/deployment/releases/2026-10-06-g7-native26-calibration-progress/current-terminal-evidence/g7-artifact-current/065-docker.result.json',
-   'docs/operators/deployment/releases/2026-10-06-g7-native26-calibration-progress/current-terminal-evidence/g7-artifact-current/065-docker.stderr.log',
-   'docs/operators/deployment/releases/2026-10-06-g7-native26-calibration-progress/current-terminal-evidence/g7-artifact-current/065-docker.stdout.log',
    'docs/operators/deployment/releases/2026-10-06-g7-native26-calibration-progress/current-terminal-evidence/g7-artifact-current/066-docker.result.json',
-   'docs/operators/deployment/releases/2026-10-06-g7-native26-calibration-progress/current-terminal-evidence/g7-artifact-current/066-docker.stderr.log',
-   'docs/operators/deployment/releases/2026-10-06-g7-native26-calibration-progress/current-terminal-evidence/g7-artifact-current/066-docker.stdout.log',
    'docs/operators/deployment/releases/2026-10-06-g7-native26-calibration-progress/current-terminal-evidence/g7-artifact-current/067-docker.result.json',
-   'docs/operators/deployment/releases/2026-10-06-g7-native26-calibration-progress/current-terminal-evidence/g7-artifact-current/067-docker.stderr.log',
-   'docs/operators/deployment/releases/2026-10-06-g7-native26-calibration-progress/current-terminal-evidence/g7-artifact-current/067-docker.stdout.log',
    'docs/operators/deployment/releases/2026-10-06-g7-native26-calibration-progress/current-terminal-evidence/g7-artifact-current/068-docker.result.json',
-   'docs/operators/deployment/releases/2026-10-06-g7-native26-calibration-progress/current-terminal-evidence/g7-artifact-current/068-docker.stderr.log',
-   'docs/operators/deployment/releases/2026-10-06-g7-native26-calibration-progress/current-terminal-evidence/g7-artifact-current/068-docker.stdout.log',
    'docs/operators/deployment/releases/2026-10-06-g7-native26-calibration-progress/current-terminal-evidence/g7-artifact-current/069-docker.result.json',
-   'docs/operators/deployment/releases/2026-10-06-g7-native26-calibration-progress/current-terminal-evidence/g7-artifact-current/069-docker.stderr.log',
-   'docs/operators/deployment/releases/2026-10-06-g7-native26-calibration-progress/current-terminal-evidence/g7-artifact-current/069-docker.stdout.log',
    'docs/operators/deployment/releases/2026-10-06-g7-native26-calibration-progress/current-terminal-evidence/g7-artifact-current/070-docker.result.json',
-   'docs/operators/deployment/releases/2026-10-06-g7-native26-calibration-progress/current-terminal-evidence/g7-artifact-current/070-docker.stderr.log',
-   'docs/operators/deployment/releases/2026-10-06-g7-native26-calibration-progress/current-terminal-evidence/g7-artifact-current/070-docker.stdout.log',
    'docs/operators/deployment/releases/2026-10-06-g7-native26-calibration-progress/current-terminal-evidence/g7-artifact-current/071-docker.result.json',
-   'docs/operators/deployment/releases/2026-10-06-g7-native26-calibration-progress/current-terminal-evidence/g7-artifact-current/071-docker.stderr.log',
-   'docs/operators/deployment/releases/2026-10-06-g7-native26-calibration-progress/current-terminal-evidence/g7-artifact-current/071-docker.stdout.log',
    'docs/operators/deployment/releases/2026-10-06-g7-native26-calibration-progress/current-terminal-evidence/g7-artifact-current/072-docker.result.json',
-   'docs/operators/deployment/releases/2026-10-06-g7-native26-calibration-progress/current-terminal-evidence/g7-artifact-current/072-docker.stderr.log',
-   'docs/operators/deployment/releases/2026-10-06-g7-native26-calibration-progress/current-terminal-evidence/g7-artifact-current/072-docker.stdout.log',
    'docs/operators/deployment/releases/2026-10-06-g7-native26-calibration-progress/current-terminal-evidence/g7-artifact-current/073-docker.result.json',
-   'docs/operators/deployment/releases/2026-10-06-g7-native26-calibration-progress/current-terminal-evidence/g7-artifact-current/073-docker.stderr.log',
-   'docs/operators/deployment/releases/2026-10-06-g7-native26-calibration-progress/current-terminal-evidence/g7-artifact-current/073-docker.stdout.log',
    'docs/operators/deployment/releases/2026-10-06-g7-native26-calibration-progress/current-terminal-evidence/g7-artifact-current/074-docker.result.json',
-   'docs/operators/deployment/releases/2026-10-06-g7-native26-calibration-progress/current-terminal-evidence/g7-artifact-current/074-docker.stderr.log',
-   'docs/operators/deployment/releases/2026-10-06-g7-native26-calibration-progress/current-terminal-evidence/g7-artifact-current/074-docker.stdout.log',
    'docs/operators/deployment/releases/2026-10-06-g7-native26-calibration-progress/current-terminal-evidence/g7-artifact-current/075-docker.result.json',
-   'docs/operators/deployment/releases/2026-10-06-g7-native26-calibration-progress/current-terminal-evidence/g7-artifact-current/075-docker.stderr.log',
-   'docs/operators/deployment/releases/2026-10-06-g7-native26-calibration-progress/current-terminal-evidence/g7-artifact-current/075-docker.stdout.log',
    'docs/operators/deployment/releases/2026-10-06-g7-native26-calibration-progress/current-terminal-evidence/g7-artifact-current/076-docker.result.json',
-   'docs/operators/deployment/releases/2026-10-06-g7-native26-calibration-progress/current-terminal-evidence/g7-artifact-current/076-docker.stderr.log',
-   'docs/operators/deployment/releases/2026-10-06-g7-native26-calibration-progress/current-terminal-evidence/g7-artifact-current/076-docker.stdout.log',
    'docs/operators/deployment/releases/2026-10-06-g7-native26-calibration-progress/current-terminal-evidence/g7-artifact-current/077-docker.result.json',
-   'docs/operators/deployment/releases/2026-10-06-g7-native26-calibration-progress/current-terminal-evidence/g7-artifact-current/077-docker.stderr.log',
-   'docs/operators/deployment/releases/2026-10-06-g7-native26-calibration-progress/current-terminal-evidence/g7-artifact-current/077-docker.stdout.log',
    'docs/operators/deployment/releases/2026-10-06-g7-native26-calibration-progress/current-terminal-evidence/g7-artifact-current/078-docker.result.json',
-   'docs/operators/deployment/releases/2026-10-06-g7-native26-calibration-progress/current-terminal-evidence/g7-artifact-current/078-docker.stderr.log',
-   'docs/operators/deployment/releases/2026-10-06-g7-native26-calibration-progress/current-terminal-evidence/g7-artifact-current/078-docker.stdout.log',
    'docs/operators/deployment/releases/2026-10-06-g7-native26-calibration-progress/current-terminal-evidence/g7-artifact-current/079-docker.result.json',
-   'docs/operators/deployment/releases/2026-10-06-g7-native26-calibration-progress/current-terminal-evidence/g7-artifact-current/079-docker.stderr.log',
-   'docs/operators/deployment/releases/2026-10-06-g7-native26-calibration-progress/current-terminal-evidence/g7-artifact-current/079-docker.stdout.log',
    'docs/operators/deployment/releases/2026-10-06-g7-native26-calibration-progress/current-terminal-evidence/g7-artifact-current/080-docker.result.json',
-   'docs/operators/deployment/releases/2026-10-06-g7-native26-calibration-progress/current-terminal-evidence/g7-artifact-current/080-docker.stderr.log',
-   'docs/operators/deployment/releases/2026-10-06-g7-native26-calibration-progress/current-terminal-evidence/g7-artifact-current/080-docker.stdout.log',
    'docs/operators/deployment/releases/2026-10-06-g7-native26-calibration-progress/current-terminal-evidence/g7-artifact-current/081-docker.result.json',
-   'docs/operators/deployment/releases/2026-10-06-g7-native26-calibration-progress/current-terminal-evidence/g7-artifact-current/081-docker.stderr.log',
-   'docs/operators/deployment/releases/2026-10-06-g7-native26-calibration-progress/current-terminal-evidence/g7-artifact-current/081-docker.stdout.log',
    'docs/operators/deployment/releases/2026-10-06-g7-native26-calibration-progress/current-terminal-evidence/g7-artifact-current/082-docker.result.json',
-   'docs/operators/deployment/releases/2026-10-06-g7-native26-calibration-progress/current-terminal-evidence/g7-artifact-current/082-docker.stderr.log',
-   'docs/operators/deployment/releases/2026-10-06-g7-native26-calibration-progress/current-terminal-evidence/g7-artifact-current/082-docker.stdout.log',
    'docs/operators/deployment/releases/2026-10-06-g7-native26-calibration-progress/current-terminal-evidence/g7-artifact-current/083-docker.result.json',
-   'docs/operators/deployment/releases/2026-10-06-g7-native26-calibration-progress/current-terminal-evidence/g7-artifact-current/083-docker.stderr.log',
-   'docs/operators/deployment/releases/2026-10-06-g7-native26-calibration-progress/current-terminal-evidence/g7-artifact-current/083-docker.stdout.log',
    'docs/operators/deployment/releases/2026-10-06-g7-native26-calibration-progress/current-terminal-evidence/g7-artifact-current/084-docker.result.json',
-   'docs/operators/deployment/releases/2026-10-06-g7-native26-calibration-progress/current-terminal-evidence/g7-artifact-current/084-docker.stderr.log',
-   'docs/operators/deployment/releases/2026-10-06-g7-native26-calibration-progress/current-terminal-evidence/g7-artifact-current/084-docker.stdout.log',
    'docs/operators/deployment/releases/2026-10-06-g7-native26-calibration-progress/current-terminal-evidence/g7-artifact-current/085-docker.result.json',
-   'docs/operators/deployment/releases/2026-10-06-g7-native26-calibration-progress/current-terminal-evidence/g7-artifact-current/085-docker.stderr.log',
-   'docs/operators/deployment/releases/2026-10-06-g7-native26-calibration-progress/current-terminal-evidence/g7-artifact-current/085-docker.stdout.log',
    'docs/operators/deployment/releases/2026-10-06-g7-native26-calibration-progress/current-terminal-evidence/g7-artifact-current/086-docker.result.json',
-   'docs/operators/deployment/releases/2026-10-06-g7-native26-calibration-progress/current-terminal-evidence/g7-artifact-current/086-docker.stderr.log',
-   'docs/operators/deployment/releases/2026-10-06-g7-native26-calibration-progress/current-terminal-evidence/g7-artifact-current/086-docker.stdout.log',
    'docs/operators/deployment/releases/2026-10-06-g7-native26-calibration-progress/current-terminal-evidence/g7-artifact-current/087-docker.result.json',
-   'docs/operators/deployment/releases/2026-10-06-g7-native26-calibration-progress/current-terminal-evidence/g7-artifact-current/087-docker.stderr.log',
-   'docs/operators/deployment/releases/2026-10-06-g7-native26-calibration-progress/current-terminal-evidence/g7-artifact-current/087-docker.stdout.log',
    'docs/operators/deployment/releases/2026-10-06-g7-native26-calibration-progress/current-terminal-evidence/g7-artifact-current/088-docker.result.json',
-   'docs/operators/deployment/releases/2026-10-06-g7-native26-calibration-progress/current-terminal-evidence/g7-artifact-current/088-docker.stderr.log',
-   'docs/operators/deployment/releases/2026-10-06-g7-native26-calibration-progress/current-terminal-evidence/g7-artifact-current/088-docker.stdout.log',
    'docs/operators/deployment/releases/2026-10-06-g7-native26-calibration-progress/current-terminal-evidence/g7-artifact-current/089-docker.result.json',
-   'docs/operators/deployment/releases/2026-10-06-g7-native26-calibration-progress/current-terminal-evidence/g7-artifact-current/089-docker.stderr.log',
-   'docs/operators/deployment/releases/2026-10-06-g7-native26-calibration-progress/current-terminal-evidence/g7-artifact-current/089-docker.stdout.log',
    'docs/operators/deployment/releases/2026-10-06-g7-native26-calibration-progress/current-terminal-evidence/g7-artifact-current/090-docker.result.json',
-   'docs/operators/deployment/releases/2026-10-06-g7-native26-calibration-progress/current-terminal-evidence/g7-artifact-current/090-docker.stderr.log',
-   'docs/operators/deployment/releases/2026-10-06-g7-native26-calibration-progress/current-terminal-evidence/g7-artifact-current/090-docker.stdout.log',
    'docs/operators/deployment/releases/2026-10-06-g7-native26-calibration-progress/current-terminal-evidence/g7-artifact-current/091-docker.result.json',
-   'docs/operators/deployment/releases/2026-10-06-g7-native26-calibration-progress/current-terminal-evidence/g7-artifact-current/091-docker.stderr.log',
-   'docs/operators/deployment/releases/2026-10-06-g7-native26-calibration-progress/current-terminal-evidence/g7-artifact-current/091-docker.stdout.log',
    'docs/operators/deployment/releases/2026-10-06-g7-native26-calibration-progress/current-terminal-evidence/g7-artifact-current/092-docker.result.json',
-   'docs/operators/deployment/releases/2026-10-06-g7-native26-calibration-progress/current-terminal-evidence/g7-artifact-current/092-docker.stderr.log',
-   'docs/operators/deployment/releases/2026-10-06-g7-native26-calibration-progress/current-terminal-evidence/g7-artifact-current/092-docker.stdout.log',
    'docs/operators/deployment/releases/2026-10-06-g7-native26-calibration-progress/current-terminal-evidence/g7-artifact-current/093-docker.result.json',
-   'docs/operators/deployment/releases/2026-10-06-g7-native26-calibration-progress/current-terminal-evidence/g7-artifact-current/093-docker.stderr.log',
-   'docs/operators/deployment/releases/2026-10-06-g7-native26-calibration-progress/current-terminal-evidence/g7-artifact-current/093-docker.stdout.log',
    'docs/operators/deployment/releases/2026-10-06-g7-native26-calibration-progress/current-terminal-evidence/g7-artifact-current/094-docker.result.json',
-   'docs/operators/deployment/releases/2026-10-06-g7-native26-calibration-progress/current-terminal-evidence/g7-artifact-current/094-docker.stderr.log',
-   'docs/operators/deployment/releases/2026-10-06-g7-native26-calibration-progress/current-terminal-evidence/g7-artifact-current/094-docker.stdout.log',
    'docs/operators/deployment/releases/2026-10-06-g7-native26-calibration-progress/current-terminal-evidence/g7-artifact-current/095-docker.result.json',
-   'docs/operators/deployment/releases/2026-10-06-g7-native26-calibration-progress/current-terminal-evidence/g7-artifact-current/095-docker.stderr.log',
-   'docs/operators/deployment/releases/2026-10-06-g7-native26-calibration-progress/current-terminal-evidence/g7-artifact-current/095-docker.stdout.log',
    'docs/operators/deployment/releases/2026-10-06-g7-native26-calibration-progress/current-terminal-evidence/g7-artifact-current/096-docker.result.json',
-   'docs/operators/deployment/releases/2026-10-06-g7-native26-calibration-progress/current-terminal-evidence/g7-artifact-current/096-docker.stderr.log',
-   'docs/operators/deployment/releases/2026-10-06-g7-native26-calibration-progress/current-terminal-evidence/g7-artifact-current/096-docker.stdout.log',
    'docs/operators/deployment/releases/2026-10-06-g7-native26-calibration-progress/current-terminal-evidence/g7-artifact-current/097-docker.result.json',
-   'docs/operators/deployment/releases/2026-10-06-g7-native26-calibration-progress/current-terminal-evidence/g7-artifact-current/097-docker.stderr.log',
-   'docs/operators/deployment/releases/2026-10-06-g7-native26-calibration-progress/current-terminal-evidence/g7-artifact-current/097-docker.stdout.log',
    'docs/operators/deployment/releases/2026-10-06-g7-native26-calibration-progress/current-terminal-evidence/g7-artifact-current/098-docker.result.json',
-   'docs/operators/deployment/releases/2026-10-06-g7-native26-calibration-progress/current-terminal-evidence/g7-artifact-current/098-docker.stderr.log',
-   'docs/operators/deployment/releases/2026-10-06-g7-native26-calibration-progress/current-terminal-evidence/g7-artifact-current/098-docker.stdout.log',
    'docs/operators/deployment/releases/2026-10-06-g7-native26-calibration-progress/current-terminal-evidence/g7-artifact-current/099-docker.result.json',
-   'docs/operators/deployment/releases/2026-10-06-g7-native26-calibration-progress/current-terminal-evidence/g7-artifact-current/099-docker.stderr.log',
-   'docs/operators/deployment/releases/2026-10-06-g7-native26-calibration-progress/current-terminal-evidence/g7-artifact-current/099-docker.stdout.log',
    'docs/operators/deployment/releases/2026-10-06-g7-native26-calibration-progress/current-terminal-evidence/g7-artifact-current/100-docker.result.json',
-   'docs/operators/deployment/releases/2026-10-06-g7-native26-calibration-progress/current-terminal-evidence/g7-artifact-current/100-docker.stderr.log',
-   'docs/operators/deployment/releases/2026-10-06-g7-native26-calibration-progress/current-terminal-evidence/g7-artifact-current/100-docker.stdout.log',
    'docs/operators/deployment/releases/2026-10-06-g7-native26-calibration-progress/current-terminal-evidence/g7-artifact-current/101-docker.result.json',
-   'docs/operators/deployment/releases/2026-10-06-g7-native26-calibration-progress/current-terminal-evidence/g7-artifact-current/101-docker.stderr.log',
-   'docs/operators/deployment/releases/2026-10-06-g7-native26-calibration-progress/current-terminal-evidence/g7-artifact-current/101-docker.stdout.log',
    'docs/operators/deployment/releases/2026-10-06-g7-native26-calibration-progress/current-terminal-evidence/g7-artifact-current/102-docker.result.json',
-   'docs/operators/deployment/releases/2026-10-06-g7-native26-calibration-progress/current-terminal-evidence/g7-artifact-current/102-docker.stderr.log',
-   'docs/operators/deployment/releases/2026-10-06-g7-native26-calibration-progress/current-terminal-evidence/g7-artifact-current/102-docker.stdout.log',
    'docs/operators/deployment/releases/2026-10-06-g7-native26-calibration-progress/current-terminal-evidence/g7-artifact-current/103-docker.result.json',
-   'docs/operators/deployment/releases/2026-10-06-g7-native26-calibration-progress/current-terminal-evidence/g7-artifact-current/103-docker.stderr.log',
-   'docs/operators/deployment/releases/2026-10-06-g7-native26-calibration-progress/current-terminal-evidence/g7-artifact-current/103-docker.stdout.log',
    'docs/operators/deployment/releases/2026-10-06-g7-native26-calibration-progress/current-terminal-evidence/g7-artifact-current/104-docker.result.json',
-   'docs/operators/deployment/releases/2026-10-06-g7-native26-calibration-progress/current-terminal-evidence/g7-artifact-current/104-docker.stderr.log',
-   'docs/operators/deployment/releases/2026-10-06-g7-native26-calibration-progress/current-terminal-evidence/g7-artifact-current/104-docker.stdout.log',
    'docs/operators/deployment/releases/2026-10-06-g7-native26-calibration-progress/current-terminal-evidence/g7-artifact-current/105-docker.result.json',
-   'docs/operators/deployment/releases/2026-10-06-g7-native26-calibration-progress/current-terminal-evidence/g7-artifact-current/105-docker.stderr.log',
-   'docs/operators/deployment/releases/2026-10-06-g7-native26-calibration-progress/current-terminal-evidence/g7-artifact-current/105-docker.stdout.log',
    'docs/operators/deployment/releases/2026-10-06-g7-native26-calibration-progress/current-terminal-evidence/g7-artifact-current/106-docker.result.json',
-   'docs/operators/deployment/releases/2026-10-06-g7-native26-calibration-progress/current-terminal-evidence/g7-artifact-current/106-docker.stderr.log',
-   'docs/operators/deployment/releases/2026-10-06-g7-native26-calibration-progress/current-terminal-evidence/g7-artifact-current/106-docker.stdout.log',
    'docs/operators/deployment/releases/2026-10-06-g7-native26-calibration-progress/current-terminal-evidence/g7-artifact-current/107-docker.result.json',
-   'docs/operators/deployment/releases/2026-10-06-g7-native26-calibration-progress/current-terminal-evidence/g7-artifact-current/107-docker.stderr.log',
-   'docs/operators/deployment/releases/2026-10-06-g7-native26-calibration-progress/current-terminal-evidence/g7-artifact-current/107-docker.stdout.log',
    'docs/operators/deployment/releases/2026-10-06-g7-native26-calibration-progress/current-terminal-evidence/g7-artifact-current/108-docker.result.json',
-   'docs/operators/deployment/releases/2026-10-06-g7-native26-calibration-progress/current-terminal-evidence/g7-artifact-current/108-docker.stderr.log',
-   'docs/operators/deployment/releases/2026-10-06-g7-native26-calibration-progress/current-terminal-evidence/g7-artifact-current/108-docker.stdout.log',
    'docs/operators/deployment/releases/2026-10-06-g7-native26-calibration-progress/current-terminal-evidence/g7-artifact-current/109-docker.result.json',
-   'docs/operators/deployment/releases/2026-10-06-g7-native26-calibration-progress/current-terminal-evidence/g7-artifact-current/109-docker.stderr.log',
-   'docs/operators/deployment/releases/2026-10-06-g7-native26-calibration-progress/current-terminal-evidence/g7-artifact-current/109-docker.stdout.log',
    'docs/operators/deployment/releases/2026-10-06-g7-native26-calibration-progress/current-terminal-evidence/g7-artifact-current/110-docker.result.json',
-   'docs/operators/deployment/releases/2026-10-06-g7-native26-calibration-progress/current-terminal-evidence/g7-artifact-current/110-docker.stderr.log',
-   'docs/operators/deployment/releases/2026-10-06-g7-native26-calibration-progress/current-terminal-evidence/g7-artifact-current/110-docker.stdout.log',
    'docs/operators/deployment/releases/2026-10-06-g7-native26-calibration-progress/current-terminal-evidence/g7-artifact-current/111-docker.result.json',
-   'docs/operators/deployment/releases/2026-10-06-g7-native26-calibration-progress/current-terminal-evidence/g7-artifact-current/111-docker.stderr.log',
-   'docs/operators/deployment/releases/2026-10-06-g7-native26-calibration-progress/current-terminal-evidence/g7-artifact-current/111-docker.stdout.log',
    'docs/operators/deployment/releases/2026-10-06-g7-native26-calibration-progress/current-terminal-evidence/g7-artifact-current/112-docker.result.json',
-   'docs/operators/deployment/releases/2026-10-06-g7-native26-calibration-progress/current-terminal-evidence/g7-artifact-current/112-docker.stderr.log',
-   'docs/operators/deployment/releases/2026-10-06-g7-native26-calibration-progress/current-terminal-evidence/g7-artifact-current/112-docker.stdout.log',
    'docs/operators/deployment/releases/2026-10-06-g7-native26-calibration-progress/current-terminal-evidence/g7-artifact-current/113-docker.result.json',
-   'docs/operators/deployment/releases/2026-10-06-g7-native26-calibration-progress/current-terminal-evidence/g7-artifact-current/113-docker.stderr.log',
-   'docs/operators/deployment/releases/2026-10-06-g7-native26-calibration-progress/current-terminal-evidence/g7-artifact-current/113-docker.stdout.log',
    'docs/operators/deployment/releases/2026-10-06-g7-native26-calibration-progress/current-terminal-evidence/g7-artifact-current/114-docker.result.json',
-   'docs/operators/deployment/releases/2026-10-06-g7-native26-calibration-progress/current-terminal-evidence/g7-artifact-current/114-docker.stderr.log',
-   'docs/operators/deployment/releases/2026-10-06-g7-native26-calibration-progress/current-terminal-evidence/g7-artifact-current/114-docker.stdout.log',
    'docs/operators/deployment/releases/2026-10-06-g7-native26-calibration-progress/current-terminal-evidence/g7-artifact-current/115-docker.result.json',
-   'docs/operators/deployment/releases/2026-10-06-g7-native26-calibration-progress/current-terminal-evidence/g7-artifact-current/115-docker.stderr.log',
-   'docs/operators/deployment/releases/2026-10-06-g7-native26-calibration-progress/current-terminal-evidence/g7-artifact-current/115-docker.stdout.log',
    'docs/operators/deployment/releases/2026-10-06-g7-native26-calibration-progress/current-terminal-evidence/g7-artifact-current/116-docker.result.json',
-   'docs/operators/deployment/releases/2026-10-06-g7-native26-calibration-progress/current-terminal-evidence/g7-artifact-current/116-docker.stderr.log',
-   'docs/operators/deployment/releases/2026-10-06-g7-native26-calibration-progress/current-terminal-evidence/g7-artifact-current/116-docker.stdout.log',
    'docs/operators/deployment/releases/2026-10-06-g7-native26-calibration-progress/current-terminal-evidence/g7-artifact-current/117-docker.result.json',
-   'docs/operators/deployment/releases/2026-10-06-g7-native26-calibration-progress/current-terminal-evidence/g7-artifact-current/117-docker.stderr.log',
-   'docs/operators/deployment/releases/2026-10-06-g7-native26-calibration-progress/current-terminal-evidence/g7-artifact-current/117-docker.stdout.log',
    'docs/operators/deployment/releases/2026-10-06-g7-native26-calibration-progress/current-terminal-evidence/g7-artifact-current/118-docker.result.json',
-   'docs/operators/deployment/releases/2026-10-06-g7-native26-calibration-progress/current-terminal-evidence/g7-artifact-current/118-docker.stderr.log',
-   'docs/operators/deployment/releases/2026-10-06-g7-native26-calibration-progress/current-terminal-evidence/g7-artifact-current/118-docker.stdout.log',
    'docs/operators/deployment/releases/2026-10-06-g7-native26-calibration-progress/current-terminal-evidence/g7-artifact-current/119-docker.result.json',
-   'docs/operators/deployment/releases/2026-10-06-g7-native26-calibration-progress/current-terminal-evidence/g7-artifact-current/119-docker.stderr.log',
-   'docs/operators/deployment/releases/2026-10-06-g7-native26-calibration-progress/current-terminal-evidence/g7-artifact-current/119-docker.stdout.log',
    'docs/operators/deployment/releases/2026-10-06-g7-native26-calibration-progress/current-terminal-evidence/g7-artifact-current/120-docker.result.json',
-   'docs/operators/deployment/releases/2026-10-06-g7-native26-calibration-progress/current-terminal-evidence/g7-artifact-current/120-docker.stderr.log',
-   'docs/operators/deployment/releases/2026-10-06-g7-native26-calibration-progress/current-terminal-evidence/g7-artifact-current/120-docker.stdout.log',
    'docs/operators/deployment/releases/2026-10-06-g7-native26-calibration-progress/current-terminal-evidence/g7-artifact-current/121-docker.result.json',
-   'docs/operators/deployment/releases/2026-10-06-g7-native26-calibration-progress/current-terminal-evidence/g7-artifact-current/121-docker.stderr.log',
-   'docs/operators/deployment/releases/2026-10-06-g7-native26-calibration-progress/current-terminal-evidence/g7-artifact-current/121-docker.stdout.log',
    'docs/operators/deployment/releases/2026-10-06-g7-native26-calibration-progress/current-terminal-evidence/g7-artifact-current/122-docker.result.json',
-   'docs/operators/deployment/releases/2026-10-06-g7-native26-calibration-progress/current-terminal-evidence/g7-artifact-current/122-docker.stderr.log',
-   'docs/operators/deployment/releases/2026-10-06-g7-native26-calibration-progress/current-terminal-evidence/g7-artifact-current/122-docker.stdout.log',
    'docs/operators/deployment/releases/2026-10-06-g7-native26-calibration-progress/current-terminal-evidence/g7-artifact-current/123-docker.result.json',
-   'docs/operators/deployment/releases/2026-10-06-g7-native26-calibration-progress/current-terminal-evidence/g7-artifact-current/123-docker.stderr.log',
-   'docs/operators/deployment/releases/2026-10-06-g7-native26-calibration-progress/current-terminal-evidence/g7-artifact-current/123-docker.stdout.log',
    'docs/operators/deployment/releases/2026-10-06-g7-native26-calibration-progress/current-terminal-evidence/g7-artifact-current/124-docker.result.json',
-   'docs/operators/deployment/releases/2026-10-06-g7-native26-calibration-progress/current-terminal-evidence/g7-artifact-current/124-docker.stderr.log',
-   'docs/operators/deployment/releases/2026-10-06-g7-native26-calibration-progress/current-terminal-evidence/g7-artifact-current/124-docker.stdout.log',
    'docs/operators/deployment/releases/2026-10-06-g7-native26-calibration-progress/current-terminal-evidence/g7-artifact-current/125-docker.result.json',
-   'docs/operators/deployment/releases/2026-10-06-g7-native26-calibration-progress/current-terminal-evidence/g7-artifact-current/125-docker.stderr.log',
-   'docs/operators/deployment/releases/2026-10-06-g7-native26-calibration-progress/current-terminal-evidence/g7-artifact-current/125-docker.stdout.log',
    'docs/operators/deployment/releases/2026-10-06-g7-native26-calibration-progress/current-terminal-evidence/g7-artifact-current/126-docker.result.json',
-   'docs/operators/deployment/releases/2026-10-06-g7-native26-calibration-progress/current-terminal-evidence/g7-artifact-current/126-docker.stderr.log',
-   'docs/operators/deployment/releases/2026-10-06-g7-native26-calibration-progress/current-terminal-evidence/g7-artifact-current/126-docker.stdout.log',
    'docs/operators/deployment/releases/2026-10-06-g7-native26-calibration-progress/current-terminal-evidence/g7-artifact-current/127-docker.result.json',
-   'docs/operators/deployment/releases/2026-10-06-g7-native26-calibration-progress/current-terminal-evidence/g7-artifact-current/127-docker.stderr.log',
-   'docs/operators/deployment/releases/2026-10-06-g7-native26-calibration-progress/current-terminal-evidence/g7-artifact-current/127-docker.stdout.log',
    'docs/operators/deployment/releases/2026-10-06-g7-native26-calibration-progress/current-terminal-evidence/g7-artifact-current/128-docker.result.json',
-   'docs/operators/deployment/releases/2026-10-06-g7-native26-calibration-progress/current-terminal-evidence/g7-artifact-current/128-docker.stderr.log',
-   'docs/operators/deployment/releases/2026-10-06-g7-native26-calibration-progress/current-terminal-evidence/g7-artifact-current/128-docker.stdout.log',
    'docs/operators/deployment/releases/2026-10-06-g7-native26-calibration-progress/current-terminal-evidence/g7-artifact-current/129-docker.result.json',
-   'docs/operators/deployment/releases/2026-10-06-g7-native26-calibration-progress/current-terminal-evidence/g7-artifact-current/129-docker.stderr.log',
-   'docs/operators/deployment/releases/2026-10-06-g7-native26-calibration-progress/current-terminal-evidence/g7-artifact-current/129-docker.stdout.log',
    'docs/operators/deployment/releases/2026-10-06-g7-native26-calibration-progress/current-terminal-evidence/g7-artifact-current/130-docker.result.json',
-   'docs/operators/deployment/releases/2026-10-06-g7-native26-calibration-progress/current-terminal-evidence/g7-artifact-current/130-docker.stderr.log',
-   'docs/operators/deployment/releases/2026-10-06-g7-native26-calibration-progress/current-terminal-evidence/g7-artifact-current/130-docker.stdout.log',
    'docs/operators/deployment/releases/2026-10-06-g7-native26-calibration-progress/current-terminal-evidence/g7-artifact-current/131-docker.result.json',
-   'docs/operators/deployment/releases/2026-10-06-g7-native26-calibration-progress/current-terminal-evidence/g7-artifact-current/131-docker.stderr.log',
-   'docs/operators/deployment/releases/2026-10-06-g7-native26-calibration-progress/current-terminal-evidence/g7-artifact-current/131-docker.stdout.log',
    'docs/operators/deployment/releases/2026-10-06-g7-native26-calibration-progress/current-terminal-evidence/g7-artifact-current/132-docker.result.json',
-   'docs/operators/deployment/releases/2026-10-06-g7-native26-calibration-progress/current-terminal-evidence/g7-artifact-current/132-docker.stderr.log',
-   'docs/operators/deployment/releases/2026-10-06-g7-native26-calibration-progress/current-terminal-evidence/g7-artifact-current/132-docker.stdout.log',
    'docs/operators/deployment/releases/2026-10-06-g7-native26-calibration-progress/current-terminal-evidence/g7-artifact-current/133-docker.result.json',
-   'docs/operators/deployment/releases/2026-10-06-g7-native26-calibration-progress/current-terminal-evidence/g7-artifact-current/133-docker.stderr.log',
-   'docs/operators/deployment/releases/2026-10-06-g7-native26-calibration-progress/current-terminal-evidence/g7-artifact-current/133-docker.stdout.log',
    'docs/operators/deployment/releases/2026-10-06-g7-native26-calibration-progress/current-terminal-evidence/g7-artifact-current/134-docker.result.json',
-   'docs/operators/deployment/releases/2026-10-06-g7-native26-calibration-progress/current-terminal-evidence/g7-artifact-current/134-docker.stderr.log',
-   'docs/operators/deployment/releases/2026-10-06-g7-native26-calibration-progress/current-terminal-evidence/g7-artifact-current/134-docker.stdout.log',
    'docs/operators/deployment/releases/2026-10-06-g7-native26-calibration-progress/current-terminal-evidence/g7-artifact-current/135-docker.result.json',
-   'docs/operators/deployment/releases/2026-10-06-g7-native26-calibration-progress/current-terminal-evidence/g7-artifact-current/135-docker.stderr.log',
-   'docs/operators/deployment/releases/2026-10-06-g7-native26-calibration-progress/current-terminal-evidence/g7-artifact-current/135-docker.stdout.log',
    'docs/operators/deployment/releases/2026-10-06-g7-native26-calibration-progress/current-terminal-evidence/g7-artifact-current/136-docker.result.json',
-   'docs/operators/deployment/releases/2026-10-06-g7-native26-calibration-progress/current-terminal-evidence/g7-artifact-current/136-docker.stderr.log',
-   'docs/operators/deployment/releases/2026-10-06-g7-native26-calibration-progress/current-terminal-evidence/g7-artifact-current/136-docker.stdout.log',
    'docs/operators/deployment/releases/2026-10-06-g7-native26-calibration-progress/current-terminal-evidence/g7-artifact-current/137-docker.result.json',
-   'docs/operators/deployment/releases/2026-10-06-g7-native26-calibration-progress/current-terminal-evidence/g7-artifact-current/137-docker.stderr.log',
-   'docs/operators/deployment/releases/2026-10-06-g7-native26-calibration-progress/current-terminal-evidence/g7-artifact-current/137-docker.stdout.log',
    'docs/operators/deployment/releases/2026-10-06-g7-native26-calibration-progress/current-terminal-evidence/g7-artifact-current/138-docker.result.json',
-   'docs/operators/deployment/releases/2026-10-06-g7-native26-calibration-progress/current-terminal-evidence/g7-artifact-current/138-docker.stderr.log',
-   'docs/operators/deployment/releases/2026-10-06-g7-native26-calibration-progress/current-terminal-evidence/g7-artifact-current/138-docker.stdout.log',
    'docs/operators/deployment/releases/2026-10-06-g7-native26-calibration-progress/current-terminal-evidence/g7-artifact-current/139-docker.result.json',
-   'docs/operators/deployment/releases/2026-10-06-g7-native26-calibration-progress/current-terminal-evidence/g7-artifact-current/139-docker.stderr.log',
-   'docs/operators/deployment/releases/2026-10-06-g7-native26-calibration-progress/current-terminal-evidence/g7-artifact-current/139-docker.stdout.log',
    'docs/operators/deployment/releases/2026-10-06-g7-native26-calibration-progress/current-terminal-evidence/g7-artifact-current/140-docker.result.json',
-   'docs/operators/deployment/releases/2026-10-06-g7-native26-calibration-progress/current-terminal-evidence/g7-artifact-current/140-docker.stderr.log',
-   'docs/operators/deployment/releases/2026-10-06-g7-native26-calibration-progress/current-terminal-evidence/g7-artifact-current/140-docker.stdout.log',
    'docs/operators/deployment/releases/2026-10-06-g7-native26-calibration-progress/current-terminal-evidence/g7-artifact-current/141-docker.result.json',
-   'docs/operators/deployment/releases/2026-10-06-g7-native26-calibration-progress/current-terminal-evidence/g7-artifact-current/141-docker.stderr.log',
-   'docs/operators/deployment/releases/2026-10-06-g7-native26-calibration-progress/current-terminal-evidence/g7-artifact-current/141-docker.stdout.log',
    'docs/operators/deployment/releases/2026-10-06-g7-native26-calibration-progress/current-terminal-evidence/g7-artifact-current/142-docker.result.json',
-   'docs/operators/deployment/releases/2026-10-06-g7-native26-calibration-progress/current-terminal-evidence/g7-artifact-current/142-docker.stderr.log',
-   'docs/operators/deployment/releases/2026-10-06-g7-native26-calibration-progress/current-terminal-evidence/g7-artifact-current/142-docker.stdout.log',
    'docs/operators/deployment/releases/2026-10-06-g7-native26-calibration-progress/current-terminal-evidence/g7-artifact-current/143-docker.result.json',
-   'docs/operators/deployment/releases/2026-10-06-g7-native26-calibration-progress/current-terminal-evidence/g7-artifact-current/143-docker.stderr.log',
-   'docs/operators/deployment/releases/2026-10-06-g7-native26-calibration-progress/current-terminal-evidence/g7-artifact-current/143-docker.stdout.log',
    'docs/operators/deployment/releases/2026-10-06-g7-native26-calibration-progress/current-terminal-evidence/g7-artifact-current/144-docker.result.json',
-   'docs/operators/deployment/releases/2026-10-06-g7-native26-calibration-progress/current-terminal-evidence/g7-artifact-current/144-docker.stderr.log',
-   'docs/operators/deployment/releases/2026-10-06-g7-native26-calibration-progress/current-terminal-evidence/g7-artifact-current/144-docker.stdout.log',
    'docs/operators/deployment/releases/2026-10-06-g7-native26-calibration-progress/current-terminal-evidence/g7-artifact-current/145-docker.result.json',
-   'docs/operators/deployment/releases/2026-10-06-g7-native26-calibration-progress/current-terminal-evidence/g7-artifact-current/145-docker.stderr.log',
-   'docs/operators/deployment/releases/2026-10-06-g7-native26-calibration-progress/current-terminal-evidence/g7-artifact-current/145-docker.stdout.log',
    'docs/operators/deployment/releases/2026-10-06-g7-native26-calibration-progress/current-terminal-evidence/g7-artifact-current/146-docker.result.json',
-   'docs/operators/deployment/releases/2026-10-06-g7-native26-calibration-progress/current-terminal-evidence/g7-artifact-current/146-docker.stderr.log',
-   'docs/operators/deployment/releases/2026-10-06-g7-native26-calibration-progress/current-terminal-evidence/g7-artifact-current/146-docker.stdout.log',
    'docs/operators/deployment/releases/2026-10-06-g7-native26-calibration-progress/current-terminal-evidence/g7-artifact-current/147-docker.result.json',
-   'docs/operators/deployment/releases/2026-10-06-g7-native26-calibration-progress/current-terminal-evidence/g7-artifact-current/147-docker.stderr.log',
-   'docs/operators/deployment/releases/2026-10-06-g7-native26-calibration-progress/current-terminal-evidence/g7-artifact-current/147-docker.stdout.log',
    'docs/operators/deployment/releases/2026-10-06-g7-native26-calibration-progress/current-terminal-evidence/g7-artifact-current/148-docker.result.json',
-   'docs/operators/deployment/releases/2026-10-06-g7-native26-calibration-progress/current-terminal-evidence/g7-artifact-current/148-docker.stderr.log',
-   'docs/operators/deployment/releases/2026-10-06-g7-native26-calibration-progress/current-terminal-evidence/g7-artifact-current/148-docker.stdout.log',
    'docs/operators/deployment/releases/2026-10-06-g7-native26-calibration-progress/current-terminal-evidence/g7-artifact-current/149-docker.result.json',
-   'docs/operators/deployment/releases/2026-10-06-g7-native26-calibration-progress/current-terminal-evidence/g7-artifact-current/149-docker.stderr.log',
-   'docs/operators/deployment/releases/2026-10-06-g7-native26-calibration-progress/current-terminal-evidence/g7-artifact-current/149-docker.stdout.log',
    'docs/operators/deployment/releases/2026-10-06-g7-native26-calibration-progress/current-terminal-evidence/g7-artifact-current/150-docker.result.json',
-   'docs/operators/deployment/releases/2026-10-06-g7-native26-calibration-progress/current-terminal-evidence/g7-artifact-current/150-docker.stderr.log',
-   'docs/operators/deployment/releases/2026-10-06-g7-native26-calibration-progress/current-terminal-evidence/g7-artifact-current/150-docker.stdout.log',
    'docs/operators/deployment/releases/2026-10-06-g7-native26-calibration-progress/current-terminal-evidence/g7-artifact-current/151-docker.result.json',
-   'docs/operators/deployment/releases/2026-10-06-g7-native26-calibration-progress/current-terminal-evidence/g7-artifact-current/151-docker.stderr.log',
-   'docs/operators/deployment/releases/2026-10-06-g7-native26-calibration-progress/current-terminal-evidence/g7-artifact-current/151-docker.stdout.log',
    'docs/operators/deployment/releases/2026-10-06-g7-native26-calibration-progress/current-terminal-evidence/g7-artifact-current/152-docker.result.json',
-   'docs/operators/deployment/releases/2026-10-06-g7-native26-calibration-progress/current-terminal-evidence/g7-artifact-current/152-docker.stderr.log',
-   'docs/operators/deployment/releases/2026-10-06-g7-native26-calibration-progress/current-terminal-evidence/g7-artifact-current/152-docker.stdout.log',
    'docs/operators/deployment/releases/2026-10-06-g7-native26-calibration-progress/current-terminal-evidence/g7-artifact-current/153-docker.result.json',
-   'docs/operators/deployment/releases/2026-10-06-g7-native26-calibration-progress/current-terminal-evidence/g7-artifact-current/153-docker.stderr.log',
-   'docs/operators/deployment/releases/2026-10-06-g7-native26-calibration-progress/current-terminal-evidence/g7-artifact-current/153-docker.stdout.log',
    'docs/operators/deployment/releases/2026-10-06-g7-native26-calibration-progress/current-terminal-evidence/g7-artifact-current/154-docker.result.json',
-   'docs/operators/deployment/releases/2026-10-06-g7-native26-calibration-progress/current-terminal-evidence/g7-artifact-current/154-docker.stderr.log',
-   'docs/operators/deployment/releases/2026-10-06-g7-native26-calibration-progress/current-terminal-evidence/g7-artifact-current/154-docker.stdout.log',
    'docs/operators/deployment/releases/2026-10-06-g7-native26-calibration-progress/current-terminal-evidence/g7-artifact-current/155-docker.result.json',
-   'docs/operators/deployment/releases/2026-10-06-g7-native26-calibration-progress/current-terminal-evidence/g7-artifact-current/155-docker.stderr.log',
-   'docs/operators/deployment/releases/2026-10-06-g7-native26-calibration-progress/current-terminal-evidence/g7-artifact-current/155-docker.stdout.log',
    'docs/operators/deployment/releases/2026-10-06-g7-native26-calibration-progress/current-terminal-evidence/g7-artifact-current/156-docker.result.json',
-   'docs/operators/deployment/releases/2026-10-06-g7-native26-calibration-progress/current-terminal-evidence/g7-artifact-current/156-docker.stderr.log',
-   'docs/operators/deployment/releases/2026-10-06-g7-native26-calibration-progress/current-terminal-evidence/g7-artifact-current/156-docker.stdout.log',
    'docs/operators/deployment/releases/2026-10-06-g7-native26-calibration-progress/current-terminal-evidence/g7-artifact-current/157-docker.result.json',
-   'docs/operators/deployment/releases/2026-10-06-g7-native26-calibration-progress/current-terminal-evidence/g7-artifact-current/157-docker.stderr.log',
-   'docs/operators/deployment/releases/2026-10-06-g7-native26-calibration-progress/current-terminal-evidence/g7-artifact-current/157-docker.stdout.log',
    'docs/operators/deployment/releases/2026-10-06-g7-native26-calibration-progress/current-terminal-evidence/g7-artifact-current/158-docker.result.json',
-   'docs/operators/deployment/releases/2026-10-06-g7-native26-calibration-progress/current-terminal-evidence/g7-artifact-current/158-docker.stderr.log',
-   'docs/operators/deployment/releases/2026-10-06-g7-native26-calibration-progress/current-terminal-evidence/g7-artifact-current/158-docker.stdout.log',
    'docs/operators/deployment/releases/2026-10-06-g7-native26-calibration-progress/current-terminal-evidence/g7-artifact-current/159-docker.result.json',
-   'docs/operators/deployment/releases/2026-10-06-g7-native26-calibration-progress/current-terminal-evidence/g7-artifact-current/159-docker.stderr.log',
-   'docs/operators/deployment/releases/2026-10-06-g7-native26-calibration-progress/current-terminal-evidence/g7-artifact-current/159-docker.stdout.log',
    'docs/operators/deployment/releases/2026-10-06-g7-native26-calibration-progress/current-terminal-evidence/g7-artifact-current/160-docker.result.json',
-   'docs/operators/deployment/releases/2026-10-06-g7-native26-calibration-progress/current-terminal-evidence/g7-artifact-current/160-docker.stderr.log',
-   'docs/operators/deployment/releases/2026-10-06-g7-native26-calibration-progress/current-terminal-evidence/g7-artifact-current/160-docker.stdout.log',
    'docs/operators/deployment/releases/2026-10-06-g7-native26-calibration-progress/current-terminal-evidence/g7-artifact-current/161-docker.result.json',
-   'docs/operators/deployment/releases/2026-10-06-g7-native26-calibration-progress/current-terminal-evidence/g7-artifact-current/161-docker.stderr.log',
-   'docs/operators/deployment/releases/2026-10-06-g7-native26-calibration-progress/current-terminal-evidence/g7-artifact-current/161-docker.stdout.log',
    'docs/operators/deployment/releases/2026-10-06-g7-native26-calibration-progress/current-terminal-evidence/g7-artifact-current/162-docker.result.json',
-   'docs/operators/deployment/releases/2026-10-06-g7-native26-calibration-progress/current-terminal-evidence/g7-artifact-current/162-docker.stderr.log',
-   'docs/operators/deployment/releases/2026-10-06-g7-native26-calibration-progress/current-terminal-evidence/g7-artifact-current/162-docker.stdout.log',
    'docs/operators/deployment/releases/2026-10-06-g7-native26-calibration-progress/current-terminal-evidence/g7-artifact-current/163-docker.result.json',
-   'docs/operators/deployment/releases/2026-10-06-g7-native26-calibration-progress/current-terminal-evidence/g7-artifact-current/163-docker.stderr.log',
-   'docs/operators/deployment/releases/2026-10-06-g7-native26-calibration-progress/current-terminal-evidence/g7-artifact-current/163-docker.stdout.log',
    'docs/operators/deployment/releases/2026-10-06-g7-native26-calibration-progress/current-terminal-evidence/g7-artifact-current/164-docker.result.json',
-   'docs/operators/deployment/releases/2026-10-06-g7-native26-calibration-progress/current-terminal-evidence/g7-artifact-current/164-docker.stderr.log',
-   'docs/operators/deployment/releases/2026-10-06-g7-native26-calibration-progress/current-terminal-evidence/g7-artifact-current/164-docker.stdout.log',
    'docs/operators/deployment/releases/2026-10-06-g7-native26-calibration-progress/current-terminal-evidence/g7-artifact-current/cleanup.json',
    'docs/operators/deployment/releases/2026-10-06-g7-native26-calibration-progress/current-terminal-evidence/g7-artifact-current/database-runtime-observations.json',
    'docs/operators/deployment/releases/2026-10-06-g7-native26-calibration-progress/current-terminal-evidence/g7-artifact-current/database-seed.json',
    'docs/operators/deployment/releases/2026-10-06-g7-native26-calibration-progress/current-terminal-evidence/g7-artifact-current/fallback-001-docker.result.json',
-   'docs/operators/deployment/releases/2026-10-06-g7-native26-calibration-progress/current-terminal-evidence/g7-artifact-current/fallback-001-docker.stderr.log',
-   'docs/operators/deployment/releases/2026-10-06-g7-native26-calibration-progress/current-terminal-evidence/g7-artifact-current/fallback-001-docker.stdout.log',
    'docs/operators/deployment/releases/2026-10-06-g7-native26-calibration-progress/current-terminal-evidence/g7-artifact-current/fallback-002-docker.result.json',
-   'docs/operators/deployment/releases/2026-10-06-g7-native26-calibration-progress/current-terminal-evidence/g7-artifact-current/fallback-002-docker.stderr.log',
-   'docs/operators/deployment/releases/2026-10-06-g7-native26-calibration-progress/current-terminal-evidence/g7-artifact-current/fallback-002-docker.stdout.log',
    'docs/operators/deployment/releases/2026-10-06-g7-native26-calibration-progress/current-terminal-evidence/g7-artifact-current/fallback-003-docker.result.json',
-   'docs/operators/deployment/releases/2026-10-06-g7-native26-calibration-progress/current-terminal-evidence/g7-artifact-current/fallback-003-docker.stderr.log',
-   'docs/operators/deployment/releases/2026-10-06-g7-native26-calibration-progress/current-terminal-evidence/g7-artifact-current/fallback-003-docker.stdout.log',
    'docs/operators/deployment/releases/2026-10-06-g7-native26-calibration-progress/current-terminal-evidence/g7-artifact-current/fallback-004-docker.result.json',
-   'docs/operators/deployment/releases/2026-10-06-g7-native26-calibration-progress/current-terminal-evidence/g7-artifact-current/fallback-004-docker.stderr.log',
-   'docs/operators/deployment/releases/2026-10-06-g7-native26-calibration-progress/current-terminal-evidence/g7-artifact-current/fallback-004-docker.stdout.log',
    'docs/operators/deployment/releases/2026-10-06-g7-native26-calibration-progress/current-terminal-evidence/g7-artifact-current/fallback-005-docker.result.json',
-   'docs/operators/deployment/releases/2026-10-06-g7-native26-calibration-progress/current-terminal-evidence/g7-artifact-current/fallback-005-docker.stderr.log',
-   'docs/operators/deployment/releases/2026-10-06-g7-native26-calibration-progress/current-terminal-evidence/g7-artifact-current/fallback-005-docker.stdout.log',
    'docs/operators/deployment/releases/2026-10-06-g7-native26-calibration-progress/current-terminal-evidence/g7-artifact-current/fallback-006-docker.result.json',
-   'docs/operators/deployment/releases/2026-10-06-g7-native26-calibration-progress/current-terminal-evidence/g7-artifact-current/fallback-006-docker.stderr.log',
-   'docs/operators/deployment/releases/2026-10-06-g7-native26-calibration-progress/current-terminal-evidence/g7-artifact-current/fallback-006-docker.stdout.log',
    'docs/operators/deployment/releases/2026-10-06-g7-native26-calibration-progress/current-terminal-evidence/g7-artifact-current/fallback-007-docker.result.json',
-   'docs/operators/deployment/releases/2026-10-06-g7-native26-calibration-progress/current-terminal-evidence/g7-artifact-current/fallback-007-docker.stderr.log',
-   'docs/operators/deployment/releases/2026-10-06-g7-native26-calibration-progress/current-terminal-evidence/g7-artifact-current/fallback-007-docker.stdout.log',
    'docs/operators/deployment/releases/2026-10-06-g7-native26-calibration-progress/current-terminal-evidence/g7-artifact-current/fallback-008-docker.result.json',
-   'docs/operators/deployment/releases/2026-10-06-g7-native26-calibration-progress/current-terminal-evidence/g7-artifact-current/fallback-008-docker.stderr.log',
-   'docs/operators/deployment/releases/2026-10-06-g7-native26-calibration-progress/current-terminal-evidence/g7-artifact-current/fallback-008-docker.stdout.log',
    'docs/operators/deployment/releases/2026-10-06-g7-native26-calibration-progress/current-terminal-evidence/g7-artifact-current/fallback-009-docker.result.json',
-   'docs/operators/deployment/releases/2026-10-06-g7-native26-calibration-progress/current-terminal-evidence/g7-artifact-current/fallback-009-docker.stderr.log',
-   'docs/operators/deployment/releases/2026-10-06-g7-native26-calibration-progress/current-terminal-evidence/g7-artifact-current/fallback-009-docker.stdout.log',
    'docs/operators/deployment/releases/2026-10-06-g7-native26-calibration-progress/current-terminal-evidence/g7-artifact-current/fallback-010-docker.result.json',
-   'docs/operators/deployment/releases/2026-10-06-g7-native26-calibration-progress/current-terminal-evidence/g7-artifact-current/fallback-010-docker.stderr.log',
-   'docs/operators/deployment/releases/2026-10-06-g7-native26-calibration-progress/current-terminal-evidence/g7-artifact-current/fallback-010-docker.stdout.log',
    'docs/operators/deployment/releases/2026-10-06-g7-native26-calibration-progress/current-terminal-evidence/g7-artifact-current/fallback-011-docker.result.json',
-   'docs/operators/deployment/releases/2026-10-06-g7-native26-calibration-progress/current-terminal-evidence/g7-artifact-current/fallback-011-docker.stderr.log',
-   'docs/operators/deployment/releases/2026-10-06-g7-native26-calibration-progress/current-terminal-evidence/g7-artifact-current/fallback-011-docker.stdout.log',
    'docs/operators/deployment/releases/2026-10-06-g7-native26-calibration-progress/current-terminal-evidence/g7-artifact-current/fallback-012-docker.result.json',
-   'docs/operators/deployment/releases/2026-10-06-g7-native26-calibration-progress/current-terminal-evidence/g7-artifact-current/fallback-012-docker.stderr.log',
-   'docs/operators/deployment/releases/2026-10-06-g7-native26-calibration-progress/current-terminal-evidence/g7-artifact-current/fallback-012-docker.stdout.log',
    'docs/operators/deployment/releases/2026-10-06-g7-native26-calibration-progress/current-terminal-evidence/g7-artifact-current/fallback-013-docker.result.json',
-   'docs/operators/deployment/releases/2026-10-06-g7-native26-calibration-progress/current-terminal-evidence/g7-artifact-current/fallback-013-docker.stderr.log',
-   'docs/operators/deployment/releases/2026-10-06-g7-native26-calibration-progress/current-terminal-evidence/g7-artifact-current/fallback-013-docker.stdout.log',
    'docs/operators/deployment/releases/2026-10-06-g7-native26-calibration-progress/current-terminal-evidence/g7-artifact-current/fallback-014-docker.result.json',
-   'docs/operators/deployment/releases/2026-10-06-g7-native26-calibration-progress/current-terminal-evidence/g7-artifact-current/fallback-014-docker.stderr.log',
-   'docs/operators/deployment/releases/2026-10-06-g7-native26-calibration-progress/current-terminal-evidence/g7-artifact-current/fallback-014-docker.stdout.log',
    'docs/operators/deployment/releases/2026-10-06-g7-native26-calibration-progress/current-terminal-evidence/g7-artifact-current/fallback-015-docker.result.json',
-   'docs/operators/deployment/releases/2026-10-06-g7-native26-calibration-progress/current-terminal-evidence/g7-artifact-current/fallback-015-docker.stderr.log',
-   'docs/operators/deployment/releases/2026-10-06-g7-native26-calibration-progress/current-terminal-evidence/g7-artifact-current/fallback-015-docker.stdout.log',
    'docs/operators/deployment/releases/2026-10-06-g7-native26-calibration-progress/current-terminal-evidence/g7-artifact-current/fallback-016-docker.result.json',
-   'docs/operators/deployment/releases/2026-10-06-g7-native26-calibration-progress/current-terminal-evidence/g7-artifact-current/fallback-016-docker.stderr.log',
-   'docs/operators/deployment/releases/2026-10-06-g7-native26-calibration-progress/current-terminal-evidence/g7-artifact-current/fallback-016-docker.stdout.log',
    'docs/operators/deployment/releases/2026-10-06-g7-native26-calibration-progress/current-terminal-evidence/g7-artifact-current/fallback-017-docker.result.json',
-   'docs/operators/deployment/releases/2026-10-06-g7-native26-calibration-progress/current-terminal-evidence/g7-artifact-current/fallback-017-docker.stderr.log',
-   'docs/operators/deployment/releases/2026-10-06-g7-native26-calibration-progress/current-terminal-evidence/g7-artifact-current/fallback-017-docker.stdout.log',
    'docs/operators/deployment/releases/2026-10-06-g7-native26-calibration-progress/current-terminal-evidence/g7-artifact-current/fallback-018-docker.result.json',
-   'docs/operators/deployment/releases/2026-10-06-g7-native26-calibration-progress/current-terminal-evidence/g7-artifact-current/fallback-018-docker.stderr.log',
-   'docs/operators/deployment/releases/2026-10-06-g7-native26-calibration-progress/current-terminal-evidence/g7-artifact-current/fallback-018-docker.stdout.log',
    'docs/operators/deployment/releases/2026-10-06-g7-native26-calibration-progress/current-terminal-evidence/g7-artifact-current/fallback-019-docker.result.json',
-   'docs/operators/deployment/releases/2026-10-06-g7-native26-calibration-progress/current-terminal-evidence/g7-artifact-current/fallback-019-docker.stderr.log',
-   'docs/operators/deployment/releases/2026-10-06-g7-native26-calibration-progress/current-terminal-evidence/g7-artifact-current/fallback-019-docker.stdout.log',
    'docs/operators/deployment/releases/2026-10-06-g7-native26-calibration-progress/current-terminal-evidence/g7-artifact-current/fallback-020-docker.result.json',
-   'docs/operators/deployment/releases/2026-10-06-g7-native26-calibration-progress/current-terminal-evidence/g7-artifact-current/fallback-020-docker.stderr.log',
-   'docs/operators/deployment/releases/2026-10-06-g7-native26-calibration-progress/current-terminal-evidence/g7-artifact-current/fallback-020-docker.stdout.log',
    'docs/operators/deployment/releases/2026-10-06-g7-native26-calibration-progress/current-terminal-evidence/g7-artifact-current/fallback-021-docker.result.json',
-   'docs/operators/deployment/releases/2026-10-06-g7-native26-calibration-progress/current-terminal-evidence/g7-artifact-current/fallback-021-docker.stderr.log',
-   'docs/operators/deployment/releases/2026-10-06-g7-native26-calibration-progress/current-terminal-evidence/g7-artifact-current/fallback-021-docker.stdout.log',
    'docs/operators/deployment/releases/2026-10-06-g7-native26-calibration-progress/current-terminal-evidence/g7-artifact-current/fallback-022-docker.result.json',
-   'docs/operators/deployment/releases/2026-10-06-g7-native26-calibration-progress/current-terminal-evidence/g7-artifact-current/fallback-022-docker.stderr.log',
-   'docs/operators/deployment/releases/2026-10-06-g7-native26-calibration-progress/current-terminal-evidence/g7-artifact-current/fallback-022-docker.stdout.log',
    'docs/operators/deployment/releases/2026-10-06-g7-native26-calibration-progress/current-terminal-evidence/g7-artifact-current/fallback-023-docker.result.json',
-   'docs/operators/deployment/releases/2026-10-06-g7-native26-calibration-progress/current-terminal-evidence/g7-artifact-current/fallback-023-docker.stderr.log',
-   'docs/operators/deployment/releases/2026-10-06-g7-native26-calibration-progress/current-terminal-evidence/g7-artifact-current/fallback-023-docker.stdout.log',
    'docs/operators/deployment/releases/2026-10-06-g7-native26-calibration-progress/current-terminal-evidence/g7-artifact-current/fallback-024-docker.result.json',
-   'docs/operators/deployment/releases/2026-10-06-g7-native26-calibration-progress/current-terminal-evidence/g7-artifact-current/fallback-024-docker.stderr.log',
-   'docs/operators/deployment/releases/2026-10-06-g7-native26-calibration-progress/current-terminal-evidence/g7-artifact-current/fallback-024-docker.stdout.log',
    'docs/operators/deployment/releases/2026-10-06-g7-native26-calibration-progress/current-terminal-evidence/g7-artifact-current/fallback-025-docker.result.json',
-   'docs/operators/deployment/releases/2026-10-06-g7-native26-calibration-progress/current-terminal-evidence/g7-artifact-current/fallback-025-docker.stderr.log',
-   'docs/operators/deployment/releases/2026-10-06-g7-native26-calibration-progress/current-terminal-evidence/g7-artifact-current/fallback-025-docker.stdout.log',
    'docs/operators/deployment/releases/2026-10-06-g7-native26-calibration-progress/current-terminal-evidence/g7-artifact-current/fallback-026-docker.result.json',
-   'docs/operators/deployment/releases/2026-10-06-g7-native26-calibration-progress/current-terminal-evidence/g7-artifact-current/fallback-026-docker.stderr.log',
-   'docs/operators/deployment/releases/2026-10-06-g7-native26-calibration-progress/current-terminal-evidence/g7-artifact-current/fallback-026-docker.stdout.log',
    'docs/operators/deployment/releases/2026-10-06-g7-native26-calibration-progress/current-terminal-evidence/g7-artifact-current/fallback-027-docker.result.json',
-   'docs/operators/deployment/releases/2026-10-06-g7-native26-calibration-progress/current-terminal-evidence/g7-artifact-current/fallback-027-docker.stderr.log',
-   'docs/operators/deployment/releases/2026-10-06-g7-native26-calibration-progress/current-terminal-evidence/g7-artifact-current/fallback-027-docker.stdout.log',
    'docs/operators/deployment/releases/2026-10-06-g7-native26-calibration-progress/current-terminal-evidence/g7-artifact-current/fallback-028-docker.result.json',
-   'docs/operators/deployment/releases/2026-10-06-g7-native26-calibration-progress/current-terminal-evidence/g7-artifact-current/fallback-028-docker.stderr.log',
-   'docs/operators/deployment/releases/2026-10-06-g7-native26-calibration-progress/current-terminal-evidence/g7-artifact-current/fallback-028-docker.stdout.log',
    'docs/operators/deployment/releases/2026-10-06-g7-native26-calibration-progress/current-terminal-evidence/g7-artifact-current/fallback-029-docker.result.json',
-   'docs/operators/deployment/releases/2026-10-06-g7-native26-calibration-progress/current-terminal-evidence/g7-artifact-current/fallback-029-docker.stderr.log',
-   'docs/operators/deployment/releases/2026-10-06-g7-native26-calibration-progress/current-terminal-evidence/g7-artifact-current/fallback-029-docker.stdout.log',
    'docs/operators/deployment/releases/2026-10-06-g7-native26-calibration-progress/current-terminal-evidence/g7-artifact-current/fallback-cleanup-result.json',
    'docs/operators/deployment/releases/2026-10-06-g7-native26-calibration-progress/current-terminal-evidence/g7-artifact-current/frozen-manifest.json',
    'docs/operators/deployment/releases/2026-10-06-g7-native26-calibration-progress/current-terminal-evidence/g7-artifact-current/frozen-manifest.sha256',
    'docs/operators/deployment/releases/2026-10-06-g7-native26-calibration-progress/current-terminal-evidence/g7-artifact-current/g7-1e70578d1acd47478966124f581794d8-migrate-32.container-closed.json',
    'docs/operators/deployment/releases/2026-10-06-g7-native26-calibration-progress/current-terminal-evidence/g7-artifact-current/g7-1e70578d1acd47478966124f581794d8-migrate-36.container-closed.json',
...
    'docs/operators/deployment/releases/2026-10-06-g7-native26-calibration-progress/current-terminal-evidence/g7-artifact-download.result.json',
-   'docs/operators/deployment/releases/2026-10-06-g7-native26-calibration-progress/current-terminal-evidence/g7-artifact-download.stderr.log',
-   'docs/operators/deployment/releases/2026-10-06-g7-native26-calibration-progress/current-terminal-evidence/g7-artifact-download.stdout.log',
    'docs/operators/deployment/releases/2026-10-06-g7-native26-calibration-progress/current-terminal-evidence/g7-artifact-list.result.json',
-   'docs/operators/deployment/releases/2026-10-06-g7-native26-calibration-progress/current-terminal-evidence/g7-artifact-list.stderr.log',
-   'docs/operators/deployment/releases/2026-10-06-g7-native26-calibration-progress/current-terminal-evidence/g7-artifact-list.stdout.log',
    'docs/operators/deployment/releases/2026-10-06-g7-native26-calibration-progress/current-terminal-evidence/g7-current-terminal-analysis.json',
    'docs/operators/deployment/releases/2026-10-06-g7-native26-calibration-progress/current-terminal-evidence/g7-progress-1.raw.result.json',
-   'docs/operators/deployment/releases/2026-10-06-g7-native26-calibration-progress/current-terminal-evidence/g7-progress-1.raw.stderr.log',
-   'docs/operators/deployment/releases/2026-10-06-g7-native26-calibration-progress/current-terminal-evidence/g7-progress-1.raw.stdout.log',
    'docs/operators/deployment/releases/2026-10-06-g7-native26-calibration-progress/current-terminal-evidence/g7-progress-1.result.json',
-   'docs/operators/deployment/releases/2026-10-06-g7-native26-calibration-progress/current-terminal-evidence/g7-progress-1.stderr.log',
-   'docs/operators/deployment/releases/2026-10-06-g7-native26-calibration-progress/current-terminal-evidence/g7-progress-1.stdout.log',
    'docs/operators/deployment/releases/2026-10-06-g7-native26-calibration-progress/current-terminal-evidence/g7-progress-2.raw.result.json',
-   'docs/operators/deployment/releases/2026-10-06-g7-native26-calibration-progress/current-terminal-evidence/g7-progress-2.raw.stderr.log',
-   'docs/operators/deployment/releases/2026-10-06-g7-native26-calibration-progress/current-terminal-evidence/g7-progress-2.raw.stdout.log',
    'docs/operators/deployment/releases/2026-10-06-g7-native26-calibration-progress/current-terminal-evidence/g7-progress-2.result.json',
-   'docs/operators/deployment/releases/2026-10-06-g7-native26-calibration-progress/current-terminal-evidence/g7-progress-2.stderr.log',
-   'docs/operators/deployment/releases/2026-10-06-g7-native26-calibration-progress/current-terminal-evidence/g7-progress-2.stdout.log',
    'docs/operators/deployment/releases/2026-10-06-g7-native26-calibration-progress/current-terminal-evidence/g7-progress-3.raw.result.json',
-   'docs/operators/deployment/releases/2026-10-06-g7-native26-calibration-progress/current-terminal-evidence/g7-progress-3.raw.stderr.log',
-   'docs/operators/deployment/releases/2026-10-06-g7-native26-calibration-progress/current-terminal-evidence/g7-progress-3.raw.stdout.log',
    'docs/operators/deployment/releases/2026-10-06-g7-native26-calibration-progress/current-terminal-evidence/g7-progress-3.result.json',
-   'docs/operators/deployment/releases/2026-10-06-g7-native26-calibration-progress/current-terminal-evidence/g7-progress-3.stderr.log',
-   'docs/operators/deployment/releases/2026-10-06-g7-native26-calibration-progress/current-terminal-evidence/g7-progress-3.stdout.log',
    'docs/operators/deployment/releases/2026-10-06-g7-native26-calibration-progress/current-terminal-evidence/g7-terminal-log.result.json',
-   'docs/operators/deployment/releases/2026-10-06-g7-native26-calibration-progress/current-terminal-evidence/g7-terminal-log.stderr.log',
    'docs/operators/deployment/releases/2026-10-06-g7-native26-calibration-progress/current-terminal-evidence/g7-terminal-log.stdout.log.gz',
    'docs/operators/deployment/releases/2026-10-06-g7-native26-calibration-progress/current-terminal-evidence/guard-live-cutover.mjs',
    'docs/operators/deployment/releases/2026-10-06-g7-native26-calibration-progress/current-terminal-evidence/native-four-diff.result.json',
-   'docs/operators/deployment/releases/2026-10-06-g7-native26-calibration-progress/current-terminal-evidence/native-four-diff.stderr.log',
-   'docs/operators/deployment/releases/2026-10-06-g7-native26-calibration-progress/current-terminal-evidence/native-four-diff.stdout.log',
    'docs/operators/deployment/releases/2026-10-06-g7-native26-calibration-progress/current-terminal-evidence/native-preparation-checklist-proof.json',
    'docs/operators/deployment/releases/2026-10-06-g7-native26-calibration-progress/current-terminal-evidence/native-preparation-checklist.result.json',
-   'docs/operators/deployment/releases/2026-10-06-g7-native26-calibration-progress/current-terminal-evidence/native-preparation-checklist.stderr.log',
-   'docs/operators/deployment/releases/2026-10-06-g7-native26-calibration-progress/current-terminal-evidence/native-preparation-checklist.stdout.log',
    'docs/operators/deployment/releases/2026-10-06-g7-native26-calibration-progress/current-terminal-evidence/native-terminal-analysis.json',
    'docs/operators/deployment/releases/2026-10-06-g7-native26-calibration-progress/current-terminal-evidence/native-terminal-log.result.json',
-   'docs/operators/deployment/releases/2026-10-06-g7-native26-calibration-progress/current-terminal-evidence/native-terminal-log.stderr.log',
    'docs/operators/deployment/releases/2026-10-06-g7-native26-calibration-progress/current-terminal-evidence/native-terminal-log.stdout.log.gz',
    'docs/operators/deployment/releases/2026-10-06-g7-native26-calibration-progress/current-terminal-evidence/native26-results-and-calibration-checklist-proof.json',
    'docs/operators/deployment/releases/2026-10-06-g7-native26-calibration-progress/current-terminal-evidence/new-source-and-clean.result.json',
-   'docs/operators/deployment/releases/2026-10-06-g7-native26-calibration-progress/current-terminal-evidence/new-source-and-clean.stderr.log',
-   'docs/operators/deployment/releases/2026-10-06-g7-native26-calibration-progress/current-terminal-evidence/new-source-and-clean.stdout.log',
    'docs/operators/deployment/releases/2026-10-06-g7-native26-calibration-progress/current-terminal-evidence/new-source-head.result.json',
-   'docs/operators/deployment/releases/2026-10-06-g7-native26-calibration-progress/current-terminal-evidence/new-source-head.stderr.log',
-   'docs/operators/deployment/releases/2026-10-06-g7-native26-calibration-progress/current-terminal-evidence/new-source-head.stdout.log',
    'docs/operators/deployment/releases/2026-10-06-g7-native26-calibration-progress/current-terminal-evidence/new-source-remote.result.json',
-   'docs/operators/deployment/releases/2026-10-06-g7-native26-calibration-progress/current-terminal-evidence/new-source-remote.stderr.log',
-   'docs/operators/deployment/releases/2026-10-06-g7-native26-calibration-progress/current-terminal-evidence/new-source-remote.stdout.log',
    'docs/operators/deployment/releases/2026-10-06-g7-native26-calibration-progress/current-terminal-evidence/next-ci-list.result.json',
-   'docs/operators/deployment/releases/2026-10-06-g7-native26-calibration-progress/current-terminal-evidence/next-ci-list.stderr.log',
-   'docs/operators/deployment/releases/2026-10-06-g7-native26-calibration-progress/current-terminal-evidence/next-ci-list.stdout.log',
    'docs/operators/deployment/releases/2026-10-06-g7-native26-calibration-progress/current-terminal-evidence/next-compose-1.raw.result.json',
-   'docs/operators/deployment/releases/2026-10-06-g7-native26-calibration-progress/current-terminal-evidence/next-compose-1.raw.stderr.log',
-   'docs/operators/deployment/releases/2026-10-06-g7-native26-calibration-progress/current-terminal-evidence/next-compose-1.raw.stdout.log',
    'docs/operators/deployment/releases/2026-10-06-g7-native26-calibration-progress/current-terminal-evidence/next-compose-2.raw.result.json',
-   'docs/operators/deployment/releases/2026-10-06-g7-native26-calibration-progress/current-terminal-evidence/next-compose-2.raw.stderr.log',
-   'docs/operators/deployment/releases/2026-10-06-g7-native26-calibration-progress/current-terminal-evidence/next-compose-2.raw.stdout.log',
    'docs/operators/deployment/releases/2026-10-06-g7-native26-calibration-progress/current-terminal-evidence/next-compose-log.result.json',
-   'docs/operators/deployment/releases/2026-10-06-g7-native26-calibration-progress/current-terminal-evidence/next-compose-log.stderr.log',
    'docs/operators/deployment/releases/2026-10-06-g7-native26-calibration-progress/current-terminal-evidence/next-compose-log.stdout.log.gz',
    'docs/operators/deployment/releases/2026-10-06-g7-native26-calibration-progress/current-terminal-evidence/next-compose-snapshot.result.json',
-   'docs/operators/deployment/releases/2026-10-06-g7-native26-calibration-progress/current-terminal-evidence/next-compose-snapshot.stderr.log',
-   'docs/operators/deployment/releases/2026-10-06-g7-native26-calibration-progress/current-terminal-evidence/next-compose-snapshot.stdout.log',
    'docs/operators/deployment/releases/2026-10-06-g7-native26-calibration-progress/current-terminal-evidence/next-compose-terminal-read.result.json',
-   'docs/operators/deployment/releases/2026-10-06-g7-native26-calibration-progress/current-terminal-evidence/next-compose-terminal-read.stderr.log',
-   'docs/operators/deployment/releases/2026-10-06-g7-native26-calibration-progress/current-terminal-evidence/next-compose-terminal-read.stdout.log',
    'docs/operators/deployment/releases/2026-10-06-g7-native26-calibration-progress/current-terminal-evidence/next-direct-2.raw.result.json',
-   'docs/operators/deployment/releases/2026-10-06-g7-native26-calibration-progress/current-terminal-evidence/next-direct-2.raw.stderr.log',
-   'docs/operators/deployment/releases/2026-10-06-g7-native26-calibration-progress/current-terminal-evidence/next-direct-2.raw.stdout.log',
    'docs/operators/deployment/releases/2026-10-06-g7-native26-calibration-progress/current-terminal-evidence/next-direct-snapshot.result.json',
-   'docs/operators/deployment/releases/2026-10-06-g7-native26-calibration-progress/current-terminal-evidence/next-direct-snapshot.stderr.log',
-   'docs/operators/deployment/releases/2026-10-06-g7-native26-calibration-progress/current-terminal-evidence/next-direct-snapshot.stdout.log',
    'docs/operators/deployment/releases/2026-10-06-g7-native26-calibration-progress/current-terminal-evidence/next-push-cutover-guard.result.json',
-   'docs/operators/deployment/releases/2026-10-06-g7-native26-calibration-progress/current-terminal-evidence/next-push-cutover-guard.stderr.log',
-   'docs/operators/deployment/releases/2026-10-06-g7-native26-calibration-progress/current-terminal-evidence/next-push-cutover-guard.stdout.log',
    'docs/operators/deployment/releases/2026-10-06-g7-native26-calibration-progress/current-terminal-evidence/next-release-log.result.json',
-   'docs/operators/deployment/releases/2026-10-06-g7-native26-calibration-progress/current-terminal-evidence/next-release-log.stderr.log',
-   'docs/operators/deployment/releases/2026-10-06-g7-native26-calibration-progress/current-terminal-evidence/next-release-log.stdout.log',
    'docs/operators/deployment/releases/2026-10-06-g7-native26-calibration-progress/current-terminal-evidence/next-stage-audit.result.json',
-   'docs/operators/deployment/releases/2026-10-06-g7-native26-calibration-progress/current-terminal-evidence/next-stage-audit.stderr.log',
-   'docs/operators/deployment/releases/2026-10-06-g7-native26-calibration-progress/current-terminal-evidence/next-stage-audit.stdout.log',
    'docs/operators/deployment/releases/2026-10-06-g7-native26-calibration-progress/current-terminal-evidence/next-stage-git.result.json',
-   'docs/operators/deployment/releases/2026-10-06-g7-native26-calibration-progress/current-terminal-evidence/next-stage-git.stderr.log',
-   'docs/operators/deployment/releases/2026-10-06-g7-native26-calibration-progress/current-terminal-evidence/next-stage-git.stdout.log',
    'docs/operators/deployment/releases/2026-10-06-g7-native26-calibration-progress/current-terminal-evidence/next-stage-proof.json',
    'docs/operators/deployment/releases/2026-10-06-g7-native26-calibration-progress/current-terminal-evidence/next-stage.mjs',
    'docs/operators/deployment/releases/2026-10-06-g7-native26-calibration-progress/current-terminal-evidence/next-stage.result.json',
-   'docs/operators/deployment/releases/2026-10-06-g7-native26-calibration-progress/current-terminal-evidence/next-stage.stderr.log',
-   'docs/operators/deployment/releases/2026-10-06-g7-native26-calibration-progress/current-terminal-evidence/next-stage.stdout.log',
    'docs/operators/deployment/releases/2026-10-06-g7-native26-calibration-progress/current-terminal-evidence/next-web-1.raw.result.json',
-   'docs/operators/deployment/releases/2026-10-06-g7-native26-calibration-progress/current-terminal-evidence/next-web-1.raw.stderr.log',
-   'docs/operators/deployment/releases/2026-10-06-g7-native26-calibration-progress/current-terminal-evidence/next-web-1.raw.stdout.log',
    'docs/operators/deployment/releases/2026-10-06-g7-native26-calibration-progress/current-terminal-evidence/next-web-2.raw.result.json',
-   'docs/operators/deployment/releases/2026-10-06-g7-native26-calibration-progress/current-terminal-evidence/next-web-2.raw.stderr.log',
-   'docs/operators/deployment/releases/2026-10-06-g7-native26-calibration-progress/current-terminal-evidence/next-web-2.raw.stdout.log',
    'docs/operators/deployment/releases/2026-10-06-g7-native26-calibration-progress/current-terminal-evidence/next-web-log.result.json',
-   'docs/operators/deployment/releases/2026-10-06-g7-native26-calibration-progress/current-terminal-evidence/next-web-log.stderr.log',
    'docs/operators/deployment/releases/2026-10-06-g7-native26-calibration-progress/current-terminal-evidence/next-web-log.stdout.log.gz',
    'docs/operators/deployment/releases/2026-10-06-g7-native26-calibration-progress/current-terminal-evidence/next-web-snapshot.result.json',
-   'docs/operators/deployment/releases/2026-10-06-g7-native26-calibration-progress/current-terminal-evidence/next-web-snapshot.stderr.log',
-   'docs/operators/deployment/releases/2026-10-06-g7-native26-calibration-progress/current-terminal-evidence/next-web-snapshot.stdout.log',
    'docs/operators/deployment/releases/2026-10-06-g7-native26-calibration-progress/current-terminal-evidence/next-web-terminal-read.result.json',
-   'docs/operators/deployment/releases/2026-10-06-g7-native26-calibration-progress/current-terminal-evidence/next-web-terminal-read.stderr.log',
-   'docs/operators/deployment/releases/2026-10-06-g7-native26-calibration-progress/current-terminal-evidence/next-web-terminal-read.stdout.log',
    'docs/operators/deployment/releases/2026-10-06-g7-native26-calibration-progress/current-terminal-evidence/preparation-checklist-final-proof.json',
    'docs/operators/deployment/releases/2026-10-06-g7-native26-calibration-progress/current-terminal-evidence/preparation-ci-list.result.json',
-   'docs/operators/deployment/releases/2026-10-06-g7-native26-calibration-progress/current-terminal-evidence/preparation-ci-list.stderr.log',
-   'docs/operators/deployment/releases/2026-10-06-g7-native26-calibration-progress/current-terminal-evidence/preparation-ci-list.stdout.log',
    'docs/operators/deployment/releases/2026-10-06-g7-native26-calibration-progress/current-terminal-evidence/preparation-stage-proof.json',
    'docs/operators/deployment/releases/2026-10-06-g7-native26-calibration-progress/current-terminal-evidence/proxy-progress-1.raw.result.json',
-   'docs/operators/deployment/releases/2026-10-06-g7-native26-calibration-progress/current-terminal-evidence/proxy-progress-1.raw.stderr.log',
-   'docs/operators/deployment/releases/2026-10-06-g7-native26-calibration-progress/current-terminal-evidence/proxy-progress-1.raw.stdout.log',
    'docs/operators/deployment/releases/2026-10-06-g7-native26-calibration-progress/current-terminal-evidence/proxy-progress-1.result.json',
-   'docs/operators/deployment/releases/2026-10-06-g7-native26-calibration-progress/current-terminal-evidence/proxy-progress-1.stderr.log',
-   'docs/operators/deployment/releases/2026-10-06-g7-native26-calibration-progress/current-terminal-evidence/proxy-progress-1.stdout.log',
    'docs/operators/deployment/releases/2026-10-06-g7-native26-calibration-progress/current-terminal-evidence/proxy-progress-2.raw.result.json',
-   'docs/operators/deployment/releases/2026-10-06-g7-native26-calibration-progress/current-terminal-evidence/proxy-progress-2.raw.stderr.log',
-   'docs/operators/deployment/releases/2026-10-06-g7-native26-calibration-progress/current-terminal-evidence/proxy-progress-2.raw.stdout.log',
    'docs/operators/deployment/releases/2026-10-06-g7-native26-calibration-progress/current-terminal-evidence/proxy-progress-2.result.json',
-   'docs/operators/deployment/releases/2026-10-06-g7-native26-calibration-progress/current-terminal-evidence/proxy-progress-2.stderr.log',
-   'docs/operators/deployment/releases/2026-10-06-g7-native26-calibration-progress/current-terminal-evidence/proxy-progress-2.stdout.log',
    'docs/operators/deployment/releases/2026-10-06-g7-native26-calibration-progress/current-terminal-evidence/push-calibration-and-results.result.json',
-   'docs/operators/deployment/releases/2026-10-06-g7-native26-calibration-progress/current-terminal-evidence/push-calibration-and-results.stderr.log',
-   'docs/operators/deployment/releases/2026-10-06-g7-native26-calibration-progress/current-terminal-evidence/push-calibration-and-results.stdout.log',
    'docs/operators/deployment/releases/2026-10-06-g7-native26-calibration-progress/current-terminal-evidence/push-native26-direct.result.json',
-   'docs/operators/deployment/releases/2026-10-06-g7-native26-calibration-progress/current-terminal-evidence/push-native26-direct.stderr.log',
-   'docs/operators/deployment/releases/2026-10-06-g7-native26-calibration-progress/current-terminal-evidence/push-native26-direct.stdout.log',
    'docs/operators/deployment/releases/2026-10-06-g7-native26-calibration-progress/current-terminal-evidence/push-preparation.result.json',
-   'docs/operators/deployment/releases/2026-10-06-g7-native26-calibration-progress/current-terminal-evidence/push-preparation.stderr.log',
-   'docs/operators/deployment/releases/2026-10-06-g7-native26-calibration-progress/current-terminal-evidence/push-preparation.stdout.log',
    'docs/operators/deployment/releases/2026-10-06-g7-native26-calibration-progress/current-terminal-evidence/release-progress-1.raw.result.json',
-   'docs/operators/deployment/releases/2026-10-06-g7-native26-calibration-progress/current-terminal-evidence/release-progress-1.raw.stderr.log',
-   'docs/operators/deployment/releases/2026-10-06-g7-native26-calibration-progress/current-terminal-evidence/release-progress-1.raw.stdout.log',
    'docs/operators/deployment/releases/2026-10-06-g7-native26-calibration-progress/current-terminal-evidence/release-progress-1.result.json',
-   'docs/operators/deployment/releases/2026-10-06-g7-native26-calibration-progress/current-terminal-evidence/release-progress-1.stderr.log',
-   'docs/operators/deployment/releases/2026-10-06-g7-native26-calibration-progress/current-terminal-evidence/release-progress-1.stdout.log',
    'docs/operators/deployment/releases/2026-10-06-g7-native26-calibration-progress/current-terminal-evidence/release-terminal-log.result.json',
-   'docs/operators/deployment/releases/2026-10-06-g7-native26-calibration-progress/current-terminal-evidence/release-terminal-log.stderr.log',
-   'docs/operators/deployment/releases/2026-10-06-g7-native26-calibration-progress/current-terminal-evidence/release-terminal-log.stdout.log',
    'docs/operators/deployment/releases/2026-10-06-g7-native26-calibration-progress/current-terminal-evidence/run-closed.mjs',
    'docs/operators/deployment/releases/2026-10-06-g7-native26-calibration-progress/current-terminal-evidence/run-command.mjs',
    'docs/operators/deployment/releases/2026-10-06-g7-native26-calibration-progress/current-terminal-evidence/runner-syntax.result.json',
-   'docs/operators/deployment/releases/2026-10-06-g7-native26-calibration-progress/current-terminal-evidence/runner-syntax.stderr.log',
-   'docs/operators/deployment/releases/2026-10-06-g7-native26-calibration-progress/current-terminal-evidence/runner-syntax.stdout.log',
    'docs/operators/deployment/releases/2026-10-06-g7-native26-calibration-progress/current-terminal-evidence/snapshot-calibration-ci.mjs',
    'docs/operators/deployment/releases/2026-10-06-g7-native26-calibration-progress/current-terminal-evidence/snapshot-ci.mjs',
    'docs/operators/deployment/releases/2026-10-06-g7-native26-calibration-progress/current-terminal-evidence/snapshot-next-ci.mjs',
    'docs/operators/deployment/releases/2026-10-06-g7-native26-calibration-progress/current-terminal-evidence/source-after-commit.result.json',
-   'docs/operators/deployment/releases/2026-10-06-g7-native26-calibration-progress/current-terminal-evidence/source-after-commit.stderr.log',
-   'docs/operators/deployment/releases/2026-10-06-g7-native26-calibration-progress/current-terminal-evidence/source-after-commit.stdout.log',
    'docs/operators/deployment/releases/2026-10-06-g7-native26-calibration-progress/current-terminal-evidence/stage-calibration-and-results.result.json',
-   'docs/operators/deployment/releases/2026-10-06-g7-native26-calibration-progress/current-terminal-evidence/stage-calibration-and-results.stderr.log',
-   'docs/operators/deployment/releases/2026-10-06-g7-native26-calibration-progress/current-terminal-evidence/stage-calibration-and-results.stdout.log',
    'docs/operators/deployment/releases/2026-10-06-g7-native26-calibration-progress/current-terminal-evidence/stage-preparation.result.json',
-   'docs/operators/deployment/releases/2026-10-06-g7-native26-calibration-progress/current-terminal-evidence/stage-preparation.stderr.log',
-   'docs/operators/deployment/releases/2026-10-06-g7-native26-calibration-progress/current-terminal-evidence/stage-preparation.stdout.log',
    'docs/operators/deployment/releases/2026-10-06-g7-native26-calibration-progress/current-terminal-evidence/terminal-and-next-checklist-proof.json',
    'docs/operators/deployment/releases/2026-10-06-g7-native26-calibration-progress/current-terminal-evidence/update-native-preparation.mjs',
    'docs/operators/deployment/releases/2026-10-06-g7-native26-calibration-progress/current-terminal-evidence/update-native26-results-and-calibration.mjs',
    'docs/operators/deployment/releases/2026-10-06-g7-native26-calibration-progress/current-terminal-evidence/update-native26-results-and-calibration.result.json',
-   'docs/operators/deployment/releases/2026-10-06-g7-native26-calibration-progress/current-terminal-evidence/update-native26-results-and-calibration.stderr.log',
-   'docs/operators/deployment/releases/2026-10-06-g7-native26-calibration-progress/current-terminal-evidence/update-native26-results-and-calibration.stdout.log',
    'docs/operators/deployment/releases/2026-10-06-g7-native26-calibration-progress/current-terminal-evidence/update-terminal-and-next.mjs',
    'docs/operators/deployment/releases/2026-10-06-g7-native26-calibration-progress/current-terminal-evidence/update-terminal-and-next.result.json',
-   'docs/operators/deployment/releases/2026-10-06-g7-native26-calibration-progress/current-terminal-evidence/update-terminal-and-next.stderr.log',
-   'docs/operators/deployment/releases/2026-10-06-g7-native26-calibration-progress/current-terminal-evidence/update-terminal-and-next.stdout.log',
    'docs/operators/deployment/releases/2026-10-06-g7-native26-calibration-progress/current-terminal-evidence/verify-preparation-stage.mjs',
    'docs/operators/deployment/releases/2026-10-06-g7-native26-calibration-progress/current-terminal-evidence/verify-preparation-stage.result.json',
-   'docs/operators/deployment/releases/2026-10-06-g7-native26-calibration-progress/current-terminal-evidence/verify-preparation-stage.stderr.log',
-   'docs/operators/deployment/releases/2026-10-06-g7-native26-calibration-progress/current-terminal-evidence/verify-preparation-stage.stdout.log',
    'docs/operators/deployment/releases/2026-10-06-g7-native26-calibration-progress/current-terminal-evidence/verify-remote-source.result.json',
-   'docs/operators/deployment/releases/2026-10-06-g7-native26-calibration-progress/current-terminal-evidence/verify-remote-source.stderr.log',
-   'docs/operators/deployment/releases/2026-10-06-g7-native26-calibration-progress/current-terminal-evidence/verify-remote-source.stdout.log',
    'docs/operators/deployment/releases/2026-10-06-g7-native26-calibration-progress/current-terminal-evidence/web-progress-1.raw.result.json',
-   'docs/operators/deployment/releases/2026-10-06-g7-native26-calibration-progress/current-terminal-evidence/web-progress-1.raw.stderr.log',
-   'docs/operators/deployment/releases/2026-10-06-g7-native26-calibration-progress/current-terminal-evidence/web-progress-1.raw.stdout.log',
    'docs/operators/deployment/releases/2026-10-06-g7-native26-calibration-progress/current-terminal-evidence/web-progress-1.result.json',
-   'docs/operators/deployment/releases/2026-10-06-g7-native26-calibration-progress/current-terminal-evidence/web-progress-1.stderr.log',
-   'docs/operators/deployment/releases/2026-10-06-g7-native26-calibration-progress/current-terminal-evidence/web-progress-1.stdout.log',
    'docs/operators/deployment/releases/2026-10-06-g7-native26-calibration-progress/current-terminal-evidence/web-terminal-log.result.json',
-   'docs/operators/deployment/releases/2026-10-06-g7-native26-calibration-progress/current-terminal-evidence/web-terminal-log.stderr.log',
    'docs/operators/deployment/releases/2026-10-06-g7-native26-calibration-progress/current-terminal-evidence/web-terminal-log.stdout.log.gz',
    'docs/operators/deployment/releases/2026-10-06-g7-native26-calibration-progress/current-terminal-evidence/web-terminal-read.raw.result.json',
-   'docs/operators/deployment/releases/2026-10-06-g7-native26-calibration-progress/current-terminal-evidence/web-terminal-read.raw.stderr.log',
-   'docs/operators/deployment/releases/2026-10-06-g7-native26-calibration-progress/current-terminal-evidence/web-terminal-read.raw.stdout.log',
    'docs/operators/deployment/releases/2026-10-06-g7-native26-calibration-progress/current-terminal-evidence/web-terminal-read.result.json',
-   'docs/operators/deployment/releases/2026-10-06-g7-native26-calibration-progress/current-terminal-evidence/web-terminal-read.stderr.log',
-   'docs/operators/deployment/releases/2026-10-06-g7-native26-calibration-progress/current-terminal-evidence/web-terminal-read.stdout.log',
    'docs/operators/deployment/releases/2026-10-06-g7-native26-calibration-progress/direct-socket-dialect-peer/FINAL-direct-socket-archive-dialect-peer-review.json',
    'docs/operators/deployment/releases/2026-10-06-g7-native26-calibration-progress/direct-socket-dialect-peer/frozen-inputs/enhanced-evidence-lib.mjs',
    'docs/operators/deployment/releases/2026-10-06-g7-native26-calibration-progress/direct-socket-dialect-peer/frozen-inputs/execute-owned-linux.py',
    'docs/operators/deployment/releases/2026-10-06-g7-native26-calibration-progress/direct-socket-dialect-peer/frozen-inputs/run-direct-socket.mjs',
    'docs/operators/deployment/releases/2026-10-06-g7-native26-calibration-progress/direct-socket-evidence-tools/FINAL-direct-only-reader-preparation.json',
...
    'docs/operators/deployment/releases/2026-10-06-g7-native26-calibration-progress/direct-socket-evidence-tools/dialect-syntax.result.json',
-   'docs/operators/deployment/releases/2026-10-06-g7-native26-calibration-progress/direct-socket-evidence-tools/dialect-syntax.stderr.log',
-   'docs/operators/deployment/releases/2026-10-06-g7-native26-calibration-progress/direct-socket-evidence-tools/dialect-syntax.stdout.log',
    'docs/operators/deployment/releases/2026-10-06-g7-native26-calibration-progress/direct-socket-evidence-tools/direct-socket-controls-final-v2.result.json',
-   'docs/operators/deployment/releases/2026-10-06-g7-native26-calibration-progress/direct-socket-evidence-tools/direct-socket-controls-final-v2.stderr.log',
-   'docs/operators/deployment/releases/2026-10-06-g7-native26-calibration-progress/direct-socket-evidence-tools/direct-socket-controls-final-v2.stdout.log',
    'docs/operators/deployment/releases/2026-10-06-g7-native26-calibration-progress/direct-socket-evidence-tools/direct-socket-controls-final.result.json',
-   'docs/operators/deployment/releases/2026-10-06-g7-native26-calibration-progress/direct-socket-evidence-tools/direct-socket-controls-final.stderr.log',
-   'docs/operators/deployment/releases/2026-10-06-g7-native26-calibration-progress/direct-socket-evidence-tools/direct-socket-controls-final.stdout.log',
    'docs/operators/deployment/releases/2026-10-06-g7-native26-calibration-progress/direct-socket-evidence-tools/direct-socket-controls-first.result.json',
-   'docs/operators/deployment/releases/2026-10-06-g7-native26-calibration-progress/direct-socket-evidence-tools/direct-socket-controls-first.stderr.log',
-   'docs/operators/deployment/releases/2026-10-06-g7-native26-calibration-progress/direct-socket-evidence-tools/direct-socket-controls-first.stdout.log',
    'docs/operators/deployment/releases/2026-10-06-g7-native26-calibration-progress/direct-socket-evidence-tools/direct-socket-dialect-controls-first-source.mjs',
    'docs/operators/deployment/releases/2026-10-06-g7-native26-calibration-progress/direct-socket-evidence-tools/direct-socket-dialect-controls.mjs',
    'docs/operators/deployment/releases/2026-10-06-g7-native26-calibration-progress/direct-socket-evidence-tools/direct-socket-dialect-first-source.mjs',
    'docs/operators/deployment/releases/2026-10-06-g7-native26-calibration-progress/direct-socket-evidence-tools/direct-socket-dialect.mjs',
    'docs/operators/deployment/releases/2026-10-06-g7-native26-calibration-progress/direct-socket-evidence-tools/evidence-lib.mjs',
    'docs/operators/deployment/releases/2026-10-06-g7-native26-calibration-progress/direct-socket-evidence-tools/final-dialect-syntax.result.json',
-   'docs/operators/deployment/releases/2026-10-06-g7-native26-calibration-progress/direct-socket-evidence-tools/final-dialect-syntax.stderr.log',
-   'docs/operators/deployment/releases/2026-10-06-g7-native26-calibration-progress/direct-socket-evidence-tools/final-dialect-syntax.stdout.log',
    'docs/operators/deployment/releases/2026-10-06-g7-native26-calibration-progress/direct-socket-evidence-tools/final-lib-syntax.result.json',
-   'docs/operators/deployment/releases/2026-10-06-g7-native26-calibration-progress/direct-socket-evidence-tools/final-lib-syntax.stderr.log',
-   'docs/operators/deployment/releases/2026-10-06-g7-native26-calibration-progress/direct-socket-evidence-tools/final-lib-syntax.stdout.log',
    'docs/operators/deployment/releases/2026-10-06-g7-native26-calibration-progress/direct-socket-evidence-tools/finalize-direct-only-tool-package.mjs',
    'docs/operators/deployment/releases/2026-10-06-g7-native26-calibration-progress/direct-socket-evidence-tools/frozen-candidate-audit-final.json.gz',
    'docs/operators/deployment/releases/2026-10-06-g7-native26-calibration-progress/direct-socket-evidence-tools/frozen-candidate-audit-final.result.json',
-   'docs/operators/deployment/releases/2026-10-06-g7-native26-calibration-progress/direct-socket-evidence-tools/frozen-candidate-audit-final.stderr.log',
-   'docs/operators/deployment/releases/2026-10-06-g7-native26-calibration-progress/direct-socket-evidence-tools/frozen-candidate-audit-final.stdout.log',
    'docs/operators/deployment/releases/2026-10-06-g7-native26-calibration-progress/direct-socket-evidence-tools/frozen-candidate-audit-first.json.gz',
    'docs/operators/deployment/releases/2026-10-06-g7-native26-calibration-progress/direct-socket-evidence-tools/frozen-candidate-audit-first.result.json',
-   'docs/operators/deployment/releases/2026-10-06-g7-native26-calibration-progress/direct-socket-evidence-tools/frozen-candidate-audit-first.stderr.log',
-   'docs/operators/deployment/releases/2026-10-06-g7-native26-calibration-progress/direct-socket-evidence-tools/frozen-candidate-audit-first.stdout.log',
    'docs/operators/deployment/releases/2026-10-06-g7-native26-calibration-progress/direct-socket-evidence-tools/frozen-expanded-audit-first.json.gz',
    'docs/operators/deployment/releases/2026-10-06-g7-native26-calibration-progress/direct-socket-evidence-tools/frozen-expanded-audit-first.result.json',
-   'docs/operators/deployment/releases/2026-10-06-g7-native26-calibration-progress/direct-socket-evidence-tools/frozen-expanded-audit-first.stderr.log',
    'docs/operators/deployment/releases/2026-10-06-g7-native26-calibration-progress/direct-socket-evidence-tools/frozen-expanded-audit-first.stdout.log.gz',
    'docs/operators/deployment/releases/2026-10-06-g7-native26-calibration-progress/direct-socket-evidence-tools/lib-syntax.result.json',
-   'docs/operators/deployment/releases/2026-10-06-g7-native26-calibration-progress/direct-socket-evidence-tools/lib-syntax.stderr.log',
-   'docs/operators/deployment/releases/2026-10-06-g7-native26-calibration-progress/direct-socket-evidence-tools/lib-syntax.stdout.log',
    'docs/operators/deployment/releases/2026-10-06-g7-native26-calibration-progress/direct-socket-evidence-tools/no-fatal-source-contract-final.result.json',
-   'docs/operators/deployment/releases/2026-10-06-g7-native26-calibration-progress/direct-socket-evidence-tools/no-fatal-source-contract-final.stderr.log',
-   'docs/operators/deployment/releases/2026-10-06-g7-native26-calibration-progress/direct-socket-evidence-tools/no-fatal-source-contract-final.stdout.log',
    'docs/operators/deployment/releases/2026-10-06-g7-native26-calibration-progress/direct-socket-evidence-tools/no-fatal-source-contract-first.result.json',
-   'docs/operators/deployment/releases/2026-10-06-g7-native26-calibration-progress/direct-socket-evidence-tools/no-fatal-source-contract-first.stderr.log',
-   'docs/operators/deployment/releases/2026-10-06-g7-native26-calibration-progress/direct-socket-evidence-tools/no-fatal-source-contract-first.stdout.log',
    'docs/operators/deployment/releases/2026-10-06-g7-native26-calibration-progress/direct-socket-evidence-tools/original-enhanced-tools-pins.json',
    'docs/operators/deployment/releases/2026-10-06-g7-native26-calibration-progress/direct-socket-evidence-tools/prepare-candidate-config.mjs',
    'docs/operators/deployment/releases/2026-10-06-g7-native26-calibration-progress/direct-socket-evidence-tools/prepare-candidate-config.result.json',
-   'docs/operators/deployment/releases/2026-10-06-g7-native26-calibration-progress/direct-socket-evidence-tools/prepare-candidate-config.stderr.log',
-   'docs/operators/deployment/releases/2026-10-06-g7-native26-calibration-progress/direct-socket-evidence-tools/prepare-candidate-config.stdout.log',
    'docs/operators/deployment/releases/2026-10-06-g7-native26-calibration-progress/direct-socket-evidence-tools/prepare-expanded-candidate-config.mjs',
    'docs/operators/deployment/releases/2026-10-06-g7-native26-calibration-progress/direct-socket-evidence-tools/prepare-expanded-config.result.json',
-   'docs/operators/deployment/releases/2026-10-06-g7-native26-calibration-progress/direct-socket-evidence-tools/prepare-expanded-config.stderr.log',
-   'docs/operators/deployment/releases/2026-10-06-g7-native26-calibration-progress/direct-socket-evidence-tools/prepare-expanded-config.stdout.log',
    'docs/operators/deployment/releases/2026-10-06-g7-native26-calibration-progress/direct-socket-evidence-tools/prepare-tool-copy.mjs',
    'docs/operators/deployment/releases/2026-10-06-g7-native26-calibration-progress/direct-socket-evidence-tools/prepared-expanded-frozen-roots-config.json',
    'docs/operators/deployment/releases/2026-10-06-g7-native26-calibration-progress/direct-socket-evidence-tools/prepared-frozen-roots-config.json',
    'docs/operators/deployment/releases/2026-10-06-g7-native26-calibration-progress/direct-socket-evidence-tools/real-no-fatal-shape-contract.mjs',
    'docs/operators/deployment/releases/2026-10-06-g7-native26-calibration-progress/direct-socket-evidence-tools/run-tool-closed.mjs',
    'docs/operators/deployment/releases/2026-10-06-g7-native26-calibration-progress/direct-socket-evidence-tools/unchanged-association-controls.result.json',
-   'docs/operators/deployment/releases/2026-10-06-g7-native26-calibration-progress/direct-socket-evidence-tools/unchanged-association-controls.stderr.log',
-   'docs/operators/deployment/releases/2026-10-06-g7-native26-calibration-progress/direct-socket-evidence-tools/unchanged-association-controls.stdout.log',
    'docs/operators/deployment/releases/2026-10-06-g7-native26-calibration-progress/direct-socket-evidence-tools/unchanged-closure-controls.result.json',
-   'docs/operators/deployment/releases/2026-10-06-g7-native26-calibration-progress/direct-socket-evidence-tools/unchanged-closure-controls.stderr.log',
-   'docs/operators/deployment/releases/2026-10-06-g7-native26-calibration-progress/direct-socket-evidence-tools/unchanged-closure-controls.stdout.log',
    'docs/operators/deployment/releases/2026-10-06-g7-native26-calibration-progress/direct-socket-evidence-tools/unchanged-g7-producer-controls.result.json',
-   'docs/operators/deployment/releases/2026-10-06-g7-native26-calibration-progress/direct-socket-evidence-tools/unchanged-g7-producer-controls.stderr.log',
-   'docs/operators/deployment/releases/2026-10-06-g7-native26-calibration-progress/direct-socket-evidence-tools/unchanged-g7-producer-controls.stdout.log',
    'docs/operators/deployment/releases/2026-10-06-g7-native26-calibration-progress/direct-socket-evidence-tools/unchanged-generic-controls.result.json',
-   'docs/operators/deployment/releases/2026-10-06-g7-native26-calibration-progress/direct-socket-evidence-tools/unchanged-generic-controls.stderr.log',
-   'docs/operators/deployment/releases/2026-10-06-g7-native26-calibration-progress/direct-socket-evidence-tools/unchanged-generic-controls.stdout.log',
    'docs/operators/deployment/releases/2026-10-06-g7-native26-calibration-progress/direct-socket-evidence-tools/verify-evidence.mjs',
    'docs/operators/deployment/releases/2026-10-06-g7-native26-calibration-progress/direct-socket-owner/FINAL-v364-direct-socket-preparation.json',
    'docs/operators/deployment/releases/2026-10-06-g7-native26-calibration-progress/direct-socket-owner/actual-prepare.result.json',
    'docs/operators/deployment/releases/2026-10-06-g7-native26-calibration-progress/direct-socket-owner/actual-prepare.stderr.txt',
    'docs/operators/deployment/releases/2026-10-06-g7-native26-calibration-progress/direct-socket-owner/actual-prepare.stdout.txt',
...
    'docs/operators/deployment/releases/2026-10-06-g7-native26-calibration-progress/ee122-native-terminal-opaque-capsule/finalize.result.json',
-   'docs/operators/deployment/releases/2026-10-06-g7-native26-calibration-progress/ee122-native-terminal-opaque-capsule/finalize.stderr.log',
-   'docs/operators/deployment/releases/2026-10-06-g7-native26-calibration-progress/ee122-native-terminal-opaque-capsule/finalize.stdout.log',
    'docs/operators/deployment/releases/2026-10-06-g7-native26-calibration-progress/ee122-native-terminal-opaque-capsule/package-root.py',
    'docs/operators/deployment/releases/2026-10-06-g7-native26-calibration-progress/ee122-native-terminal-opaque-capsule/package.result.json',
-   'docs/operators/deployment/releases/2026-10-06-g7-native26-calibration-progress/ee122-native-terminal-opaque-capsule/package.stderr.log',
-   'docs/operators/deployment/releases/2026-10-06-g7-native26-calibration-progress/ee122-native-terminal-opaque-capsule/package.stdout.log',
    'docs/operators/deployment/releases/2026-10-06-g7-native26-calibration-progress/ee122-native-terminal-opaque-capsule/run-command.mjs',
    'docs/operators/deployment/releases/2026-10-06-g7-native26-calibration-progress/ee122-native-terminal-opaque-capsule/source-index.after.json',
    'docs/operators/deployment/releases/2026-10-06-g7-native26-calibration-progress/ee122-native-terminal-opaque-capsule/source-index.before.json',
    'docs/operators/deployment/releases/2026-10-06-g7-native26-calibration-progress/ee122-native-terminal-opaque-capsule/zip-member-roundtrip-proof.json',
    'docs/operators/deployment/releases/2026-10-06-g7-native26-calibration-progress/final-capsule-config-input/CONFIG-INPUT-PROVENANCE.json',
...
    'docs/operators/deployment/releases/2026-10-06-g7-native26-calibration-progress/g7-observe-owner/final-all-g7-controls.result.json',
-   'docs/operators/deployment/releases/2026-10-06-g7-native26-calibration-progress/g7-observe-owner/final-all-g7-controls.stderr.log',
-   'docs/operators/deployment/releases/2026-10-06-g7-native26-calibration-progress/g7-observe-owner/final-all-g7-controls.stdout.log',
    'docs/operators/deployment/releases/2026-10-06-g7-native26-calibration-progress/g7-observe-owner/final-database-syntax.result.json',
-   'docs/operators/deployment/releases/2026-10-06-g7-native26-calibration-progress/g7-observe-owner/final-database-syntax.stderr.log',
-   'docs/operators/deployment/releases/2026-10-06-g7-native26-calibration-progress/g7-observe-owner/final-database-syntax.stdout.log',
    'docs/operators/deployment/releases/2026-10-06-g7-native26-calibration-progress/g7-observe-owner/final-database.mjs',
    'docs/operators/deployment/releases/2026-10-06-g7-native26-calibration-progress/g7-observe-owner/final-fixture-syntax.result.json',
-   'docs/operators/deployment/releases/2026-10-06-g7-native26-calibration-progress/g7-observe-owner/final-fixture-syntax.stderr.log',
-   'docs/operators/deployment/releases/2026-10-06-g7-native26-calibration-progress/g7-observe-owner/final-fixture-syntax.stdout.log',
    'docs/operators/deployment/releases/2026-10-06-g7-native26-calibration-progress/g7-observe-owner/final-fixture.test.mjs',
    'docs/operators/deployment/releases/2026-10-06-g7-native26-calibration-progress/g7-observe-owner/final-format-check.result.json',
-   'docs/operators/deployment/releases/2026-10-06-g7-native26-calibration-progress/g7-observe-owner/final-format-check.stderr.log',
-   'docs/operators/deployment/releases/2026-10-06-g7-native26-calibration-progress/g7-observe-owner/final-format-check.stdout.log',
    'docs/operators/deployment/releases/2026-10-06-g7-native26-calibration-progress/g7-observe-owner/final-format-write.result.json',
-   'docs/operators/deployment/releases/2026-10-06-g7-native26-calibration-progress/g7-observe-owner/final-format-write.stderr.log',
-   'docs/operators/deployment/releases/2026-10-06-g7-native26-calibration-progress/g7-observe-owner/final-format-write.stdout.log',
    'docs/operators/deployment/releases/2026-10-06-g7-native26-calibration-progress/g7-observe-owner/first-database-syntax.result.json',
-   'docs/operators/deployment/releases/2026-10-06-g7-native26-calibration-progress/g7-observe-owner/first-database-syntax.stderr.log',
-   'docs/operators/deployment/releases/2026-10-06-g7-native26-calibration-progress/g7-observe-owner/first-database-syntax.stdout.log',
    'docs/operators/deployment/releases/2026-10-06-g7-native26-calibration-progress/g7-observe-owner/first-fixture-contract.result.json',
-   'docs/operators/deployment/releases/2026-10-06-g7-native26-calibration-progress/g7-observe-owner/first-fixture-contract.stderr.log',
-   'docs/operators/deployment/releases/2026-10-06-g7-native26-calibration-progress/g7-observe-owner/first-fixture-contract.stdout.log',
    'docs/operators/deployment/releases/2026-10-06-g7-native26-calibration-progress/g7-observe-owner/first-fixture-syntax.result.json',
-   'docs/operators/deployment/releases/2026-10-06-g7-native26-calibration-progress/g7-observe-owner/first-fixture-syntax.stderr.log',
-   'docs/operators/deployment/releases/2026-10-06-g7-native26-calibration-progress/g7-observe-owner/first-fixture-syntax.stdout.log',
    'docs/operators/deployment/releases/2026-10-06-g7-native26-calibration-progress/g7-observe-owner/historical-source-index.json',
    'docs/operators/deployment/releases/2026-10-06-g7-native26-calibration-progress/g7-observe-owner/original-README.md',
    'docs/operators/deployment/releases/2026-10-06-g7-native26-calibration-progress/g7-observe-owner/original-database.mjs',
    'docs/operators/deployment/releases/2026-10-06-g7-native26-calibration-progress/g7-observe-owner/original-fixture.test.mjs',
    'docs/operators/deployment/releases/2026-10-06-g7-native26-calibration-progress/g7-observe-owner/original-linux-082-docker.result.json',
-   'docs/operators/deployment/releases/2026-10-06-g7-native26-calibration-progress/g7-observe-owner/original-linux-082-docker.stderr.log',
-   'docs/operators/deployment/releases/2026-10-06-g7-native26-calibration-progress/g7-observe-owner/original-linux-082-docker.stdout.log',
    'docs/operators/deployment/releases/2026-10-06-g7-native26-calibration-progress/g7-observe-owner/original-linux-083-docker.result.json',
-   'docs/operators/deployment/releases/2026-10-06-g7-native26-calibration-progress/g7-observe-owner/original-linux-083-docker.stderr.log',
-   'docs/operators/deployment/releases/2026-10-06-g7-native26-calibration-progress/g7-observe-owner/original-linux-083-docker.stdout.log',
    'docs/operators/deployment/releases/2026-10-06-g7-native26-calibration-progress/g7-observe-owner/original-linux-result.json',
    'docs/operators/deployment/releases/2026-10-06-g7-native26-calibration-progress/g7-observe-owner/original-linux-wire-result.json',
    'docs/operators/deployment/releases/2026-10-06-g7-native26-calibration-progress/g7-observe-owner/prepare-owner-recheck-v2.mjs',
    'docs/operators/deployment/releases/2026-10-06-g7-native26-calibration-progress/g7-observe-owner/prepare-owner-source.mjs',
    'docs/operators/deployment/releases/2026-10-06-g7-native26-calibration-progress/g7-observe-owner/run-final-controls.mjs',
...
    'docs/operators/deployment/releases/2026-10-06-g7-native26-calibration-progress/late-terminal-metadata-frozen/audit-historical-four-stage.result.json',
-   'docs/operators/deployment/releases/2026-10-06-g7-native26-calibration-progress/late-terminal-metadata-frozen/audit-historical-four-stage.stderr.log',
-   'docs/operators/deployment/releases/2026-10-06-g7-native26-calibration-progress/late-terminal-metadata-frozen/audit-historical-four-stage.stdout.log',
    'docs/operators/deployment/releases/2026-10-06-g7-native26-calibration-progress/late-terminal-metadata-frozen/checklist-before-historical-four.md.gz',
    'docs/operators/deployment/releases/2026-10-06-g7-native26-calibration-progress/late-terminal-metadata-frozen/commit-historical-four.result.json',
-   'docs/operators/deployment/releases/2026-10-06-g7-native26-calibration-progress/late-terminal-metadata-frozen/commit-historical-four.stderr.log',
-   'docs/operators/deployment/releases/2026-10-06-g7-native26-calibration-progress/late-terminal-metadata-frozen/commit-historical-four.stdout.log',
    'docs/operators/deployment/releases/2026-10-06-g7-native26-calibration-progress/late-terminal-metadata-frozen/freeze-current-root.mjs',
    'docs/operators/deployment/releases/2026-10-06-g7-native26-calibration-progress/late-terminal-metadata-frozen/freeze-current-root.result.json',
-   'docs/operators/deployment/releases/2026-10-06-g7-native26-calibration-progress/late-terminal-metadata-frozen/freeze-current-root.stderr.log',
-   'docs/operators/deployment/releases/2026-10-06-g7-native26-calibration-progress/late-terminal-metadata-frozen/freeze-current-root.stdout.log',
    'docs/operators/deployment/releases/2026-10-06-g7-native26-calibration-progress/late-terminal-metadata-frozen/frozen-current-root-index.json.gz',
    'docs/operators/deployment/releases/2026-10-06-g7-native26-calibration-progress/late-terminal-metadata-frozen/guard-live-cutover.mjs',
    'docs/operators/deployment/releases/2026-10-06-g7-native26-calibration-progress/late-terminal-metadata-frozen/historical-four-checklist-proof.json',
    'docs/operators/deployment/releases/2026-10-06-g7-native26-calibration-progress/late-terminal-metadata-frozen/historical-four-ci-list.result.json',
-   'docs/operators/deployment/releases/2026-10-06-g7-native26-calibration-progress/late-terminal-metadata-frozen/historical-four-ci-list.stderr.log',
-   'docs/operators/deployment/releases/2026-10-06-g7-native26-calibration-progress/late-terminal-metadata-frozen/historical-four-ci-list.stdout.log',
    'docs/operators/deployment/releases/2026-10-06-g7-native26-calibration-progress/late-terminal-metadata-frozen/historical-four-cutover-guard.result.json',
-   'docs/operators/deployment/releases/2026-10-06-g7-native26-calibration-progress/late-terminal-metadata-frozen/historical-four-cutover-guard.stderr.log',
-   'docs/operators/deployment/releases/2026-10-06-g7-native26-calibration-progress/late-terminal-metadata-frozen/historical-four-cutover-guard.stdout.log',
    'docs/operators/deployment/releases/2026-10-06-g7-native26-calibration-progress/late-terminal-metadata-frozen/historical-four-head.result.json',
-   'docs/operators/deployment/releases/2026-10-06-g7-native26-calibration-progress/late-terminal-metadata-frozen/historical-four-head.stderr.log',
-   'docs/operators/deployment/releases/2026-10-06-g7-native26-calibration-progress/late-terminal-metadata-frozen/historical-four-head.stdout.log',
    'docs/operators/deployment/releases/2026-10-06-g7-native26-calibration-progress/late-terminal-metadata-frozen/historical-four-remote.result.json',
-   'docs/operators/deployment/releases/2026-10-06-g7-native26-calibration-progress/late-terminal-metadata-frozen/historical-four-remote.stderr.log',
-   'docs/operators/deployment/releases/2026-10-06-g7-native26-calibration-progress/late-terminal-metadata-frozen/historical-four-remote.stdout.log',
    'docs/operators/deployment/releases/2026-10-06-g7-native26-calibration-progress/late-terminal-metadata-frozen/historical-four-stage-audit.json',
    'docs/operators/deployment/releases/2026-10-06-g7-native26-calibration-progress/late-terminal-metadata-frozen/historical-four-stage-read-1.result.json',
-   'docs/operators/deployment/releases/2026-10-06-g7-native26-calibration-progress/late-terminal-metadata-frozen/historical-four-stage-read-1.stderr.log',
-   'docs/operators/deployment/releases/2026-10-06-g7-native26-calibration-progress/late-terminal-metadata-frozen/historical-four-stage-read-1.stdout.log',
    'docs/operators/deployment/releases/2026-10-06-g7-native26-calibration-progress/late-terminal-metadata-frozen/historical-four-stage-read-10.result.json',
-   'docs/operators/deployment/releases/2026-10-06-g7-native26-calibration-progress/late-terminal-metadata-frozen/historical-four-stage-read-10.stderr.log',
-   'docs/operators/deployment/releases/2026-10-06-g7-native26-calibration-progress/late-terminal-metadata-frozen/historical-four-stage-read-10.stdout.log',
    'docs/operators/deployment/releases/2026-10-06-g7-native26-calibration-progress/late-terminal-metadata-frozen/historical-four-stage-read-11.result.json',
-   'docs/operators/deployment/releases/2026-10-06-g7-native26-calibration-progress/late-terminal-metadata-frozen/historical-four-stage-read-11.stderr.log',
-   'docs/operators/deployment/releases/2026-10-06-g7-native26-calibration-progress/late-terminal-metadata-frozen/historical-four-stage-read-11.stdout.log',
    'docs/operators/deployment/releases/2026-10-06-g7-native26-calibration-progress/late-terminal-metadata-frozen/historical-four-stage-read-12.result.json',
-   'docs/operators/deployment/releases/2026-10-06-g7-native26-calibration-progress/late-terminal-metadata-frozen/historical-four-stage-read-12.stderr.log',
-   'docs/operators/deployment/releases/2026-10-06-g7-native26-calibration-progress/late-terminal-metadata-frozen/historical-four-stage-read-12.stdout.log',
    'docs/operators/deployment/releases/2026-10-06-g7-native26-calibration-progress/late-terminal-metadata-frozen/historical-four-stage-read-13.result.json',
-   'docs/operators/deployment/releases/2026-10-06-g7-native26-calibration-progress/late-terminal-metadata-frozen/historical-four-stage-read-13.stderr.log',
-   'docs/operators/deployment/releases/2026-10-06-g7-native26-calibration-progress/late-terminal-metadata-frozen/historical-four-stage-read-13.stdout.log',
    'docs/operators/deployment/releases/2026-10-06-g7-native26-calibration-progress/late-terminal-metadata-frozen/historical-four-stage-read-14.result.json',
-   'docs/operators/deployment/releases/2026-10-06-g7-native26-calibration-progress/late-terminal-metadata-frozen/historical-four-stage-read-14.stderr.log',
-   'docs/operators/deployment/releases/2026-10-06-g7-native26-calibration-progress/late-terminal-metadata-frozen/historical-four-stage-read-14.stdout.log',
    'docs/operators/deployment/releases/2026-10-06-g7-native26-calibration-progress/late-terminal-metadata-frozen/historical-four-stage-read-15.result.json',
-   'docs/operators/deployment/releases/2026-10-06-g7-native26-calibration-progress/late-terminal-metadata-frozen/historical-four-stage-read-15.stderr.log',
-   'docs/operators/deployment/releases/2026-10-06-g7-native26-calibration-progress/late-terminal-metadata-frozen/historical-four-stage-read-15.stdout.log',
    'docs/operators/deployment/releases/2026-10-06-g7-native26-calibration-progress/late-terminal-metadata-frozen/historical-four-stage-read-16.result.json',
-   'docs/operators/deployment/releases/2026-10-06-g7-native26-calibration-progress/late-terminal-metadata-frozen/historical-four-stage-read-16.stderr.log',
-   'docs/operators/deployment/releases/2026-10-06-g7-native26-calibration-progress/late-terminal-metadata-frozen/historical-four-stage-read-16.stdout.log',
    'docs/operators/deployment/releases/2026-10-06-g7-native26-calibration-progress/late-terminal-metadata-frozen/historical-four-stage-read-17.result.json',
-   'docs/operators/deployment/releases/2026-10-06-g7-native26-calibration-progress/late-terminal-metadata-frozen/historical-four-stage-read-17.stderr.log',
    'docs/operators/deployment/releases/2026-10-06-g7-native26-calibration-progress/late-terminal-metadata-frozen/historical-four-stage-read-17.stdout.log.gz',
    'docs/operators/deployment/releases/2026-10-06-g7-native26-calibration-progress/late-terminal-metadata-frozen/historical-four-stage-read-18.result.json',
-   'docs/operators/deployment/releases/2026-10-06-g7-native26-calibration-progress/late-terminal-metadata-frozen/historical-four-stage-read-18.stderr.log',
-   'docs/operators/deployment/releases/2026-10-06-g7-native26-calibration-progress/late-terminal-metadata-frozen/historical-four-stage-read-18.stdout.log',
    'docs/operators/deployment/releases/2026-10-06-g7-native26-calibration-progress/late-terminal-metadata-frozen/historical-four-stage-read-19.result.json',
-   'docs/operators/deployment/releases/2026-10-06-g7-native26-calibration-progress/late-terminal-metadata-frozen/historical-four-stage-read-19.stderr.log',
-   'docs/operators/deployment/releases/2026-10-06-g7-native26-calibration-progress/late-terminal-metadata-frozen/historical-four-stage-read-19.stdout.log',
    'docs/operators/deployment/releases/2026-10-06-g7-native26-calibration-progress/late-terminal-metadata-frozen/historical-four-stage-read-2.result.json',
-   'docs/operators/deployment/releases/2026-10-06-g7-native26-calibration-progress/late-terminal-metadata-frozen/historical-four-stage-read-2.stderr.log',
-   'docs/operators/deployment/releases/2026-10-06-g7-native26-calibration-progress/late-terminal-metadata-frozen/historical-four-stage-read-2.stdout.log',
    'docs/operators/deployment/releases/2026-10-06-g7-native26-calibration-progress/late-terminal-metadata-frozen/historical-four-stage-read-3.result.json',
-   'docs/operators/deployment/releases/2026-10-06-g7-native26-calibration-progress/late-terminal-metadata-frozen/historical-four-stage-read-3.stderr.log',
-   'docs/operators/deployment/releases/2026-10-06-g7-native26-calibration-progress/late-terminal-metadata-frozen/historical-four-stage-read-3.stdout.log',
    'docs/operators/deployment/releases/2026-10-06-g7-native26-calibration-progress/late-terminal-metadata-frozen/historical-four-stage-read-4.result.json',
-   'docs/operators/deployment/releases/2026-10-06-g7-native26-calibration-progress/late-terminal-metadata-frozen/historical-four-stage-read-4.stderr.log',
-   'docs/operators/deployment/releases/2026-10-06-g7-native26-calibration-progress/late-terminal-metadata-frozen/historical-four-stage-read-4.stdout.log',
    'docs/operators/deployment/releases/2026-10-06-g7-native26-calibration-progress/late-terminal-metadata-frozen/historical-four-stage-read-5.result.json',
-   'docs/operators/deployment/releases/2026-10-06-g7-native26-calibration-progress/late-terminal-metadata-frozen/historical-four-stage-read-5.stderr.log',
-   'docs/operators/deployment/releases/2026-10-06-g7-native26-calibration-progress/late-terminal-metadata-frozen/historical-four-stage-read-5.stdout.log',
    'docs/operators/deployment/releases/2026-10-06-g7-native26-calibration-progress/late-terminal-metadata-frozen/historical-four-stage-read-6.result.json',
-   'docs/operators/deployment/releases/2026-10-06-g7-native26-calibration-progress/late-terminal-metadata-frozen/historical-four-stage-read-6.stderr.log',
-   'docs/operators/deployment/releases/2026-10-06-g7-native26-calibration-progress/late-terminal-metadata-frozen/historical-four-stage-read-6.stdout.log',
    'docs/operators/deployment/releases/2026-10-06-g7-native26-calibration-progress/late-terminal-metadata-frozen/historical-four-stage-read-7.result.json',
-   'docs/operators/deployment/releases/2026-10-06-g7-native26-calibration-progress/late-terminal-metadata-frozen/historical-four-stage-read-7.stderr.log',
-   'docs/operators/deployment/releases/2026-10-06-g7-native26-calibration-progress/late-terminal-metadata-frozen/historical-four-stage-read-7.stdout.log',
    'docs/operators/deployment/releases/2026-10-06-g7-native26-calibration-progress/late-terminal-metadata-frozen/historical-four-stage-read-8.result.json',
-   'docs/operators/deployment/releases/2026-10-06-g7-native26-calibration-progress/late-terminal-metadata-frozen/historical-four-stage-read-8.stderr.log',
-   'docs/operators/deployment/releases/2026-10-06-g7-native26-calibration-progress/late-terminal-metadata-frozen/historical-four-stage-read-8.stdout.log',
    'docs/operators/deployment/releases/2026-10-06-g7-native26-calibration-progress/late-terminal-metadata-frozen/historical-four-stage-read-9.result.json',
-   'docs/operators/deployment/releases/2026-10-06-g7-native26-calibration-progress/late-terminal-metadata-frozen/historical-four-stage-read-9.stderr.log',
-   'docs/operators/deployment/releases/2026-10-06-g7-native26-calibration-progress/late-terminal-metadata-frozen/historical-four-stage-read-9.stdout.log',
    'docs/operators/deployment/releases/2026-10-06-g7-native26-calibration-progress/late-terminal-metadata-frozen/historical-four-status.result.json',
-   'docs/operators/deployment/releases/2026-10-06-g7-native26-calibration-progress/late-terminal-metadata-frozen/historical-four-status.stderr.log',
-   'docs/operators/deployment/releases/2026-10-06-g7-native26-calibration-progress/late-terminal-metadata-frozen/historical-four-status.stdout.log',
    'docs/operators/deployment/releases/2026-10-06-g7-native26-calibration-progress/late-terminal-metadata-frozen/push-historical-four.result.json',
-   'docs/operators/deployment/releases/2026-10-06-g7-native26-calibration-progress/late-terminal-metadata-frozen/push-historical-four.stderr.log',
-   'docs/operators/deployment/releases/2026-10-06-g7-native26-calibration-progress/late-terminal-metadata-frozen/push-historical-four.stdout.log',
    'docs/operators/deployment/releases/2026-10-06-g7-native26-calibration-progress/late-terminal-metadata-frozen/run-closed.mjs',
    'docs/operators/deployment/releases/2026-10-06-g7-native26-calibration-progress/late-terminal-metadata-frozen/stage-historical-four.result.json',
-   'docs/operators/deployment/releases/2026-10-06-g7-native26-calibration-progress/late-terminal-metadata-frozen/stage-historical-four.stderr.log',
-   'docs/operators/deployment/releases/2026-10-06-g7-native26-calibration-progress/late-terminal-metadata-frozen/stage-historical-four.stdout.log',
    'docs/operators/deployment/releases/2026-10-06-g7-native26-calibration-progress/late-terminal-metadata-frozen/update-historical-four-checklist.mjs',
    'docs/operators/deployment/releases/2026-10-06-g7-native26-calibration-progress/late-terminal-metadata-frozen/update-historical-four.result.json',
-   'docs/operators/deployment/releases/2026-10-06-g7-native26-calibration-progress/late-terminal-metadata-frozen/update-historical-four.stderr.log',
-   'docs/operators/deployment/releases/2026-10-06-g7-native26-calibration-progress/late-terminal-metadata-frozen/update-historical-four.stdout.log',
    'docs/operators/deployment/releases/2026-10-06-g7-native26-calibration-progress/native-four-owner/FINAL-native-four-pg73-preparation.json',
    'docs/operators/deployment/releases/2026-10-06-g7-native26-calibration-progress/native-four-owner/audit-four.closed.json',
    'docs/operators/deployment/releases/2026-10-06-g7-native26-calibration-progress/native-four-owner/audit-four.mjs',
-   'docs/operators/deployment/releases/2026-10-06-g7-native26-calibration-progress/native-four-owner/audit-four.stderr.log',
-   'docs/operators/deployment/releases/2026-10-06-g7-native26-calibration-progress/native-four-owner/audit-four.stdout.log',
    'docs/operators/deployment/releases/2026-10-06-g7-native26-calibration-progress/native-four-owner/audit-original-four.closed.json',
-   'docs/operators/deployment/releases/2026-10-06-g7-native26-calibration-progress/native-four-owner/audit-original-four.stderr.log',
    'docs/operators/deployment/releases/2026-10-06-g7-native26-calibration-progress/native-four-owner/audit-original-four.stdout.log.gz',
    'docs/operators/deployment/releases/2026-10-06-g7-native26-calibration-progress/native-four-owner/audit-protected-inputs.closed.json',
-   'docs/operators/deployment/releases/2026-10-06-g7-native26-calibration-progress/native-four-owner/audit-protected-inputs.stderr.log',
    'docs/operators/deployment/releases/2026-10-06-g7-native26-calibration-progress/native-four-owner/audit-protected-inputs.stdout.log.gz',
    'docs/operators/deployment/releases/2026-10-06-g7-native26-calibration-progress/native-four-owner/before-four-git.closed.json',
-   'docs/operators/deployment/releases/2026-10-06-g7-native26-calibration-progress/native-four-owner/before-four-git.stderr.log',
    'docs/operators/deployment/releases/2026-10-06-g7-native26-calibration-progress/native-four-owner/before-four-git.stdout.log.gz',
    'docs/operators/deployment/releases/2026-10-06-g7-native26-calibration-progress/native-four-owner/before-four-status.closed.json',
-   'docs/operators/deployment/releases/2026-10-06-g7-native26-calibration-progress/native-four-owner/before-four-status.stderr.log',
-   'docs/operators/deployment/releases/2026-10-06-g7-native26-calibration-progress/native-four-owner/before-four-status.stdout.log',
    'docs/operators/deployment/releases/2026-10-06-g7-native26-calibration-progress/native-four-owner/before-head.closed.json',
-   'docs/operators/deployment/releases/2026-10-06-g7-native26-calibration-progress/native-four-owner/before-head.stderr.log',
-   'docs/operators/deployment/releases/2026-10-06-g7-native26-calibration-progress/native-four-owner/before-head.stdout.log',
    'docs/operators/deployment/releases/2026-10-06-g7-native26-calibration-progress/native-four-owner/evidence-lib.mjs',
    'docs/operators/deployment/releases/2026-10-06-g7-native26-calibration-progress/native-four-owner/final-four-patch.closed.json',
-   'docs/operators/deployment/releases/2026-10-06-g7-native26-calibration-progress/native-four-owner/final-four-patch.stderr.log',
-   'docs/operators/deployment/releases/2026-10-06-g7-native26-calibration-progress/native-four-owner/final-four-patch.stdout.log',
    'docs/operators/deployment/releases/2026-10-06-g7-native26-calibration-progress/native-four-owner/finalize-four.closed.json',
    'docs/operators/deployment/releases/2026-10-06-g7-native26-calibration-progress/native-four-owner/finalize-four.mjs',
-   'docs/operators/deployment/releases/2026-10-06-g7-native26-calibration-progress/native-four-owner/finalize-four.stderr.log',
-   'docs/operators/deployment/releases/2026-10-06-g7-native26-calibration-progress/native-four-owner/finalize-four.stdout.log',
    'docs/operators/deployment/releases/2026-10-06-g7-native26-calibration-progress/native-four-owner/four-diff-check.closed.json',
-   'docs/operators/deployment/releases/2026-10-06-g7-native26-calibration-progress/native-four-owner/four-diff-check.stderr.log',
-   'docs/operators/deployment/releases/2026-10-06-g7-native26-calibration-progress/native-four-owner/four-diff-check.stdout.log',
    'docs/operators/deployment/releases/2026-10-06-g7-native26-calibration-progress/native-four-owner/four-edits.json',
    'docs/operators/deployment/releases/2026-10-06-g7-native26-calibration-progress/native-four-owner/four-source-audit.json',
    'docs/operators/deployment/releases/2026-10-06-g7-native26-calibration-progress/native-four-owner/postgres-complete-text-all-hold-renewal-v367.native.test.mjs.after',
    'docs/operators/deployment/releases/2026-10-06-g7-native26-calibration-progress/native-four-owner/postgres-complete-text-all-hold-renewal-v367.native.test.mjs.before',
    'docs/operators/deployment/releases/2026-10-06-g7-native26-calibration-progress/native-four-owner/postgres-complete-text-buyer-counter-cutover-v367.native.test.mjs.after',
...
    'docs/operators/deployment/releases/2026-10-06-g7-native26-calibration-progress/native-four-owner/repair-four.mjs',
-   'docs/operators/deployment/releases/2026-10-06-g7-native26-calibration-progress/native-four-owner/repair-four.stderr.log',
-   'docs/operators/deployment/releases/2026-10-06-g7-native26-calibration-progress/native-four-owner/repair-four.stdout.log',
    'docs/operators/deployment/releases/2026-10-06-g7-native26-calibration-progress/native-four-owner/run-command.mjs',
    'docs/operators/deployment/releases/2026-10-06-g7-native26-calibration-progress/native-four-owner/syntax-1.closed.json',
-   'docs/operators/deployment/releases/2026-10-06-g7-native26-calibration-progress/native-four-owner/syntax-1.stderr.log',
-   'docs/operators/deployment/releases/2026-10-06-g7-native26-calibration-progress/native-four-owner/syntax-1.stdout.log',
    'docs/operators/deployment/releases/2026-10-06-g7-native26-calibration-progress/native-four-owner/syntax-2.closed.json',
-   'docs/operators/deployment/releases/2026-10-06-g7-native26-calibration-progress/native-four-owner/syntax-2.stderr.log',
-   'docs/operators/deployment/releases/2026-10-06-g7-native26-calibration-progress/native-four-owner/syntax-2.stdout.log',
    'docs/operators/deployment/releases/2026-10-06-g7-native26-calibration-progress/native-four-owner/syntax-3.closed.json',
-   'docs/operators/deployment/releases/2026-10-06-g7-native26-calibration-progress/native-four-owner/syntax-3.stderr.log',
-   'docs/operators/deployment/releases/2026-10-06-g7-native26-calibration-progress/native-four-owner/syntax-3.stdout.log',
    'docs/operators/deployment/releases/2026-10-06-g7-native26-calibration-progress/native-four-owner/syntax-4.closed.json',
-   'docs/operators/deployment/releases/2026-10-06-g7-native26-calibration-progress/native-four-owner/syntax-4.stderr.log',
-   'docs/operators/deployment/releases/2026-10-06-g7-native26-calibration-progress/native-four-owner/syntax-4.stdout.log',
    'docs/operators/deployment/releases/2026-10-06-g7-native26-calibration-progress/native-four-peer/FINAL-native-four-independent-peer.json',
    'docs/operators/deployment/releases/2026-10-06-g7-native26-calibration-progress/native-four-peer/base-inputs.closed.json',
-   'docs/operators/deployment/releases/2026-10-06-g7-native26-calibration-progress/native-four-peer/base-inputs.stderr.log',
    'docs/operators/deployment/releases/2026-10-06-g7-native26-calibration-progress/native-four-peer/base-inputs.stdout.log.gz',
    'docs/operators/deployment/releases/2026-10-06-g7-native26-calibration-progress/native-four-peer/current-head.closed.json',
-   'docs/operators/deployment/releases/2026-10-06-g7-native26-calibration-progress/native-four-peer/current-head.stderr.log',
-   'docs/operators/deployment/releases/2026-10-06-g7-native26-calibration-progress/native-four-peer/current-head.stdout.log',
    'docs/operators/deployment/releases/2026-10-06-g7-native26-calibration-progress/native-four-peer/final-current-head.closed.json',
-   'docs/operators/deployment/releases/2026-10-06-g7-native26-calibration-progress/native-four-peer/final-current-head.stderr.log',
-   'docs/operators/deployment/releases/2026-10-06-g7-native26-calibration-progress/native-four-peer/final-current-head.stdout.log',
    'docs/operators/deployment/releases/2026-10-06-g7-native26-calibration-progress/native-four-peer/peer-reader.mjs',
    'docs/operators/deployment/releases/2026-10-06-g7-native26-calibration-progress/native-four-peer/peer-review.closed.json',
-   'docs/operators/deployment/releases/2026-10-06-g7-native26-calibration-progress/native-four-peer/peer-review.stderr.log',
-   'docs/operators/deployment/releases/2026-10-06-g7-native26-calibration-progress/native-four-peer/peer-review.stdout.log',
    'docs/operators/deployment/releases/2026-10-06-g7-native26-calibration-progress/native-four-peer/peer-wrapper.mjs',
    'docs/operators/deployment/releases/2026-10-06-g7-native26-calibration-progress/native-frozen94-109-peer/FINAL-native-frozen94-109-independent-peer-seal.json',
    'docs/operators/deployment/releases/2026-10-06-g7-native26-calibration-progress/native-frozen94-109-peer/FINAL-native-frozen94-109-independent-peer.json.gz',
    'docs/operators/deployment/releases/2026-10-06-g7-native26-calibration-progress/native-frozen94-109-peer/audit-four-v2.closed.json',
    'docs/operators/deployment/releases/2026-10-06-g7-native26-calibration-progress/native-frozen94-109-peer/audit-four-v2.mjs',
-   'docs/operators/deployment/releases/2026-10-06-g7-native26-calibration-progress/native-frozen94-109-peer/audit-four-v2.stderr.log',
-   'docs/operators/deployment/releases/2026-10-06-g7-native26-calibration-progress/native-frozen94-109-peer/audit-four-v2.stdout.log',
    'docs/operators/deployment/releases/2026-10-06-g7-native26-calibration-progress/native-frozen94-109-peer/audit-four.closed.json',
    'docs/operators/deployment/releases/2026-10-06-g7-native26-calibration-progress/native-frozen94-109-peer/audit-four.mjs',
-   'docs/operators/deployment/releases/2026-10-06-g7-native26-calibration-progress/native-frozen94-109-peer/audit-four.stderr.log',
-   'docs/operators/deployment/releases/2026-10-06-g7-native26-calibration-progress/native-frozen94-109-peer/audit-four.stdout.log',
    'docs/operators/deployment/releases/2026-10-06-g7-native26-calibration-progress/native-frozen94-109-peer/git-inputs.closed.json',
-   'docs/operators/deployment/releases/2026-10-06-g7-native26-calibration-progress/native-frozen94-109-peer/git-inputs.stderr.log',
-   'docs/operators/deployment/releases/2026-10-06-g7-native26-calibration-progress/native-frozen94-109-peer/git-inputs.stdin.log',
    'docs/operators/deployment/releases/2026-10-06-g7-native26-calibration-progress/native-frozen94-109-peer/git-inputs.stdout.log.gz',
    'docs/operators/deployment/releases/2026-10-06-g7-native26-calibration-progress/native-frozen94-109-peer/inspect-owner.closed.json',
    'docs/operators/deployment/releases/2026-10-06-g7-native26-calibration-progress/native-frozen94-109-peer/inspect-owner.mjs',
-   'docs/operators/deployment/releases/2026-10-06-g7-native26-calibration-progress/native-frozen94-109-peer/inspect-owner.stderr.log',
-   'docs/operators/deployment/releases/2026-10-06-g7-native26-calibration-progress/native-frozen94-109-peer/inspect-owner.stdout.log',
    'docs/operators/deployment/releases/2026-10-06-g7-native26-calibration-progress/native-frozen94-109-peer/inspect-provenance.closed.json',
    'docs/operators/deployment/releases/2026-10-06-g7-native26-calibration-progress/native-frozen94-109-peer/inspect-provenance.mjs',
-   'docs/operators/deployment/releases/2026-10-06-g7-native26-calibration-progress/native-frozen94-109-peer/inspect-provenance.stderr.log',
-   'docs/operators/deployment/releases/2026-10-06-g7-native26-calibration-progress/native-frozen94-109-peer/inspect-provenance.stdout.log',
    'docs/operators/deployment/releases/2026-10-06-g7-native26-calibration-progress/native-frozen94-109-peer/run-closed.mjs',
    'docs/operators/deployment/releases/2026-10-06-g7-native26-calibration-progress/native-frozen94-109-peer/seal-four.closed.json',
    'docs/operators/deployment/releases/2026-10-06-g7-native26-calibration-progress/native-frozen94-109-peer/seal-four.mjs',
-   'docs/operators/deployment/releases/2026-10-06-g7-native26-calibration-progress/native-frozen94-109-peer/seal-four.stderr.log',
-   'docs/operators/deployment/releases/2026-10-06-g7-native26-calibration-progress/native-frozen94-109-peer/seal-four.stdout.log',
    'docs/operators/deployment/releases/2026-10-06-g7-native26-calibration-progress/native-frozen94-109-prepare/FINAL-native-frozen94-109-preparation.json',
    'docs/operators/deployment/releases/2026-10-06-g7-native26-calibration-progress/native-frozen94-109-prepare/audit-current-legacy-109.closed.json',
-   'docs/operators/deployment/releases/2026-10-06-g7-native26-calibration-progress/native-frozen94-109-prepare/audit-current-legacy-109.stderr.log',
-   'docs/operators/deployment/releases/2026-10-06-g7-native26-calibration-progress/native-frozen94-109-prepare/audit-current-legacy-109.stdout.log',
    'docs/operators/deployment/releases/2026-10-06-g7-native26-calibration-progress/native-frozen94-109-prepare/audit-current-legacy-94.closed.json',
-   'docs/operators/deployment/releases/2026-10-06-g7-native26-calibration-progress/native-frozen94-109-prepare/audit-current-legacy-94.stderr.log',
-   'docs/operators/deployment/releases/2026-10-06-g7-native26-calibration-progress/native-frozen94-109-prepare/audit-current-legacy-94.stdout.log',
    'docs/operators/deployment/releases/2026-10-06-g7-native26-calibration-progress/native-frozen94-109-prepare/audit-four-v2.closed.json',
-   'docs/operators/deployment/releases/2026-10-06-g7-native26-calibration-progress/native-frozen94-109-prepare/audit-four-v2.stderr.log',
-   'docs/operators/deployment/releases/2026-10-06-g7-native26-calibration-progress/native-frozen94-109-prepare/audit-four-v2.stdout.log',
    'docs/operators/deployment/releases/2026-10-06-g7-native26-calibration-progress/native-frozen94-109-prepare/audit-four-v3.closed.json',
    'docs/operators/deployment/releases/2026-10-06-g7-native26-calibration-progress/native-frozen94-109-prepare/audit-four-v3.mjs',
-   'docs/operators/deployment/releases/2026-10-06-g7-native26-calibration-progress/native-frozen94-109-prepare/audit-four-v3.stderr.log',
-   'docs/operators/deployment/releases/2026-10-06-g7-native26-calibration-progress/native-frozen94-109-prepare/audit-four-v3.stdout.log',
    'docs/operators/deployment/releases/2026-10-06-g7-native26-calibration-progress/native-frozen94-109-prepare/audit-four.closed.json',
    'docs/operators/deployment/releases/2026-10-06-g7-native26-calibration-progress/native-frozen94-109-prepare/audit-four.mjs',
-   'docs/operators/deployment/releases/2026-10-06-g7-native26-calibration-progress/native-frozen94-109-prepare/audit-four.stderr.log',
-   'docs/operators/deployment/releases/2026-10-06-g7-native26-calibration-progress/native-frozen94-109-prepare/audit-four.stdout.log',
    'docs/operators/deployment/releases/2026-10-06-g7-native26-calibration-progress/native-frozen94-109-prepare/audit-historical-109.closed.json',
-   'docs/operators/deployment/releases/2026-10-06-g7-native26-calibration-progress/native-frozen94-109-prepare/audit-historical-109.stderr.log',
-   'docs/operators/deployment/releases/2026-10-06-g7-native26-calibration-progress/native-frozen94-109-prepare/audit-historical-109.stdout.log',
    'docs/operators/deployment/releases/2026-10-06-g7-native26-calibration-progress/native-frozen94-109-prepare/audit-historical-94.closed.json',
-   'docs/operators/deployment/releases/2026-10-06-g7-native26-calibration-progress/native-frozen94-109-prepare/audit-historical-94.stderr.log',
-   'docs/operators/deployment/releases/2026-10-06-g7-native26-calibration-progress/native-frozen94-109-prepare/audit-historical-94.stdout.log',
    'docs/operators/deployment/releases/2026-10-06-g7-native26-calibration-progress/native-frozen94-109-prepare/audit-protected-git.closed.json',
-   'docs/operators/deployment/releases/2026-10-06-g7-native26-calibration-progress/native-frozen94-109-prepare/audit-protected-git.stderr.log',
    'docs/operators/deployment/releases/2026-10-06-g7-native26-calibration-progress/native-frozen94-109-prepare/audit-protected-git.stdout.log.gz',
    'docs/operators/deployment/releases/2026-10-06-g7-native26-calibration-progress/native-frozen94-109-prepare/audit-wrapper-109.closed.json',
-   'docs/operators/deployment/releases/2026-10-06-g7-native26-calibration-progress/native-frozen94-109-prepare/audit-wrapper-109.stderr.log',
-   'docs/operators/deployment/releases/2026-10-06-g7-native26-calibration-progress/native-frozen94-109-prepare/audit-wrapper-109.stdout.log',
    'docs/operators/deployment/releases/2026-10-06-g7-native26-calibration-progress/native-frozen94-109-prepare/audit-wrapper-94.closed.json',
-   'docs/operators/deployment/releases/2026-10-06-g7-native26-calibration-progress/native-frozen94-109-prepare/audit-wrapper-94.stderr.log',
-   'docs/operators/deployment/releases/2026-10-06-g7-native26-calibration-progress/native-frozen94-109-prepare/audit-wrapper-94.stdout.log',
    'docs/operators/deployment/releases/2026-10-06-g7-native26-calibration-progress/native-frozen94-109-prepare/audit3-current-legacy-109.closed.json',
-   'docs/operators/deployment/releases/2026-10-06-g7-native26-calibration-progress/native-frozen94-109-prepare/audit3-current-legacy-109.stderr.log',
-   'docs/operators/deployment/releases/2026-10-06-g7-native26-calibration-progress/native-frozen94-109-prepare/audit3-current-legacy-109.stdout.log',
    'docs/operators/deployment/releases/2026-10-06-g7-native26-calibration-progress/native-frozen94-109-prepare/audit3-current-legacy-94.closed.json',
-   'docs/operators/deployment/releases/2026-10-06-g7-native26-calibration-progress/native-frozen94-109-prepare/audit3-current-legacy-94.stderr.log',
-   'docs/operators/deployment/releases/2026-10-06-g7-native26-calibration-progress/native-frozen94-109-prepare/audit3-current-legacy-94.stdout.log',
    'docs/operators/deployment/releases/2026-10-06-g7-native26-calibration-progress/native-frozen94-109-prepare/audit3-historical-109.closed.json',
-   'docs/operators/deployment/releases/2026-10-06-g7-native26-calibration-progress/native-frozen94-109-prepare/audit3-historical-109.stderr.log',
-   'docs/operators/deployment/releases/2026-10-06-g7-native26-calibration-progress/native-frozen94-109-prepare/audit3-historical-109.stdout.log',
    'docs/operators/deployment/releases/2026-10-06-g7-native26-calibration-progress/native-frozen94-109-prepare/audit3-historical-94.closed.json',
-   'docs/operators/deployment/releases/2026-10-06-g7-native26-calibration-progress/native-frozen94-109-prepare/audit3-historical-94.stderr.log',
-   'docs/operators/deployment/releases/2026-10-06-g7-native26-calibration-progress/native-frozen94-109-prepare/audit3-historical-94.stdout.log',
    'docs/operators/deployment/releases/2026-10-06-g7-native26-calibration-progress/native-frozen94-109-prepare/audit3-protected-git.closed.json',
-   'docs/operators/deployment/releases/2026-10-06-g7-native26-calibration-progress/native-frozen94-109-prepare/audit3-protected-git.stderr.log',
    'docs/operators/deployment/releases/2026-10-06-g7-native26-calibration-progress/native-frozen94-109-prepare/audit3-protected-git.stdout.log.gz',
    'docs/operators/deployment/releases/2026-10-06-g7-native26-calibration-progress/native-frozen94-109-prepare/audit3-wrapper-109.closed.json',
-   'docs/operators/deployment/releases/2026-10-06-g7-native26-calibration-progress/native-frozen94-109-prepare/audit3-wrapper-109.stderr.log',
-   'docs/operators/deployment/releases/2026-10-06-g7-native26-calibration-progress/native-frozen94-109-prepare/audit3-wrapper-109.stdout.log',
    'docs/operators/deployment/releases/2026-10-06-g7-native26-calibration-progress/native-frozen94-109-prepare/audit3-wrapper-94.closed.json',
-   'docs/operators/deployment/releases/2026-10-06-g7-native26-calibration-progress/native-frozen94-109-prepare/audit3-wrapper-94.stderr.log',
-   'docs/operators/deployment/releases/2026-10-06-g7-native26-calibration-progress/native-frozen94-109-prepare/audit3-wrapper-94.stdout.log',
    'docs/operators/deployment/releases/2026-10-06-g7-native26-calibration-progress/native-frozen94-109-prepare/base-inputs.json',
    'docs/operators/deployment/releases/2026-10-06-g7-native26-calibration-progress/native-frozen94-109-prepare/baseline-commit.closed.json',
-   'docs/operators/deployment/releases/2026-10-06-g7-native26-calibration-progress/native-frozen94-109-prepare/baseline-commit.stderr.log',
-   'docs/operators/deployment/releases/2026-10-06-g7-native26-calibration-progress/native-frozen94-109-prepare/baseline-commit.stdout.log',
    'docs/operators/deployment/releases/2026-10-06-g7-native26-calibration-progress/native-frozen94-109-prepare/capture.mjs',
    'docs/operators/deployment/releases/2026-10-06-g7-native26-calibration-progress/native-frozen94-109-prepare/collect-base.closed.json',
    'docs/operators/deployment/releases/2026-10-06-g7-native26-calibration-progress/native-frozen94-109-prepare/collect-base.mjs',
-   'docs/operators/deployment/releases/2026-10-06-g7-native26-calibration-progress/native-frozen94-109-prepare/collect-base.stderr.log',
-   'docs/operators/deployment/releases/2026-10-06-g7-native26-calibration-progress/native-frozen94-109-prepare/collect-base.stdout.log',
    'docs/operators/deployment/releases/2026-10-06-g7-native26-calibration-progress/native-frozen94-109-prepare/finalize-four.closed.json',
    'docs/operators/deployment/releases/2026-10-06-g7-native26-calibration-progress/native-frozen94-109-prepare/finalize-four.mjs',
-   'docs/operators/deployment/releases/2026-10-06-g7-native26-calibration-progress/native-frozen94-109-prepare/finalize-four.stderr.log',
-   'docs/operators/deployment/releases/2026-10-06-g7-native26-calibration-progress/native-frozen94-109-prepare/finalize-four.stdout.log',
    'docs/operators/deployment/releases/2026-10-06-g7-native26-calibration-progress/native-frozen94-109-prepare/fixture-instructions-v3.closed.json',
-   'docs/operators/deployment/releases/2026-10-06-g7-native26-calibration-progress/native-frozen94-109-prepare/fixture-instructions-v3.stderr.log',
-   'docs/operators/deployment/releases/2026-10-06-g7-native26-calibration-progress/native-frozen94-109-prepare/fixture-instructions-v3.stdout.log',
    'docs/operators/deployment/releases/2026-10-06-g7-native26-calibration-progress/native-frozen94-109-prepare/fixture-instructions.closed.json',
-   'docs/operators/deployment/releases/2026-10-06-g7-native26-calibration-progress/native-frozen94-109-prepare/fixture-instructions.stderr.log',
-   'docs/operators/deployment/releases/2026-10-06-g7-native26-calibration-progress/native-frozen94-109-prepare/fixture-instructions.stdout.log',
    'docs/operators/deployment/releases/2026-10-06-g7-native26-calibration-progress/native-frozen94-109-prepare/four-applied.json',
    'docs/operators/deployment/releases/2026-10-06-g7-native26-calibration-progress/native-frozen94-109-prepare/four-current-patch.closed.json',
-   'docs/operators/deployment/releases/2026-10-06-g7-native26-calibration-progress/native-frozen94-109-prepare/four-current-patch.stderr.log',
-   'docs/operators/deployment/releases/2026-10-06-g7-native26-calibration-progress/native-frozen94-109-prepare/four-current-patch.stdout.log',
    'docs/operators/deployment/releases/2026-10-06-g7-native26-calibration-progress/native-frozen94-109-prepare/four-current-status.closed.json',
-   'docs/operators/deployment/releases/2026-10-06-g7-native26-calibration-progress/native-frozen94-109-prepare/four-current-status.stderr.log',
-   'docs/operators/deployment/releases/2026-10-06-g7-native26-calibration-progress/native-frozen94-109-prepare/four-current-status.stdout.log',
    'docs/operators/deployment/releases/2026-10-06-g7-native26-calibration-progress/native-frozen94-109-prepare/four-diff-check.closed.json',
-   'docs/operators/deployment/releases/2026-10-06-g7-native26-calibration-progress/native-frozen94-109-prepare/four-diff-check.stderr.log',
-   'docs/operators/deployment/releases/2026-10-06-g7-native26-calibration-progress/native-frozen94-109-prepare/four-diff-check.stdout.log',
    'docs/operators/deployment/releases/2026-10-06-g7-native26-calibration-progress/native-frozen94-109-prepare/four-independent-audit-v3.json.gz',
    'docs/operators/deployment/releases/2026-10-06-g7-native26-calibration-progress/native-frozen94-109-prepare/four-independent-audit.json.gz',
    'docs/operators/deployment/releases/2026-10-06-g7-native26-calibration-progress/native-frozen94-109-prepare/four-planned-edits.json',
    'docs/operators/deployment/releases/2026-10-06-g7-native26-calibration-progress/native-frozen94-109-prepare/four-static-command-checks.json',
    'docs/operators/deployment/releases/2026-10-06-g7-native26-calibration-progress/native-frozen94-109-prepare/frozen-109.prepared',
    'docs/operators/deployment/releases/2026-10-06-g7-native26-calibration-progress/native-frozen94-109-prepare/frozen-94.prepared',
    'docs/operators/deployment/releases/2026-10-06-g7-native26-calibration-progress/native-frozen94-109-prepare/gitattributes-git.closed.json',
-   'docs/operators/deployment/releases/2026-10-06-g7-native26-calibration-progress/native-frozen94-109-prepare/gitattributes-git.stderr.log',
-   'docs/operators/deployment/releases/2026-10-06-g7-native26-calibration-progress/native-frozen94-109-prepare/gitattributes-git.stdout.log',
    'docs/operators/deployment/releases/2026-10-06-g7-native26-calibration-progress/native-frozen94-109-prepare/historical-instructions-v3.closed.json',
-   'docs/operators/deployment/releases/2026-10-06-g7-native26-calibration-progress/native-frozen94-109-prepare/historical-instructions-v3.stderr.log',
-   'docs/operators/deployment/releases/2026-10-06-g7-native26-calibration-progress/native-frozen94-109-prepare/historical-instructions-v3.stdout.log',
    'docs/operators/deployment/releases/2026-10-06-g7-native26-calibration-progress/native-frozen94-109-prepare/historical-instructions.closed.json',
-   'docs/operators/deployment/releases/2026-10-06-g7-native26-calibration-progress/native-frozen94-109-prepare/historical-instructions.stderr.log',
-   'docs/operators/deployment/releases/2026-10-06-g7-native26-calibration-progress/native-frozen94-109-prepare/historical-instructions.stdout.log',
    'docs/operators/deployment/releases/2026-10-06-g7-native26-calibration-progress/native-frozen94-109-prepare/initial-head.closed.json',
-   'docs/operators/deployment/releases/2026-10-06-g7-native26-calibration-progress/native-frozen94-109-prepare/initial-head.stderr.log',
-   'docs/operators/deployment/releases/2026-10-06-g7-native26-calibration-progress/native-frozen94-109-prepare/initial-head.stdout.log',
    'docs/operators/deployment/releases/2026-10-06-g7-native26-calibration-progress/native-frozen94-109-prepare/input-blobs.closed.json',
-   'docs/operators/deployment/releases/2026-10-06-g7-native26-calibration-progress/native-frozen94-109-prepare/input-blobs.stderr.log',
-   'docs/operators/deployment/releases/2026-10-06-g7-native26-calibration-progress/native-frozen94-109-prepare/input-blobs.stdout.log',
    'docs/operators/deployment/releases/2026-10-06-g7-native26-calibration-progress/native-frozen94-109-prepare/instructions-0.closed.json',
-   'docs/operators/deployment/releases/2026-10-06-g7-native26-calibration-progress/native-frozen94-109-prepare/instructions-0.stderr.log',
-   'docs/operators/deployment/releases/2026-10-06-g7-native26-calibration-progress/native-frozen94-109-prepare/instructions-0.stdout.log',
    'docs/operators/deployment/releases/2026-10-06-g7-native26-calibration-progress/native-frozen94-109-prepare/instructions-1.closed.json',
-   'docs/operators/deployment/releases/2026-10-06-g7-native26-calibration-progress/native-frozen94-109-prepare/instructions-1.stderr.log',
-   'docs/operators/deployment/releases/2026-10-06-g7-native26-calibration-progress/native-frozen94-109-prepare/instructions-1.stdout.log',
    'docs/operators/deployment/releases/2026-10-06-g7-native26-calibration-progress/native-frozen94-109-prepare/instructions-2.closed.json',
-   'docs/operators/deployment/releases/2026-10-06-g7-native26-calibration-progress/native-frozen94-109-prepare/instructions-2.stderr.log',
-   'docs/operators/deployment/releases/2026-10-06-g7-native26-calibration-progress/native-frozen94-109-prepare/instructions-2.stdout.log',
    'docs/operators/deployment/releases/2026-10-06-g7-native26-calibration-progress/native-frozen94-109-prepare/instructions-3.closed.json',
-   'docs/operators/deployment/releases/2026-10-06-g7-native26-calibration-progress/native-frozen94-109-prepare/instructions-3.stderr.log',
-   'docs/operators/deployment/releases/2026-10-06-g7-native26-calibration-progress/native-frozen94-109-prepare/instructions-3.stdout.log',
    'docs/operators/deployment/releases/2026-10-06-g7-native26-calibration-progress/native-frozen94-109-prepare/instructions-4.closed.json',
-   'docs/operators/deployment/releases/2026-10-06-g7-native26-calibration-progress/native-frozen94-109-prepare/instructions-4.stderr.log',
-   'docs/operators/deployment/releases/2026-10-06-g7-native26-calibration-progress/native-frozen94-109-prepare/instructions-4.stdout.log',
    'docs/operators/deployment/releases/2026-10-06-g7-native26-calibration-progress/native-frozen94-109-prepare/instructions-5.closed.json',
-   'docs/operators/deployment/releases/2026-10-06-g7-native26-calibration-progress/native-frozen94-109-prepare/instructions-5.stderr.log',
-   'docs/operators/deployment/releases/2026-10-06-g7-native26-calibration-progress/native-frozen94-109-prepare/instructions-5.stdout.log',
    'docs/operators/deployment/releases/2026-10-06-g7-native26-calibration-progress/native-frozen94-109-prepare/legacy-109-current.closed.json',
-   'docs/operators/deployment/releases/2026-10-06-g7-native26-calibration-progress/native-frozen94-109-prepare/legacy-109-current.stderr.log',
-   'docs/operators/deployment/releases/2026-10-06-g7-native26-calibration-progress/native-frozen94-109-prepare/legacy-109-current.stdout.log',
    'docs/operators/deployment/releases/2026-10-06-g7-native26-calibration-progress/native-frozen94-109-prepare/legacy-109-historical.closed.json',
-   'docs/operators/deployment/releases/2026-10-06-g7-native26-calibration-progress/native-frozen94-109-prepare/legacy-109-historical.stderr.log',
-   'docs/operators/deployment/releases/2026-10-06-g7-native26-calibration-progress/native-frozen94-109-prepare/legacy-109-historical.stdout.log',
    'docs/operators/deployment/releases/2026-10-06-g7-native26-calibration-progress/native-frozen94-109-prepare/legacy-94-current.closed.json',
-   'docs/operators/deployment/releases/2026-10-06-g7-native26-calibration-progress/native-frozen94-109-prepare/legacy-94-current.stderr.log',
-   'docs/operators/deployment/releases/2026-10-06-g7-native26-calibration-progress/native-frozen94-109-prepare/legacy-94-current.stdout.log',
    'docs/operators/deployment/releases/2026-10-06-g7-native26-calibration-progress/native-frozen94-109-prepare/legacy-94-historical.closed.json',
-   'docs/operators/deployment/releases/2026-10-06-g7-native26-calibration-progress/native-frozen94-109-prepare/legacy-94-historical.stderr.log',
-   'docs/operators/deployment/releases/2026-10-06-g7-native26-calibration-progress/native-frozen94-109-prepare/legacy-94-historical.stdout.log',
    'docs/operators/deployment/releases/2026-10-06-g7-native26-calibration-progress/native-frozen94-109-prepare/prepare-audit-v2.closed.json',
    'docs/operators/deployment/releases/2026-10-06-g7-native26-calibration-progress/native-frozen94-109-prepare/prepare-audit-v2.mjs',
-   'docs/operators/deployment/releases/2026-10-06-g7-native26-calibration-progress/native-frozen94-109-prepare/prepare-audit-v2.stderr.log',
-   'docs/operators/deployment/releases/2026-10-06-g7-native26-calibration-progress/native-frozen94-109-prepare/prepare-audit-v2.stdout.log',
    'docs/operators/deployment/releases/2026-10-06-g7-native26-calibration-progress/native-frozen94-109-prepare/prepare-audit-v3.closed.json',
    'docs/operators/deployment/releases/2026-10-06-g7-native26-calibration-progress/native-frozen94-109-prepare/prepare-audit-v3.mjs',
-   'docs/operators/deployment/releases/2026-10-06-g7-native26-calibration-progress/native-frozen94-109-prepare/prepare-audit-v3.stderr.log',
-   'docs/operators/deployment/releases/2026-10-06-g7-native26-calibration-progress/native-frozen94-109-prepare/prepare-audit-v3.stdout.log',
    'docs/operators/deployment/releases/2026-10-06-g7-native26-calibration-progress/native-frozen94-109-prepare/prepare-four.closed.json',
    'docs/operators/deployment/releases/2026-10-06-g7-native26-calibration-progress/native-frozen94-109-prepare/prepare-four.mjs',
-   'docs/operators/deployment/releases/2026-10-06-g7-native26-calibration-progress/native-frozen94-109-prepare/prepare-four.stderr.log',
-   'docs/operators/deployment/releases/2026-10-06-g7-native26-calibration-progress/native-frozen94-109-prepare/prepare-four.stdout.log',
    'docs/operators/deployment/releases/2026-10-06-g7-native26-calibration-progress/native-frozen94-109-prepare/prior-owner-final.closed.json',
-   'docs/operators/deployment/releases/2026-10-06-g7-native26-calibration-progress/native-frozen94-109-prepare/prior-owner-final.stderr.log',
    'docs/operators/deployment/releases/2026-10-06-g7-native26-calibration-progress/native-frozen94-109-prepare/prior-owner-final.stdout.log.gz',
    'docs/operators/deployment/releases/2026-10-06-g7-native26-calibration-progress/native-frozen94-109-prepare/prior-pin-final.closed.json',
-   'docs/operators/deployment/releases/2026-10-06-g7-native26-calibration-progress/native-frozen94-109-prepare/prior-pin-final.stderr.log',
    'docs/operators/deployment/releases/2026-10-06-g7-native26-calibration-progress/native-frozen94-109-prepare/prior-pin-final.stdout.log.gz',
    'docs/operators/deployment/releases/2026-10-06-g7-native26-calibration-progress/native-frozen94-109-prepare/run.mjs',
    'docs/operators/deployment/releases/2026-10-06-g7-native26-calibration-progress/native-frozen94-109-prepare/snapshot-109.final',
    'docs/operators/deployment/releases/2026-10-06-g7-native26-calibration-progress/native-frozen94-109-prepare/snapshot-109.final-v3',
    'docs/operators/deployment/releases/2026-10-06-g7-native26-calibration-progress/native-frozen94-109-prepare/snapshot-94.final',
    'docs/operators/deployment/releases/2026-10-06-g7-native26-calibration-progress/native-frozen94-109-prepare/snapshot-94.final-v3',
    'docs/operators/deployment/releases/2026-10-06-g7-native26-calibration-progress/native-frozen94-109-prepare/snapshot-text-attributes.closed.json',
-   'docs/operators/deployment/releases/2026-10-06-g7-native26-calibration-progress/native-frozen94-109-prepare/snapshot-text-attributes.stderr.log',
-   'docs/operators/deployment/releases/2026-10-06-g7-native26-calibration-progress/native-frozen94-109-prepare/snapshot-text-attributes.stdout.log',
    'docs/operators/deployment/releases/2026-10-06-g7-native26-calibration-progress/native-frozen94-109-prepare/syntax-109.closed.json',
-   'docs/operators/deployment/releases/2026-10-06-g7-native26-calibration-progress/native-frozen94-109-prepare/syntax-109.stderr.log',
-   'docs/operators/deployment/releases/2026-10-06-g7-native26-calibration-progress/native-frozen94-109-prepare/syntax-109.stdout.log',
    'docs/operators/deployment/releases/2026-10-06-g7-native26-calibration-progress/native-frozen94-109-prepare/syntax-94.closed.json',
-   'docs/operators/deployment/releases/2026-10-06-g7-native26-calibration-progress/native-frozen94-109-prepare/syntax-94.stderr.log',
-   'docs/operators/deployment/releases/2026-10-06-g7-native26-calibration-progress/native-frozen94-109-prepare/syntax-94.stdout.log',
    'docs/operators/deployment/releases/2026-10-06-g7-native26-calibration-progress/native-frozen94-109-prepare/verify-four.closed.json',
    'docs/operators/deployment/releases/2026-10-06-g7-native26-calibration-progress/native-frozen94-109-prepare/verify-four.mjs',
-   'docs/operators/deployment/releases/2026-10-06-g7-native26-calibration-progress/native-frozen94-109-prepare/verify-four.stderr.log',
-   'docs/operators/deployment/releases/2026-10-06-g7-native26-calibration-progress/native-frozen94-109-prepare/verify-four.stdout.log',
    'docs/operators/deployment/releases/2026-10-06-g7-native26-calibration-progress/native-frozen94-109-prepare/working-legacy-109.closed.json',
-   'docs/operators/deployment/releases/2026-10-06-g7-native26-calibration-progress/native-frozen94-109-prepare/working-legacy-109.stderr.log',
-   'docs/operators/deployment/releases/2026-10-06-g7-native26-calibration-progress/native-frozen94-109-prepare/working-legacy-109.stdout.log',
    'docs/operators/deployment/releases/2026-10-06-g7-native26-calibration-progress/native-frozen94-109-prepare/working-legacy-94.closed.json',
-   'docs/operators/deployment/releases/2026-10-06-g7-native26-calibration-progress/native-frozen94-109-prepare/working-legacy-94.stderr.log',
-   'docs/operators/deployment/releases/2026-10-06-g7-native26-calibration-progress/native-frozen94-109-prepare/working-legacy-94.stdout.log',
    'docs/operators/deployment/releases/2026-10-06-g7-native26-calibration-progress/native-frozen94-109-prepare/working-wrapper-109.closed.json',
-   'docs/operators/deployment/releases/2026-10-06-g7-native26-calibration-progress/native-frozen94-109-prepare/working-wrapper-109.stderr.log',
-   'docs/operators/deployment/releases/2026-10-06-g7-native26-calibration-progress/native-frozen94-109-prepare/working-wrapper-109.stdout.log',
    'docs/operators/deployment/releases/2026-10-06-g7-native26-calibration-progress/native-frozen94-109-prepare/working-wrapper-94.closed.json',
-   'docs/operators/deployment/releases/2026-10-06-g7-native26-calibration-progress/native-frozen94-109-prepare/working-wrapper-94.stderr.log',
-   'docs/operators/deployment/releases/2026-10-06-g7-native26-calibration-progress/native-frozen94-109-prepare/working-wrapper-94.stdout.log',
    'docs/operators/deployment/releases/2026-10-06-g7-native26-calibration-progress/native-frozen94-109-prepare/wrapper-109-original.closed.json',
-   'docs/operators/deployment/releases/2026-10-06-g7-native26-calibration-progress/native-frozen94-109-prepare/wrapper-109-original.stderr.log',
-   'docs/operators/deployment/releases/2026-10-06-g7-native26-calibration-progress/native-frozen94-109-prepare/wrapper-109-original.stdout.log',
    'docs/operators/deployment/releases/2026-10-06-g7-native26-calibration-progress/native-frozen94-109-prepare/wrapper-109.final-after',
    'docs/operators/deployment/releases/2026-10-06-g7-native26-calibration-progress/native-frozen94-109-prepare/wrapper-109.final-after-v3',
    'docs/operators/deployment/releases/2026-10-06-g7-native26-calibration-progress/native-frozen94-109-prepare/wrapper-109.prepared-after',
    'docs/operators/deployment/releases/2026-10-06-g7-native26-calibration-progress/native-frozen94-109-prepare/wrapper-94-original.closed.json',
-   'docs/operators/deployment/releases/2026-10-06-g7-native26-calibration-progress/native-frozen94-109-prepare/wrapper-94-original.stderr.log',
-   'docs/operators/deployment/releases/2026-10-06-g7-native26-calibration-progress/native-frozen94-109-prepare/wrapper-94-original.stdout.log',
    'docs/operators/deployment/releases/2026-10-06-g7-native26-calibration-progress/native-frozen94-109-prepare/wrapper-94.final-after',
    'docs/operators/deployment/releases/2026-10-06-g7-native26-calibration-progress/native-frozen94-109-prepare/wrapper-94.final-after-v3',
    'docs/operators/deployment/releases/2026-10-06-g7-native26-calibration-progress/native-frozen94-109-prepare/wrapper-94.prepared-after',
    'docs/operators/deployment/releases/2026-10-06-g7-native26-calibration-progress/native-g7-terminal-peer/FINAL-native-g7-terminal-independent-peer.json.gz',
    'docs/operators/deployment/releases/2026-10-06-g7-native26-calibration-progress/native-g7-terminal-peer/inspect-compact.closed.json',
    'docs/operators/deployment/releases/2026-10-06-g7-native26-calibration-progress/native-g7-terminal-peer/inspect-compact.mjs',
-   'docs/operators/deployment/releases/2026-10-06-g7-native26-calibration-progress/native-g7-terminal-peer/inspect-compact.stderr.log',
-   'docs/operators/deployment/releases/2026-10-06-g7-native26-calibration-progress/native-g7-terminal-peer/inspect-compact.stdout.log',
    'docs/operators/deployment/releases/2026-10-06-g7-native26-calibration-progress/native-g7-terminal-peer/inspect-details.closed.json',
    'docs/operators/deployment/releases/2026-10-06-g7-native26-calibration-progress/native-g7-terminal-peer/inspect-details.mjs',
-   'docs/operators/deployment/releases/2026-10-06-g7-native26-calibration-progress/native-g7-terminal-peer/inspect-details.stderr.log',
    'docs/operators/deployment/releases/2026-10-06-g7-native26-calibration-progress/native-g7-terminal-peer/inspect-details.stdout.log.gz',
    'docs/operators/deployment/releases/2026-10-06-g7-native26-calibration-progress/native-g7-terminal-peer/inspect.closed.json',
    'docs/operators/deployment/releases/2026-10-06-g7-native26-calibration-progress/native-g7-terminal-peer/inspect.mjs',
-   'docs/operators/deployment/releases/2026-10-06-g7-native26-calibration-progress/native-g7-terminal-peer/inspect.stderr.log',
    'docs/operators/deployment/releases/2026-10-06-g7-native26-calibration-progress/native-g7-terminal-peer/inspect.stdout.log.gz',
    'docs/operators/deployment/releases/2026-10-06-g7-native26-calibration-progress/native-g7-terminal-peer/review-terminal-v2.closed.json',
    'docs/operators/deployment/releases/2026-10-06-g7-native26-calibration-progress/native-g7-terminal-peer/review-terminal-v2.mjs',
-   'docs/operators/deployment/releases/2026-10-06-g7-native26-calibration-progress/native-g7-terminal-peer/review-terminal-v2.stderr.log',
-   'docs/operators/deployment/releases/2026-10-06-g7-native26-calibration-progress/native-g7-terminal-peer/review-terminal-v2.stdout.log',
    'docs/operators/deployment/releases/2026-10-06-g7-native26-calibration-progress/native-g7-terminal-peer/review-terminal.closed.json',
    'docs/operators/deployment/releases/2026-10-06-g7-native26-calibration-progress/native-g7-terminal-peer/review-terminal.mjs',
-   'docs/operators/deployment/releases/2026-10-06-g7-native26-calibration-progress/native-g7-terminal-peer/review-terminal.stderr.log',
-   'docs/operators/deployment/releases/2026-10-06-g7-native26-calibration-progress/native-g7-terminal-peer/review-terminal.stdout.log',
    'docs/operators/deployment/releases/2026-10-06-g7-native26-calibration-progress/native-g7-terminal-peer/run-closed.mjs',
    'docs/operators/deployment/releases/2026-10-06-g7-native26-calibration-progress/native-g7-terminal-peer/source-git.closed.json',
-   'docs/operators/deployment/releases/2026-10-06-g7-native26-calibration-progress/native-g7-terminal-peer/source-git.stderr.log',
    'docs/operators/deployment/releases/2026-10-06-g7-native26-calibration-progress/native-g7-terminal-peer/source-git.stdout.log.gz',
    'docs/operators/deployment/releases/2026-10-06-g7-native26-calibration-progress/native-pin94-readonly/473-source.closed.json',
-   'docs/operators/deployment/releases/2026-10-06-g7-native26-calibration-progress/native-pin94-readonly/473-source.stderr.log',
-   'docs/operators/deployment/releases/2026-10-06-g7-native26-calibration-progress/native-pin94-readonly/473-source.stdout.log',
    'docs/operators/deployment/releases/2026-10-06-g7-native26-calibration-progress/native-pin94-readonly/FINAL-native-pin94-tail-readonly.json.gz',
    'docs/operators/deployment/releases/2026-10-06-g7-native26-calibration-progress/native-pin94-readonly/actual-native-original-receipt.closed.json',
-   'docs/operators/deployment/releases/2026-10-06-g7-native26-calibration-progress/native-pin94-readonly/actual-native-original-receipt.stderr.log',
-   'docs/operators/deployment/releases/2026-10-06-g7-native26-calibration-progress/native-pin94-readonly/actual-native-original-receipt.stdout.log',
    'docs/operators/deployment/releases/2026-10-06-g7-native26-calibration-progress/native-pin94-readonly/actual-native-raw.closed.json',
-   'docs/operators/deployment/releases/2026-10-06-g7-native26-calibration-progress/native-pin94-readonly/actual-native-raw.stderr.log',
    'docs/operators/deployment/releases/2026-10-06-g7-native26-calibration-progress/native-pin94-readonly/actual-native-raw.stdout.log.gz',
    'docs/operators/deployment/releases/2026-10-06-g7-native26-calibration-progress/native-pin94-readonly/actual-step94-group.closed.json',
-   'docs/operators/deployment/releases/2026-10-06-g7-native26-calibration-progress/native-pin94-readonly/actual-step94-group.stderr.log',
-   'docs/operators/deployment/releases/2026-10-06-g7-native26-calibration-progress/native-pin94-readonly/actual-step94-group.stdout.log',
    'docs/operators/deployment/releases/2026-10-06-g7-native26-calibration-progress/native-pin94-readonly/base-source.closed.json',
-   'docs/operators/deployment/releases/2026-10-06-g7-native26-calibration-progress/native-pin94-readonly/base-source.stderr.log',
-   'docs/operators/deployment/releases/2026-10-06-g7-native26-calibration-progress/native-pin94-readonly/base-source.stdout.log',
    'docs/operators/deployment/releases/2026-10-06-g7-native26-calibration-progress/native-pin94-readonly/base-workflow.closed.json',
-   'docs/operators/deployment/releases/2026-10-06-g7-native26-calibration-progress/native-pin94-readonly/base-workflow.stderr.log',
-   'docs/operators/deployment/releases/2026-10-06-g7-native26-calibration-progress/native-pin94-readonly/base-workflow.stdout.log',
    'docs/operators/deployment/releases/2026-10-06-g7-native26-calibration-progress/native-pin94-readonly/base-wrapper.closed.json',
-   'docs/operators/deployment/releases/2026-10-06-g7-native26-calibration-progress/native-pin94-readonly/base-wrapper.stderr.log',
-   'docs/operators/deployment/releases/2026-10-06-g7-native26-calibration-progress/native-pin94-readonly/base-wrapper.stdout.log',
    'docs/operators/deployment/releases/2026-10-06-g7-native26-calibration-progress/native-pin94-readonly/capture.mjs',
    'docs/operators/deployment/releases/2026-10-06-g7-native26-calibration-progress/native-pin94-readonly/dcc6.closed.json',
-   'docs/operators/deployment/releases/2026-10-06-g7-native26-calibration-progress/native-pin94-readonly/dcc6.stderr.log',
-   'docs/operators/deployment/releases/2026-10-06-g7-native26-calibration-progress/native-pin94-readonly/dcc6.stdout.log',
    'docs/operators/deployment/releases/2026-10-06-g7-native26-calibration-progress/native-pin94-readonly/exact-status.closed.json',
-   'docs/operators/deployment/releases/2026-10-06-g7-native26-calibration-progress/native-pin94-readonly/exact-status.stderr.log',
-   'docs/operators/deployment/releases/2026-10-06-g7-native26-calibration-progress/native-pin94-readonly/exact-status.stdout.log',
    'docs/operators/deployment/releases/2026-10-06-g7-native26-calibration-progress/native-pin94-readonly/final-frozen-inventory.closed.json',
-   'docs/operators/deployment/releases/2026-10-06-g7-native26-calibration-progress/native-pin94-readonly/final-frozen-inventory.stderr.log',
    'docs/operators/deployment/releases/2026-10-06-g7-native26-calibration-progress/native-pin94-readonly/final-frozen-inventory.stdout.log.gz',
    'docs/operators/deployment/releases/2026-10-06-g7-native26-calibration-progress/native-pin94-readonly/final-working-0.closed.json',
-   'docs/operators/deployment/releases/2026-10-06-g7-native26-calibration-progress/native-pin94-readonly/final-working-0.stderr.log',
-   'docs/operators/deployment/releases/2026-10-06-g7-native26-calibration-progress/native-pin94-readonly/final-working-0.stdout.log',
    'docs/operators/deployment/releases/2026-10-06-g7-native26-calibration-progress/native-pin94-readonly/final-working-1.closed.json',
-   'docs/operators/deployment/releases/2026-10-06-g7-native26-calibration-progress/native-pin94-readonly/final-working-1.stderr.log',
-   'docs/operators/deployment/releases/2026-10-06-g7-native26-calibration-progress/native-pin94-readonly/final-working-1.stdout.log',
    'docs/operators/deployment/releases/2026-10-06-g7-native26-calibration-progress/native-pin94-readonly/final-working-10.closed.json',
-   'docs/operators/deployment/releases/2026-10-06-g7-native26-calibration-progress/native-pin94-readonly/final-working-10.stderr.log',
-   'docs/operators/deployment/releases/2026-10-06-g7-native26-calibration-progress/native-pin94-readonly/final-working-10.stdout.log',
    'docs/operators/deployment/releases/2026-10-06-g7-native26-calibration-progress/native-pin94-readonly/final-working-11.closed.json',
-   'docs/operators/deployment/releases/2026-10-06-g7-native26-calibration-progress/native-pin94-readonly/final-working-11.stderr.log',
-   'docs/operators/deployment/releases/2026-10-06-g7-native26-calibration-progress/native-pin94-readonly/final-working-11.stdout.log',
    'docs/operators/deployment/releases/2026-10-06-g7-native26-calibration-progress/native-pin94-readonly/final-working-12.closed.json',
-   'docs/operators/deployment/releases/2026-10-06-g7-native26-calibration-progress/native-pin94-readonly/final-working-12.stderr.log',
-   'docs/operators/deployment/releases/2026-10-06-g7-native26-calibration-progress/native-pin94-readonly/final-working-12.stdout.log',
    'docs/operators/deployment/releases/2026-10-06-g7-native26-calibration-progress/native-pin94-readonly/final-working-13.closed.json',
-   'docs/operators/deployment/releases/2026-10-06-g7-native26-calibration-progress/native-pin94-readonly/final-working-13.stderr.log',
-   'docs/operators/deployment/releases/2026-10-06-g7-native26-calibration-progress/native-pin94-readonly/final-working-13.stdout.log',
    'docs/operators/deployment/releases/2026-10-06-g7-native26-calibration-progress/native-pin94-readonly/final-working-14.closed.json',
-   'docs/operators/deployment/releases/2026-10-06-g7-native26-calibration-progress/native-pin94-readonly/final-working-14.stderr.log',
-   'docs/operators/deployment/releases/2026-10-06-g7-native26-calibration-progress/native-pin94-readonly/final-working-14.stdout.log',
    'docs/operators/deployment/releases/2026-10-06-g7-native26-calibration-progress/native-pin94-readonly/final-working-15.closed.json',
-   'docs/operators/deployment/releases/2026-10-06-g7-native26-calibration-progress/native-pin94-readonly/final-working-15.stderr.log',
-   'docs/operators/deployment/releases/2026-10-06-g7-native26-calibration-progress/native-pin94-readonly/final-working-15.stdout.log',
    'docs/operators/deployment/releases/2026-10-06-g7-native26-calibration-progress/native-pin94-readonly/final-working-16.closed.json',
-   'docs/operators/deployment/releases/2026-10-06-g7-native26-calibration-progress/native-pin94-readonly/final-working-16.stderr.log',
-   'docs/operators/deployment/releases/2026-10-06-g7-native26-calibration-progress/native-pin94-readonly/final-working-16.stdout.log',
    'docs/operators/deployment/releases/2026-10-06-g7-native26-calibration-progress/native-pin94-readonly/final-working-17.closed.json',
-   'docs/operators/deployment/releases/2026-10-06-g7-native26-calibration-progress/native-pin94-readonly/final-working-17.stderr.log',
-   'docs/operators/deployment/releases/2026-10-06-g7-native26-calibration-progress/native-pin94-readonly/final-working-17.stdout.log',
    'docs/operators/deployment/releases/2026-10-06-g7-native26-calibration-progress/native-pin94-readonly/final-working-18.closed.json',
-   'docs/operators/deployment/releases/2026-10-06-g7-native26-calibration-progress/native-pin94-readonly/final-working-18.stderr.log',
-   'docs/operators/deployment/releases/2026-10-06-g7-native26-calibration-progress/native-pin94-readonly/final-working-18.stdout.log',
    'docs/operators/deployment/releases/2026-10-06-g7-native26-calibration-progress/native-pin94-readonly/final-working-19.closed.json',
-   'docs/operators/deployment/releases/2026-10-06-g7-native26-calibration-progress/native-pin94-readonly/final-working-19.stderr.log',
-   'docs/operators/deployment/releases/2026-10-06-g7-native26-calibration-progress/native-pin94-readonly/final-working-19.stdout.log',
    'docs/operators/deployment/releases/2026-10-06-g7-native26-calibration-progress/native-pin94-readonly/final-working-2.closed.json',
-   'docs/operators/deployment/releases/2026-10-06-g7-native26-calibration-progress/native-pin94-readonly/final-working-2.stderr.log',
-   'docs/operators/deployment/releases/2026-10-06-g7-native26-calibration-progress/native-pin94-readonly/final-working-2.stdout.log',
    'docs/operators/deployment/releases/2026-10-06-g7-native26-calibration-progress/native-pin94-readonly/final-working-20.closed.json',
-   'docs/operators/deployment/releases/2026-10-06-g7-native26-calibration-progress/native-pin94-readonly/final-working-20.stderr.log',
-   'docs/operators/deployment/releases/2026-10-06-g7-native26-calibration-progress/native-pin94-readonly/final-working-20.stdout.log',
    'docs/operators/deployment/releases/2026-10-06-g7-native26-calibration-progress/native-pin94-readonly/final-working-21.closed.json',
-   'docs/operators/deployment/releases/2026-10-06-g7-native26-calibration-progress/native-pin94-readonly/final-working-21.stderr.log',
-   'docs/operators/deployment/releases/2026-10-06-g7-native26-calibration-progress/native-pin94-readonly/final-working-21.stdout.log',
    'docs/operators/deployment/releases/2026-10-06-g7-native26-calibration-progress/native-pin94-readonly/final-working-22.closed.json',
-   'docs/operators/deployment/releases/2026-10-06-g7-native26-calibration-progress/native-pin94-readonly/final-working-22.stderr.log',
-   'docs/operators/deployment/releases/2026-10-06-g7-native26-calibration-progress/native-pin94-readonly/final-working-22.stdout.log',
    'docs/operators/deployment/releases/2026-10-06-g7-native26-calibration-progress/native-pin94-readonly/final-working-3.closed.json',
-   'docs/operators/deployment/releases/2026-10-06-g7-native26-calibration-progress/native-pin94-readonly/final-working-3.stderr.log',
-   'docs/operators/deployment/releases/2026-10-06-g7-native26-calibration-progress/native-pin94-readonly/final-working-3.stdout.log',
    'docs/operators/deployment/releases/2026-10-06-g7-native26-calibration-progress/native-pin94-readonly/final-working-4.closed.json',
-   'docs/operators/deployment/releases/2026-10-06-g7-native26-calibration-progress/native-pin94-readonly/final-working-4.stderr.log',
-   'docs/operators/deployment/releases/2026-10-06-g7-native26-calibration-progress/native-pin94-readonly/final-working-4.stdout.log',
    'docs/operators/deployment/releases/2026-10-06-g7-native26-calibration-progress/native-pin94-readonly/final-working-5.closed.json',
-   'docs/operators/deployment/releases/2026-10-06-g7-native26-calibration-progress/native-pin94-readonly/final-working-5.stderr.log',
-   'docs/operators/deployment/releases/2026-10-06-g7-native26-calibration-progress/native-pin94-readonly/final-working-5.stdout.log',
    'docs/operators/deployment/releases/2026-10-06-g7-native26-calibration-progress/native-pin94-readonly/final-working-6.closed.json',
-   'docs/operators/deployment/releases/2026-10-06-g7-native26-calibration-progress/native-pin94-readonly/final-working-6.stderr.log',
-   'docs/operators/deployment/releases/2026-10-06-g7-native26-calibration-progress/native-pin94-readonly/final-working-6.stdout.log',
    'docs/operators/deployment/releases/2026-10-06-g7-native26-calibration-progress/native-pin94-readonly/final-working-7.closed.json',
-   'docs/operators/deployment/releases/2026-10-06-g7-native26-calibration-progress/native-pin94-readonly/final-working-7.stderr.log',
-   'docs/operators/deployment/releases/2026-10-06-g7-native26-calibration-progress/native-pin94-readonly/final-working-7.stdout.log',
    'docs/operators/deployment/releases/2026-10-06-g7-native26-calibration-progress/native-pin94-readonly/final-working-8.closed.json',
-   'docs/operators/deployment/releases/2026-10-06-g7-native26-calibration-progress/native-pin94-readonly/final-working-8.stderr.log',
-   'docs/operators/deployment/releases/2026-10-06-g7-native26-calibration-progress/native-pin94-readonly/final-working-8.stdout.log',
    'docs/operators/deployment/releases/2026-10-06-g7-native26-calibration-progress/native-pin94-readonly/final-working-9.closed.json',
-   'docs/operators/deployment/releases/2026-10-06-g7-native26-calibration-progress/native-pin94-readonly/final-working-9.stderr.log',
-   'docs/operators/deployment/releases/2026-10-06-g7-native26-calibration-progress/native-pin94-readonly/final-working-9.stdout.log',
    'docs/operators/deployment/releases/2026-10-06-g7-native26-calibration-progress/native-pin94-readonly/finalize-readonly.closed.json',
    'docs/operators/deployment/releases/2026-10-06-g7-native26-calibration-progress/native-pin94-readonly/finalize-readonly.mjs',
-   'docs/operators/deployment/releases/2026-10-06-g7-native26-calibration-progress/native-pin94-readonly/finalize-readonly.stderr.log',
-   'docs/operators/deployment/releases/2026-10-06-g7-native26-calibration-progress/native-pin94-readonly/finalize-readonly.stdout.log',
    'docs/operators/deployment/releases/2026-10-06-g7-native26-calibration-progress/native-pin94-readonly/head.closed.json',
-   'docs/operators/deployment/releases/2026-10-06-g7-native26-calibration-progress/native-pin94-readonly/head.stderr.log',
-   'docs/operators/deployment/releases/2026-10-06-g7-native26-calibration-progress/native-pin94-readonly/head.stdout.log',
    'docs/operators/deployment/releases/2026-10-06-g7-native26-calibration-progress/native-pin94-readonly/history-and-tail.closed.json',
    'docs/operators/deployment/releases/2026-10-06-g7-native26-calibration-progress/native-pin94-readonly/history-and-tail.mjs',
-   'docs/operators/deployment/releases/2026-10-06-g7-native26-calibration-progress/native-pin94-readonly/history-and-tail.stderr.log',
-   'docs/operators/deployment/releases/2026-10-06-g7-native26-calibration-progress/native-pin94-readonly/history-and-tail.stdout.log',
    'docs/operators/deployment/releases/2026-10-06-g7-native26-calibration-progress/native-pin94-readonly/history-tail-inputs.json',
    'docs/operators/deployment/releases/2026-10-06-g7-native26-calibration-progress/native-pin94-readonly/initial-authority.json',
    'docs/operators/deployment/releases/2026-10-06-g7-native26-calibration-progress/native-pin94-readonly/initial-read.closed.json',
    'docs/operators/deployment/releases/2026-10-06-g7-native26-calibration-progress/native-pin94-readonly/initial-read.mjs',
-   'docs/operators/deployment/releases/2026-10-06-g7-native26-calibration-progress/native-pin94-readonly/initial-read.stderr.log',
-   'docs/operators/deployment/releases/2026-10-06-g7-native26-calibration-progress/native-pin94-readonly/initial-read.stdout.log',
    'docs/operators/deployment/releases/2026-10-06-g7-native26-calibration-progress/native-pin94-readonly/instructions-0.closed.json',
-   'docs/operators/deployment/releases/2026-10-06-g7-native26-calibration-progress/native-pin94-readonly/instructions-0.stderr.log',
-   'docs/operators/deployment/releases/2026-10-06-g7-native26-calibration-progress/native-pin94-readonly/instructions-0.stdout.log',
    'docs/operators/deployment/releases/2026-10-06-g7-native26-calibration-progress/native-pin94-readonly/instructions-1.closed.json',
-   'docs/operators/deployment/releases/2026-10-06-g7-native26-calibration-progress/native-pin94-readonly/instructions-1.stderr.log',
-   'docs/operators/deployment/releases/2026-10-06-g7-native26-calibration-progress/native-pin94-readonly/instructions-1.stdout.log',
    'docs/operators/deployment/releases/2026-10-06-g7-native26-calibration-progress/native-pin94-readonly/instructions-2.closed.json',
-   'docs/operators/deployment/releases/2026-10-06-g7-native26-calibration-progress/native-pin94-readonly/instructions-2.stderr.log',
-   'docs/operators/deployment/releases/2026-10-06-g7-native26-calibration-progress/native-pin94-readonly/instructions-2.stdout.log',
    'docs/operators/deployment/releases/2026-10-06-g7-native26-calibration-progress/native-pin94-readonly/instructions-3.closed.json',
-   'docs/operators/deployment/releases/2026-10-06-g7-native26-calibration-progress/native-pin94-readonly/instructions-3.stderr.log',
-   'docs/operators/deployment/releases/2026-10-06-g7-native26-calibration-progress/native-pin94-readonly/instructions-3.stdout.log',
    'docs/operators/deployment/releases/2026-10-06-g7-native26-calibration-progress/native-pin94-readonly/instructions-4.closed.json',
-   'docs/operators/deployment/releases/2026-10-06-g7-native26-calibration-progress/native-pin94-readonly/instructions-4.stderr.log',
-   'docs/operators/deployment/releases/2026-10-06-g7-native26-calibration-progress/native-pin94-readonly/instructions-4.stdout.log',
    'docs/operators/deployment/releases/2026-10-06-g7-native26-calibration-progress/native-pin94-readonly/instructions-5.closed.json',
-   'docs/operators/deployment/releases/2026-10-06-g7-native26-calibration-progress/native-pin94-readonly/instructions-5.stderr.log',
-   'docs/operators/deployment/releases/2026-10-06-g7-native26-calibration-progress/native-pin94-readonly/instructions-5.stdout.log',
    'docs/operators/deployment/releases/2026-10-06-g7-native26-calibration-progress/native-pin94-readonly/original-lineage-blobs.closed.json',
-   'docs/operators/deployment/releases/2026-10-06-g7-native26-calibration-progress/native-pin94-readonly/original-lineage-blobs.stderr.log',
-   'docs/operators/deployment/releases/2026-10-06-g7-native26-calibration-progress/native-pin94-readonly/original-lineage-blobs.stdout.log',
    'docs/operators/deployment/releases/2026-10-06-g7-native26-calibration-progress/native-pin94-readonly/parent-terminal-final.closed.json',
-   'docs/operators/deployment/releases/2026-10-06-g7-native26-calibration-progress/native-pin94-readonly/parent-terminal-final.stderr.log',
    'docs/operators/deployment/releases/2026-10-06-g7-native26-calibration-progress/native-pin94-readonly/parent-terminal-final.stdout.log.gz',
    'docs/operators/deployment/releases/2026-10-06-g7-native26-calibration-progress/native-pin94-readonly/pin-authority-proof.closed.json',
    'docs/operators/deployment/releases/2026-10-06-g7-native26-calibration-progress/native-pin94-readonly/pin-authority-proof.json',
    'docs/operators/deployment/releases/2026-10-06-g7-native26-calibration-progress/native-pin94-readonly/pin-authority-proof.mjs',
-   'docs/operators/deployment/releases/2026-10-06-g7-native26-calibration-progress/native-pin94-readonly/pin-authority-proof.stderr.log',
-   'docs/operators/deployment/releases/2026-10-06-g7-native26-calibration-progress/native-pin94-readonly/pin-authority-proof.stdout.log',
    'docs/operators/deployment/releases/2026-10-06-g7-native26-calibration-progress/native-pin94-readonly/pin-current-ancestry-109.closed.json',
-   'docs/operators/deployment/releases/2026-10-06-g7-native26-calibration-progress/native-pin94-readonly/pin-current-ancestry-109.stderr.log',
-   'docs/operators/deployment/releases/2026-10-06-g7-native26-calibration-progress/native-pin94-readonly/pin-current-ancestry-109.stdout.log',
    'docs/operators/deployment/releases/2026-10-06-g7-native26-calibration-progress/native-pin94-readonly/pin-history-step-109.closed.json',
-   'docs/operators/deployment/releases/2026-10-06-g7-native26-calibration-progress/native-pin94-readonly/pin-history-step-109.stderr.log',
-   'docs/operators/deployment/releases/2026-10-06-g7-native26-calibration-progress/native-pin94-readonly/pin-history-step-109.stdout.log',
    'docs/operators/deployment/releases/2026-10-06-g7-native26-calibration-progress/native-pin94-readonly/pin-history-step-99.closed.json',
-   'docs/operators/deployment/releases/2026-10-06-g7-native26-calibration-progress/native-pin94-readonly/pin-history-step-99.stderr.log',
-   'docs/operators/deployment/releases/2026-10-06-g7-native26-calibration-progress/native-pin94-readonly/pin-history-step-99.stdout.log',
    'docs/operators/deployment/releases/2026-10-06-g7-native26-calibration-progress/native-pin94-readonly/pin-history.closed.json',
-   'docs/operators/deployment/releases/2026-10-06-g7-native26-calibration-progress/native-pin94-readonly/pin-history.stderr.log',
-   'docs/operators/deployment/releases/2026-10-06-g7-native26-calibration-progress/native-pin94-readonly/pin-history.stdout.log',
    'docs/operators/deployment/releases/2026-10-06-g7-native26-calibration-progress/native-pin94-readonly/pin-introduction-source.closed.json',
-   'docs/operators/deployment/releases/2026-10-06-g7-native26-calibration-progress/native-pin94-readonly/pin-introduction-source.stderr.log',
-   'docs/operators/deployment/releases/2026-10-06-g7-native26-calibration-progress/native-pin94-readonly/pin-introduction-source.stdout.log',
    'docs/operators/deployment/releases/2026-10-06-g7-native26-calibration-progress/native-pin94-readonly/pin-introduction-wrapper.closed.json',
-   'docs/operators/deployment/releases/2026-10-06-g7-native26-calibration-progress/native-pin94-readonly/pin-introduction-wrapper.stderr.log',
-   'docs/operators/deployment/releases/2026-10-06-g7-native26-calibration-progress/native-pin94-readonly/pin-introduction-wrapper.stdout.log',
    'docs/operators/deployment/releases/2026-10-06-g7-native26-calibration-progress/native-pin94-readonly/pin-original-source-109.closed.json',
-   'docs/operators/deployment/releases/2026-10-06-g7-native26-calibration-progress/native-pin94-readonly/pin-original-source-109.stderr.log',
-   'docs/operators/deployment/releases/2026-10-06-g7-native26-calibration-progress/native-pin94-readonly/pin-original-source-109.stdout.log',
    'docs/operators/deployment/releases/2026-10-06-g7-native26-calibration-progress/native-pin94-readonly/pin-original-source-99.closed.json',
-   'docs/operators/deployment/releases/2026-10-06-g7-native26-calibration-progress/native-pin94-readonly/pin-original-source-99.stderr.log',
-   'docs/operators/deployment/releases/2026-10-06-g7-native26-calibration-progress/native-pin94-readonly/pin-original-source-99.stdout.log',
    'docs/operators/deployment/releases/2026-10-06-g7-native26-calibration-progress/native-pin94-readonly/pin-original-wrapper-109.closed.json',
-   'docs/operators/deployment/releases/2026-10-06-g7-native26-calibration-progress/native-pin94-readonly/pin-original-wrapper-109.stderr.log',
-   'docs/operators/deployment/releases/2026-10-06-g7-native26-calibration-progress/native-pin94-readonly/pin-original-wrapper-109.stdout.log',
    'docs/operators/deployment/releases/2026-10-06-g7-native26-calibration-progress/native-pin94-readonly/pre-web-source-109.closed.json',
-   'docs/operators/deployment/releases/2026-10-06-g7-native26-calibration-progress/native-pin94-readonly/pre-web-source-109.stderr.log',
-   'docs/operators/deployment/releases/2026-10-06-g7-native26-calibration-progress/native-pin94-readonly/pre-web-source-109.stdout.log',
    'docs/operators/deployment/releases/2026-10-06-g7-native26-calibration-progress/native-pin94-readonly/protected-fixtures-status.closed.json',
-   'docs/operators/deployment/releases/2026-10-06-g7-native26-calibration-progress/native-pin94-readonly/protected-fixtures-status.stderr.log',
-   'docs/operators/deployment/releases/2026-10-06-g7-native26-calibration-progress/native-pin94-readonly/protected-fixtures-status.stdout.log',
    'docs/operators/deployment/releases/2026-10-06-g7-native26-calibration-progress/native-pin94-readonly/run.mjs',
    'docs/operators/deployment/releases/2026-10-06-g7-native26-calibration-progress/native-pin94-readonly/source-at-web.closed.json',
-   'docs/operators/deployment/releases/2026-10-06-g7-native26-calibration-progress/native-pin94-readonly/source-at-web.stderr.log',
-   'docs/operators/deployment/releases/2026-10-06-g7-native26-calibration-progress/native-pin94-readonly/source-at-web.stdout.log',
    'docs/operators/deployment/releases/2026-10-06-g7-native26-calibration-progress/native-pin94-readonly/source-before-web.closed.json',
-   'docs/operators/deployment/releases/2026-10-06-g7-native26-calibration-progress/native-pin94-readonly/source-before-web.stderr.log',
-   'docs/operators/deployment/releases/2026-10-06-g7-native26-calibration-progress/native-pin94-readonly/source-before-web.stdout.log',
    'docs/operators/deployment/releases/2026-10-06-g7-native26-calibration-progress/native-pin94-readonly/source-log-step-109.closed.json',
-   'docs/operators/deployment/releases/2026-10-06-g7-native26-calibration-progress/native-pin94-readonly/source-log-step-109.stderr.log',
-   'docs/operators/deployment/releases/2026-10-06-g7-native26-calibration-progress/native-pin94-readonly/source-log-step-109.stdout.log',
    'docs/operators/deployment/releases/2026-10-06-g7-native26-calibration-progress/native-pin94-readonly/source-log-step-99.closed.json',
-   'docs/operators/deployment/releases/2026-10-06-g7-native26-calibration-progress/native-pin94-readonly/source-log-step-99.stderr.log',
-   'docs/operators/deployment/releases/2026-10-06-g7-native26-calibration-progress/native-pin94-readonly/source-log-step-99.stdout.log',
    'docs/operators/deployment/releases/2026-10-06-g7-native26-calibration-progress/native-pin94-readonly/source-log.closed.json',
-   'docs/operators/deployment/releases/2026-10-06-g7-native26-calibration-progress/native-pin94-readonly/source-log.stderr.log',
-   'docs/operators/deployment/releases/2026-10-06-g7-native26-calibration-progress/native-pin94-readonly/source-log.stdout.log',
    'docs/operators/deployment/releases/2026-10-06-g7-native26-calibration-progress/native-pin94-readonly/source-step-109.closed.json',
-   'docs/operators/deployment/releases/2026-10-06-g7-native26-calibration-progress/native-pin94-readonly/source-step-109.stderr.log',
-   'docs/operators/deployment/releases/2026-10-06-g7-native26-calibration-progress/native-pin94-readonly/source-step-109.stdout.log',
    'docs/operators/deployment/releases/2026-10-06-g7-native26-calibration-progress/native-pin94-readonly/source-step-99.closed.json',
-   'docs/operators/deployment/releases/2026-10-06-g7-native26-calibration-progress/native-pin94-readonly/source-step-99.stderr.log',
-   'docs/operators/deployment/releases/2026-10-06-g7-native26-calibration-progress/native-pin94-readonly/source-step-99.stdout.log',
    'docs/operators/deployment/releases/2026-10-06-g7-native26-calibration-progress/native-pin94-readonly/source-web-diff-step-109.closed.json',
-   'docs/operators/deployment/releases/2026-10-06-g7-native26-calibration-progress/native-pin94-readonly/source-web-diff-step-109.stderr.log',
-   'docs/operators/deployment/releases/2026-10-06-g7-native26-calibration-progress/native-pin94-readonly/source-web-diff-step-109.stdout.log',
    'docs/operators/deployment/releases/2026-10-06-g7-native26-calibration-progress/native-pin94-readonly/source-web-diff-step-99.closed.json',
-   'docs/operators/deployment/releases/2026-10-06-g7-native26-calibration-progress/native-pin94-readonly/source-web-diff-step-99.stderr.log',
-   'docs/operators/deployment/releases/2026-10-06-g7-native26-calibration-progress/native-pin94-readonly/source-web-diff-step-99.stdout.log',
    'docs/operators/deployment/releases/2026-10-06-g7-native26-calibration-progress/native-pin94-readonly/source-web-diff.closed.json',
-   'docs/operators/deployment/releases/2026-10-06-g7-native26-calibration-progress/native-pin94-readonly/source-web-diff.stderr.log',
-   'docs/operators/deployment/releases/2026-10-06-g7-native26-calibration-progress/native-pin94-readonly/source-web-diff.stdout.log',
    'docs/operators/deployment/releases/2026-10-06-g7-native26-calibration-progress/native-pin94-readonly/tail-pin-scan.closed.json',
    'docs/operators/deployment/releases/2026-10-06-g7-native26-calibration-progress/native-pin94-readonly/tail-pin-scan.json',
    'docs/operators/deployment/releases/2026-10-06-g7-native26-calibration-progress/native-pin94-readonly/tail-pin-scan.mjs',
-   'docs/operators/deployment/releases/2026-10-06-g7-native26-calibration-progress/native-pin94-readonly/tail-pin-scan.stderr.log',
-   'docs/operators/deployment/releases/2026-10-06-g7-native26-calibration-progress/native-pin94-readonly/tail-pin-scan.stdout.log',
    'docs/operators/deployment/releases/2026-10-06-g7-native26-calibration-progress/native-pin94-readonly/tail-source-history.closed.json',
    'docs/operators/deployment/releases/2026-10-06-g7-native26-calibration-progress/native-pin94-readonly/tail-source-history.json',
    'docs/operators/deployment/releases/2026-10-06-g7-native26-calibration-progress/native-pin94-readonly/tail-source-history.mjs',
-   'docs/operators/deployment/releases/2026-10-06-g7-native26-calibration-progress/native-pin94-readonly/tail-source-history.stderr.log',
-   'docs/operators/deployment/releases/2026-10-06-g7-native26-calibration-progress/native-pin94-readonly/tail-source-history.stdout.log',
    'docs/operators/deployment/releases/2026-10-06-g7-native26-calibration-progress/native-pin94-readonly/tail-step-100.closed.json',
-   'docs/operators/deployment/releases/2026-10-06-g7-native26-calibration-progress/native-pin94-readonly/tail-step-100.stderr.log',
-   'docs/operators/deployment/releases/2026-10-06-g7-native26-calibration-progress/native-pin94-readonly/tail-step-100.stdout.log',
    'docs/operators/deployment/releases/2026-10-06-g7-native26-calibration-progress/native-pin94-readonly/tail-step-101.closed.json',
-   'docs/operators/deployment/releases/2026-10-06-g7-native26-calibration-progress/native-pin94-readonly/tail-step-101.stderr.log',
-   'docs/operators/deployment/releases/2026-10-06-g7-native26-calibration-progress/native-pin94-readonly/tail-step-101.stdout.log',
    'docs/operators/deployment/releases/2026-10-06-g7-native26-calibration-progress/native-pin94-readonly/tail-step-102.closed.json',
-   'docs/operators/deployment/releases/2026-10-06-g7-native26-calibration-progress/native-pin94-readonly/tail-step-102.stderr.log',
-   'docs/operators/deployment/releases/2026-10-06-g7-native26-calibration-progress/native-pin94-readonly/tail-step-102.stdout.log',
    'docs/operators/deployment/releases/2026-10-06-g7-native26-calibration-progress/native-pin94-readonly/tail-step-103.closed.json',
-   'docs/operators/deployment/releases/2026-10-06-g7-native26-calibration-progress/native-pin94-readonly/tail-step-103.stderr.log',
-   'docs/operators/deployment/releases/2026-10-06-g7-native26-calibration-progress/native-pin94-readonly/tail-step-103.stdout.log',
    'docs/operators/deployment/releases/2026-10-06-g7-native26-calibration-progress/native-pin94-readonly/tail-step-104.closed.json',
-   'docs/operators/deployment/releases/2026-10-06-g7-native26-calibration-progress/native-pin94-readonly/tail-step-104.stderr.log',
-   'docs/operators/deployment/releases/2026-10-06-g7-native26-calibration-progress/native-pin94-readonly/tail-step-104.stdout.log',
    'docs/operators/deployment/releases/2026-10-06-g7-native26-calibration-progress/native-pin94-readonly/tail-step-105.closed.json',
-   'docs/operators/deployment/releases/2026-10-06-g7-native26-calibration-progress/native-pin94-readonly/tail-step-105.stderr.log',
-   'docs/operators/deployment/releases/2026-10-06-g7-native26-calibration-progress/native-pin94-readonly/tail-step-105.stdout.log',
    'docs/operators/deployment/releases/2026-10-06-g7-native26-calibration-progress/native-pin94-readonly/tail-step-106.closed.json',
-   'docs/operators/deployment/releases/2026-10-06-g7-native26-calibration-progress/native-pin94-readonly/tail-step-106.stderr.log',
-   'docs/operators/deployment/releases/2026-10-06-g7-native26-calibration-progress/native-pin94-readonly/tail-step-106.stdout.log',
    'docs/operators/deployment/releases/2026-10-06-g7-native26-calibration-progress/native-pin94-readonly/tail-step-107.closed.json',
-   'docs/operators/deployment/releases/2026-10-06-g7-native26-calibration-progress/native-pin94-readonly/tail-step-107.stderr.log',
-   'docs/operators/deployment/releases/2026-10-06-g7-native26-calibration-progress/native-pin94-readonly/tail-step-107.stdout.log',
    'docs/operators/deployment/releases/2026-10-06-g7-native26-calibration-progress/native-pin94-readonly/tail-step-108.closed.json',
-   'docs/operators/deployment/releases/2026-10-06-g7-native26-calibration-progress/native-pin94-readonly/tail-step-108.stderr.log',
-   'docs/operators/deployment/releases/2026-10-06-g7-native26-calibration-progress/native-pin94-readonly/tail-step-108.stdout.log',
    'docs/operators/deployment/releases/2026-10-06-g7-native26-calibration-progress/native-pin94-readonly/tail-step-109.closed.json',
-   'docs/operators/deployment/releases/2026-10-06-g7-native26-calibration-progress/native-pin94-readonly/tail-step-109.stderr.log',
-   'docs/operators/deployment/releases/2026-10-06-g7-native26-calibration-progress/native-pin94-readonly/tail-step-109.stdout.log',
    'docs/operators/deployment/releases/2026-10-06-g7-native26-calibration-progress/native-pin94-readonly/tail-step-110.closed.json',
-   'docs/operators/deployment/releases/2026-10-06-g7-native26-calibration-progress/native-pin94-readonly/tail-step-110.stderr.log',
-   'docs/operators/deployment/releases/2026-10-06-g7-native26-calibration-progress/native-pin94-readonly/tail-step-110.stdout.log',
    'docs/operators/deployment/releases/2026-10-06-g7-native26-calibration-progress/native-pin94-readonly/tail-step-111.closed.json',
-   'docs/operators/deployment/releases/2026-10-06-g7-native26-calibration-progress/native-pin94-readonly/tail-step-111.stderr.log',
-   'docs/operators/deployment/releases/2026-10-06-g7-native26-calibration-progress/native-pin94-readonly/tail-step-111.stdout.log',
    'docs/operators/deployment/releases/2026-10-06-g7-native26-calibration-progress/native-pin94-readonly/tail-step-112.closed.json',
-   'docs/operators/deployment/releases/2026-10-06-g7-native26-calibration-progress/native-pin94-readonly/tail-step-112.stderr.log',
-   'docs/operators/deployment/releases/2026-10-06-g7-native26-calibration-progress/native-pin94-readonly/tail-step-112.stdout.log',
    'docs/operators/deployment/releases/2026-10-06-g7-native26-calibration-progress/native-pin94-readonly/tail-step-113.closed.json',
-   'docs/operators/deployment/releases/2026-10-06-g7-native26-calibration-progress/native-pin94-readonly/tail-step-113.stderr.log',
-   'docs/operators/deployment/releases/2026-10-06-g7-native26-calibration-progress/native-pin94-readonly/tail-step-113.stdout.log',
    'docs/operators/deployment/releases/2026-10-06-g7-native26-calibration-progress/native-pin94-readonly/tail-step-95.closed.json',
-   'docs/operators/deployment/releases/2026-10-06-g7-native26-calibration-progress/native-pin94-readonly/tail-step-95.stderr.log',
-   'docs/operators/deployment/releases/2026-10-06-g7-native26-calibration-progress/native-pin94-readonly/tail-step-95.stdout.log',
    'docs/operators/deployment/releases/2026-10-06-g7-native26-calibration-progress/native-pin94-readonly/tail-step-96.closed.json',
-   'docs/operators/deployment/releases/2026-10-06-g7-native26-calibration-progress/native-pin94-readonly/tail-step-96.stderr.log',
-   'docs/operators/deployment/releases/2026-10-06-g7-native26-calibration-progress/native-pin94-readonly/tail-step-96.stdout.log',
    'docs/operators/deployment/releases/2026-10-06-g7-native26-calibration-progress/native-pin94-readonly/tail-step-97.closed.json',
-   'docs/operators/deployment/releases/2026-10-06-g7-native26-calibration-progress/native-pin94-readonly/tail-step-97.stderr.log',
-   'docs/operators/deployment/releases/2026-10-06-g7-native26-calibration-progress/native-pin94-readonly/tail-step-97.stdout.log',
    'docs/operators/deployment/releases/2026-10-06-g7-native26-calibration-progress/native-pin94-readonly/tail-step-98.closed.json',
-   'docs/operators/deployment/releases/2026-10-06-g7-native26-calibration-progress/native-pin94-readonly/tail-step-98.stderr.log',
-   'docs/operators/deployment/releases/2026-10-06-g7-native26-calibration-progress/native-pin94-readonly/tail-step-98.stdout.log',
    'docs/operators/deployment/releases/2026-10-06-g7-native26-calibration-progress/native-pin94-readonly/tail-step-99.closed.json',
-   'docs/operators/deployment/releases/2026-10-06-g7-native26-calibration-progress/native-pin94-readonly/tail-step-99.stderr.log',
-   'docs/operators/deployment/releases/2026-10-06-g7-native26-calibration-progress/native-pin94-readonly/tail-step-99.stdout.log',
    'docs/operators/deployment/releases/2026-10-06-g7-native26-calibration-progress/native-pin94-readonly/working-legacy-109.closed.json',
-   'docs/operators/deployment/releases/2026-10-06-g7-native26-calibration-progress/native-pin94-readonly/working-legacy-109.stderr.log',
-   'docs/operators/deployment/releases/2026-10-06-g7-native26-calibration-progress/native-pin94-readonly/working-legacy-109.stdout.log',
    'docs/operators/deployment/releases/2026-10-06-g7-native26-calibration-progress/native-pin94-readonly/working-legacy-94.closed.json',
-   'docs/operators/deployment/releases/2026-10-06-g7-native26-calibration-progress/native-pin94-readonly/working-legacy-94.stderr.log',
-   'docs/operators/deployment/releases/2026-10-06-g7-native26-calibration-progress/native-pin94-readonly/working-legacy-94.stdout.log',
    'docs/operators/deployment/releases/2026-10-06-g7-native26-calibration-progress/native-pin94-readonly/wrapper-at-web.closed.json',
-   'docs/operators/deployment/releases/2026-10-06-g7-native26-calibration-progress/native-pin94-readonly/wrapper-at-web.stderr.log',
-   'docs/operators/deployment/releases/2026-10-06-g7-native26-calibration-progress/native-pin94-readonly/wrapper-at-web.stdout.log',
    'docs/operators/deployment/releases/2026-10-06-g7-native26-calibration-progress/native-pin94-readonly/wrapper-log.closed.json',
-   'docs/operators/deployment/releases/2026-10-06-g7-native26-calibration-progress/native-pin94-readonly/wrapper-log.stderr.log',
-   'docs/operators/deployment/releases/2026-10-06-g7-native26-calibration-progress/native-pin94-readonly/wrapper-log.stdout.log',
    'docs/operators/deployment/releases/2026-10-06-g7-native26-calibration-progress/native-pin94-readonly/wrapper-web-diff.closed.json',
-   'docs/operators/deployment/releases/2026-10-06-g7-native26-calibration-progress/native-pin94-readonly/wrapper-web-diff.stderr.log',
-   'docs/operators/deployment/releases/2026-10-06-g7-native26-calibration-progress/native-pin94-readonly/wrapper-web-diff.stdout.log',
    'docs/operators/deployment/releases/2026-10-06-g7-native26-calibration-progress/native26-owner/26-applied-v2.json',
    'docs/operators/deployment/releases/2026-10-06-g7-native26-calibration-progress/native26-owner/26-diff-check.closed.json',
-   'docs/operators/deployment/releases/2026-10-06-g7-native26-calibration-progress/native26-owner/26-diff-check.stderr.log',
-   'docs/operators/deployment/releases/2026-10-06-g7-native26-calibration-progress/native26-owner/26-diff-check.stdout.log',
    'docs/operators/deployment/releases/2026-10-06-g7-native26-calibration-progress/native26-owner/26-final-patch.closed.json',
-   'docs/operators/deployment/releases/2026-10-06-g7-native26-calibration-progress/native26-owner/26-final-patch.stderr.log',
-   'docs/operators/deployment/releases/2026-10-06-g7-native26-calibration-progress/native26-owner/26-final-patch.stdout.log',
    'docs/operators/deployment/releases/2026-10-06-g7-native26-calibration-progress/native26-owner/26-planned-edits-v2.json',
    'docs/operators/deployment/releases/2026-10-06-g7-native26-calibration-progress/native26-owner/26-source-audit.json.gz',
    'docs/operators/deployment/releases/2026-10-06-g7-native26-calibration-progress/native26-owner/26-syntax-results.json',
    'docs/operators/deployment/releases/2026-10-06-g7-native26-calibration-progress/native26-owner/FINAL-native26-pg73-preparation.json.gz',
    'docs/operators/deployment/releases/2026-10-06-g7-native26-calibration-progress/native26-owner/audit-original26-git.closed.json',
-   'docs/operators/deployment/releases/2026-10-06-g7-native26-calibration-progress/native26-owner/audit-original26-git.stderr.log',
    'docs/operators/deployment/releases/2026-10-06-g7-native26-calibration-progress/native26-owner/audit-original26-git.stdout.log.gz',
    'docs/operators/deployment/releases/2026-10-06-g7-native26-calibration-progress/native26-owner/audit-protected302-git.closed.json',
-   'docs/operators/deployment/releases/2026-10-06-g7-native26-calibration-progress/native26-owner/audit-protected302-git.stderr.log',
    'docs/operators/deployment/releases/2026-10-06-g7-native26-calibration-progress/native26-owner/audit-protected302-git.stdout.log.gz',
    'docs/operators/deployment/releases/2026-10-06-g7-native26-calibration-progress/native26-owner/audit26.closed.json',
    'docs/operators/deployment/releases/2026-10-06-g7-native26-calibration-progress/native26-owner/audit26.mjs',
-   'docs/operators/deployment/releases/2026-10-06-g7-native26-calibration-progress/native26-owner/audit26.stderr.log',
-   'docs/operators/deployment/releases/2026-10-06-g7-native26-calibration-progress/native26-owner/audit26.stdout.log',
    'docs/operators/deployment/releases/2026-10-06-g7-native26-calibration-progress/native26-owner/evidence-lib.mjs',
    'docs/operators/deployment/releases/2026-10-06-g7-native26-calibration-progress/native26-owner/finalize26-v2.closed.json',
    'docs/operators/deployment/releases/2026-10-06-g7-native26-calibration-progress/native26-owner/finalize26-v2.mjs',
-   'docs/operators/deployment/releases/2026-10-06-g7-native26-calibration-progress/native26-owner/finalize26-v2.stderr.log',
-   'docs/operators/deployment/releases/2026-10-06-g7-native26-calibration-progress/native26-owner/finalize26-v2.stdout.log',
    'docs/operators/deployment/releases/2026-10-06-g7-native26-calibration-progress/native26-owner/finalize26.closed.json',
    'docs/operators/deployment/releases/2026-10-06-g7-native26-calibration-progress/native26-owner/finalize26.mjs',
-   'docs/operators/deployment/releases/2026-10-06-g7-native26-calibration-progress/native26-owner/finalize26.stderr.log',
-   'docs/operators/deployment/releases/2026-10-06-g7-native26-calibration-progress/native26-owner/finalize26.stdout.log',
    'docs/operators/deployment/releases/2026-10-06-g7-native26-calibration-progress/native26-owner/original26-git-v2.closed.json',
-   'docs/operators/deployment/releases/2026-10-06-g7-native26-calibration-progress/native26-owner/original26-git-v2.stderr.log',
    'docs/operators/deployment/releases/2026-10-06-g7-native26-calibration-progress/native26-owner/original26-git-v2.stdout.log.gz',
    'docs/operators/deployment/releases/2026-10-06-g7-native26-calibration-progress/native26-owner/original26-git.closed.json',
-   'docs/operators/deployment/releases/2026-10-06-g7-native26-calibration-progress/native26-owner/original26-git.stderr.log',
    'docs/operators/deployment/releases/2026-10-06-g7-native26-calibration-progress/native26-owner/original26-git.stdout.log.gz',
    'docs/operators/deployment/releases/2026-10-06-g7-native26-calibration-progress/native26-owner/postgres-buyer-split-grant-rerun-v348.native.test.mjs.before',
    'docs/operators/deployment/releases/2026-10-06-g7-native26-calibration-progress/native26-owner/postgres-buyer-split-grant-rerun-v348.native.test.mjs.before-v2',
    'docs/operators/deployment/releases/2026-10-06-g7-native26-calibration-progress/native26-owner/postgres-buyer-split-grant-rerun-v348.native.test.mjs.final-after',
    'docs/operators/deployment/releases/2026-10-06-g7-native26-calibration-progress/native26-owner/postgres-buyer-split-grant-rerun-v348.native.test.mjs.prepared-after-v2',
...
    'docs/operators/deployment/releases/2026-10-06-g7-native26-calibration-progress/native26-owner/preparation-head-v2.closed.json',
-   'docs/operators/deployment/releases/2026-10-06-g7-native26-calibration-progress/native26-owner/preparation-head-v2.stderr.log',
-   'docs/operators/deployment/releases/2026-10-06-g7-native26-calibration-progress/native26-owner/preparation-head-v2.stdout.log',
    'docs/operators/deployment/releases/2026-10-06-g7-native26-calibration-progress/native26-owner/preparation-head.closed.json',
-   'docs/operators/deployment/releases/2026-10-06-g7-native26-calibration-progress/native26-owner/preparation-head.stderr.log',
-   'docs/operators/deployment/releases/2026-10-06-g7-native26-calibration-progress/native26-owner/preparation-head.stdout.log',
    'docs/operators/deployment/releases/2026-10-06-g7-native26-calibration-progress/native26-owner/prepare-finalize-v2.closed.json',
    'docs/operators/deployment/releases/2026-10-06-g7-native26-calibration-progress/native26-owner/prepare-finalize-v2.mjs',
-   'docs/operators/deployment/releases/2026-10-06-g7-native26-calibration-progress/native26-owner/prepare-finalize-v2.stderr.log',
-   'docs/operators/deployment/releases/2026-10-06-g7-native26-calibration-progress/native26-owner/prepare-finalize-v2.stdout.log',
    'docs/operators/deployment/releases/2026-10-06-g7-native26-calibration-progress/native26-owner/prepare-repair-v2.closed.json',
    'docs/operators/deployment/releases/2026-10-06-g7-native26-calibration-progress/native26-owner/prepare-repair-v2.mjs',
-   'docs/operators/deployment/releases/2026-10-06-g7-native26-calibration-progress/native26-owner/prepare-repair-v2.stderr.log',
-   'docs/operators/deployment/releases/2026-10-06-g7-native26-calibration-progress/native26-owner/prepare-repair-v2.stdout.log',
    'docs/operators/deployment/releases/2026-10-06-g7-native26-calibration-progress/native26-owner/repair26-v2.closed.json',
    'docs/operators/deployment/releases/2026-10-06-g7-native26-calibration-progress/native26-owner/repair26-v2.mjs',
-   'docs/operators/deployment/releases/2026-10-06-g7-native26-calibration-progress/native26-owner/repair26-v2.stderr.log',
-   'docs/operators/deployment/releases/2026-10-06-g7-native26-calibration-progress/native26-owner/repair26-v2.stdout.log',
    'docs/operators/deployment/releases/2026-10-06-g7-native26-calibration-progress/native26-owner/repair26.closed.json',
    'docs/operators/deployment/releases/2026-10-06-g7-native26-calibration-progress/native26-owner/repair26.mjs',
-   'docs/operators/deployment/releases/2026-10-06-g7-native26-calibration-progress/native26-owner/repair26.stderr.log',
-   'docs/operators/deployment/releases/2026-10-06-g7-native26-calibration-progress/native26-owner/repair26.stdout.log',
    'docs/operators/deployment/releases/2026-10-06-g7-native26-calibration-progress/native26-owner/run-command.mjs',
    'docs/operators/deployment/releases/2026-10-06-g7-native26-calibration-progress/native26-owner/syntax-step-106.closed.json',
-   'docs/operators/deployment/releases/2026-10-06-g7-native26-calibration-progress/native26-owner/syntax-step-106.stderr.log',
-   'docs/operators/deployment/releases/2026-10-06-g7-native26-calibration-progress/native26-owner/syntax-step-106.stdout.log',
    'docs/operators/deployment/releases/2026-10-06-g7-native26-calibration-progress/native26-owner/syntax-step-60.closed.json',
-   'docs/operators/deployment/releases/2026-10-06-g7-native26-calibration-progress/native26-owner/syntax-step-60.stderr.log',
-   'docs/operators/deployment/releases/2026-10-06-g7-native26-calibration-progress/native26-owner/syntax-step-60.stdout.log',
    'docs/operators/deployment/releases/2026-10-06-g7-native26-calibration-progress/native26-owner/syntax-step-61.closed.json',
-   'docs/operators/deployment/releases/2026-10-06-g7-native26-calibration-progress/native26-owner/syntax-step-61.stderr.log',
-   'docs/operators/deployment/releases/2026-10-06-g7-native26-calibration-progress/native26-owner/syntax-step-61.stdout.log',
    'docs/operators/deployment/releases/2026-10-06-g7-native26-calibration-progress/native26-owner/syntax-step-66.closed.json',
-   'docs/operators/deployment/releases/2026-10-06-g7-native26-calibration-progress/native26-owner/syntax-step-66.stderr.log',
-   'docs/operators/deployment/releases/2026-10-06-g7-native26-calibration-progress/native26-owner/syntax-step-66.stdout.log',
    'docs/operators/deployment/releases/2026-10-06-g7-native26-calibration-progress/native26-owner/syntax-step-69.closed.json',
-   'docs/operators/deployment/releases/2026-10-06-g7-native26-calibration-progress/native26-owner/syntax-step-69.stderr.log',
-   'docs/operators/deployment/releases/2026-10-06-g7-native26-calibration-progress/native26-owner/syntax-step-69.stdout.log',
    'docs/operators/deployment/releases/2026-10-06-g7-native26-calibration-progress/native26-owner/syntax-step-71.closed.json',
-   'docs/operators/deployment/releases/2026-10-06-g7-native26-calibration-progress/native26-owner/syntax-step-71.stderr.log',
-   'docs/operators/deployment/releases/2026-10-06-g7-native26-calibration-progress/native26-owner/syntax-step-71.stdout.log',
    'docs/operators/deployment/releases/2026-10-06-g7-native26-calibration-progress/native26-owner/syntax-step-72.closed.json',
-   'docs/operators/deployment/releases/2026-10-06-g7-native26-calibration-progress/native26-owner/syntax-step-72.stderr.log',
-   'docs/operators/deployment/releases/2026-10-06-g7-native26-calibration-progress/native26-owner/syntax-step-72.stdout.log',
    'docs/operators/deployment/releases/2026-10-06-g7-native26-calibration-progress/native26-owner/syntax-step-73.closed.json',
-   'docs/operators/deployment/releases/2026-10-06-g7-native26-calibration-progress/native26-owner/syntax-step-73.stderr.log',
-   'docs/operators/deployment/releases/2026-10-06-g7-native26-calibration-progress/native26-owner/syntax-step-73.stdout.log',
    'docs/operators/deployment/releases/2026-10-06-g7-native26-calibration-progress/native26-owner/syntax-step-74.closed.json',
-   'docs/operators/deployment/releases/2026-10-06-g7-native26-calibration-progress/native26-owner/syntax-step-74.stderr.log',
-   'docs/operators/deployment/releases/2026-10-06-g7-native26-calibration-progress/native26-owner/syntax-step-74.stdout.log',
    'docs/operators/deployment/releases/2026-10-06-g7-native26-calibration-progress/native26-owner/syntax-step-75.closed.json',
-   'docs/operators/deployment/releases/2026-10-06-g7-native26-calibration-progress/native26-owner/syntax-step-75.stderr.log',
-   'docs/operators/deployment/releases/2026-10-06-g7-native26-calibration-progress/native26-owner/syntax-step-75.stdout.log',
    'docs/operators/deployment/releases/2026-10-06-g7-native26-calibration-progress/native26-owner/syntax-step-76.closed.json',
-   'docs/operators/deployment/releases/2026-10-06-g7-native26-calibration-progress/native26-owner/syntax-step-76.stderr.log',
-   'docs/operators/deployment/releases/2026-10-06-g7-native26-calibration-progress/native26-owner/syntax-step-76.stdout.log',
    'docs/operators/deployment/releases/2026-10-06-g7-native26-calibration-progress/native26-owner/syntax-step-77.closed.json',
-   'docs/operators/deployment/releases/2026-10-06-g7-native26-calibration-progress/native26-owner/syntax-step-77.stderr.log',
-   'docs/operators/deployment/releases/2026-10-06-g7-native26-calibration-progress/native26-owner/syntax-step-77.stdout.log',
    'docs/operators/deployment/releases/2026-10-06-g7-native26-calibration-progress/native26-owner/syntax-step-78.closed.json',
-   'docs/operators/deployment/releases/2026-10-06-g7-native26-calibration-progress/native26-owner/syntax-step-78.stderr.log',
-   'docs/operators/deployment/releases/2026-10-06-g7-native26-calibration-progress/native26-owner/syntax-step-78.stdout.log',
    'docs/operators/deployment/releases/2026-10-06-g7-native26-calibration-progress/native26-owner/syntax-step-80.closed.json',
-   'docs/operators/deployment/releases/2026-10-06-g7-native26-calibration-progress/native26-owner/syntax-step-80.stderr.log',
-   'docs/operators/deployment/releases/2026-10-06-g7-native26-calibration-progress/native26-owner/syntax-step-80.stdout.log',
    'docs/operators/deployment/releases/2026-10-06-g7-native26-calibration-progress/native26-owner/syntax-step-81.closed.json',
-   'docs/operators/deployment/releases/2026-10-06-g7-native26-calibration-progress/native26-owner/syntax-step-81.stderr.log',
-   'docs/operators/deployment/releases/2026-10-06-g7-native26-calibration-progress/native26-owner/syntax-step-81.stdout.log',
    'docs/operators/deployment/releases/2026-10-06-g7-native26-calibration-progress/native26-owner/syntax-step-82.closed.json',
-   'docs/operators/deployment/releases/2026-10-06-g7-native26-calibration-progress/native26-owner/syntax-step-82.stderr.log',
-   'docs/operators/deployment/releases/2026-10-06-g7-native26-calibration-progress/native26-owner/syntax-step-82.stdout.log',
    'docs/operators/deployment/releases/2026-10-06-g7-native26-calibration-progress/native26-owner/syntax-step-83.closed.json',
-   'docs/operators/deployment/releases/2026-10-06-g7-native26-calibration-progress/native26-owner/syntax-step-83.stderr.log',
-   'docs/operators/deployment/releases/2026-10-06-g7-native26-calibration-progress/native26-owner/syntax-step-83.stdout.log',
    'docs/operators/deployment/releases/2026-10-06-g7-native26-calibration-progress/native26-owner/syntax-step-84.closed.json',
-   'docs/operators/deployment/releases/2026-10-06-g7-native26-calibration-progress/native26-owner/syntax-step-84.stderr.log',
-   'docs/operators/deployment/releases/2026-10-06-g7-native26-calibration-progress/native26-owner/syntax-step-84.stdout.log',
    'docs/operators/deployment/releases/2026-10-06-g7-native26-calibration-progress/native26-owner/syntax-step-85.closed.json',
-   'docs/operators/deployment/releases/2026-10-06-g7-native26-calibration-progress/native26-owner/syntax-step-85.stderr.log',
-   'docs/operators/deployment/releases/2026-10-06-g7-native26-calibration-progress/native26-owner/syntax-step-85.stdout.log',
    'docs/operators/deployment/releases/2026-10-06-g7-native26-calibration-progress/native26-owner/syntax-step-86.closed.json',
-   'docs/operators/deployment/releases/2026-10-06-g7-native26-calibration-progress/native26-owner/syntax-step-86.stderr.log',
-   'docs/operators/deployment/releases/2026-10-06-g7-native26-calibration-progress/native26-owner/syntax-step-86.stdout.log',
    'docs/operators/deployment/releases/2026-10-06-g7-native26-calibration-progress/native26-owner/syntax-step-88.closed.json',
-   'docs/operators/deployment/releases/2026-10-06-g7-native26-calibration-progress/native26-owner/syntax-step-88.stderr.log',
-   'docs/operators/deployment/releases/2026-10-06-g7-native26-calibration-progress/native26-owner/syntax-step-88.stdout.log',
    'docs/operators/deployment/releases/2026-10-06-g7-native26-calibration-progress/native26-owner/syntax-step-95.closed.json',
-   'docs/operators/deployment/releases/2026-10-06-g7-native26-calibration-progress/native26-owner/syntax-step-95.stderr.log',
-   'docs/operators/deployment/releases/2026-10-06-g7-native26-calibration-progress/native26-owner/syntax-step-95.stdout.log',
    'docs/operators/deployment/releases/2026-10-06-g7-native26-calibration-progress/native26-owner/syntax-step-96.closed.json',
-   'docs/operators/deployment/releases/2026-10-06-g7-native26-calibration-progress/native26-owner/syntax-step-96.stderr.log',
-   'docs/operators/deployment/releases/2026-10-06-g7-native26-calibration-progress/native26-owner/syntax-step-96.stdout.log',
    'docs/operators/deployment/releases/2026-10-06-g7-native26-calibration-progress/native26-owner/syntax-step-97.closed.json',
-   'docs/operators/deployment/releases/2026-10-06-g7-native26-calibration-progress/native26-owner/syntax-step-97.stderr.log',
-   'docs/operators/deployment/releases/2026-10-06-g7-native26-calibration-progress/native26-owner/syntax-step-97.stdout.log',
    'docs/operators/deployment/releases/2026-10-06-g7-native26-calibration-progress/native26-owner/syntax-step-98.closed.json',
-   'docs/operators/deployment/releases/2026-10-06-g7-native26-calibration-progress/native26-owner/syntax-step-98.stderr.log',
-   'docs/operators/deployment/releases/2026-10-06-g7-native26-calibration-progress/native26-owner/syntax-step-98.stdout.log',
    'docs/operators/deployment/releases/2026-10-06-g7-native26-calibration-progress/native26-owner/syntax-step-99.closed.json',
-   'docs/operators/deployment/releases/2026-10-06-g7-native26-calibration-progress/native26-owner/syntax-step-99.stderr.log',
-   'docs/operators/deployment/releases/2026-10-06-g7-native26-calibration-progress/native26-owner/syntax-step-99.stdout.log',
    'docs/operators/deployment/releases/2026-10-06-g7-native26-calibration-progress/native26-owner/verify-static26.closed.json',
    'docs/operators/deployment/releases/2026-10-06-g7-native26-calibration-progress/native26-owner/verify-static26.mjs',
-   'docs/operators/deployment/releases/2026-10-06-g7-native26-calibration-progress/native26-owner/verify-static26.stderr.log',
-   'docs/operators/deployment/releases/2026-10-06-g7-native26-calibration-progress/native26-owner/verify-static26.stdout.log',
    'docs/operators/deployment/releases/2026-10-06-g7-native26-calibration-progress/native26-peer/FINAL-native26-independent-peer-seal.json',
    'docs/operators/deployment/releases/2026-10-06-g7-native26-calibration-progress/native26-peer/FINAL-native26-independent-peer.json.gz',
    'docs/operators/deployment/releases/2026-10-06-g7-native26-calibration-progress/native26-peer/base-328-inputs-v3.closed.json',
-   'docs/operators/deployment/releases/2026-10-06-g7-native26-calibration-progress/native26-peer/base-328-inputs-v3.stderr.log',
    'docs/operators/deployment/releases/2026-10-06-g7-native26-calibration-progress/native26-peer/base-328-inputs-v3.stdout.log.gz',
    'docs/operators/deployment/releases/2026-10-06-g7-native26-calibration-progress/native26-peer/base-328-inputs-v4.closed.json',
-   'docs/operators/deployment/releases/2026-10-06-g7-native26-calibration-progress/native26-peer/base-328-inputs-v4.stderr.log',
    'docs/operators/deployment/releases/2026-10-06-g7-native26-calibration-progress/native26-peer/base-328-inputs-v4.stdout.log.gz',
    'docs/operators/deployment/releases/2026-10-06-g7-native26-calibration-progress/native26-peer/base-328-inputs-v5.closed.json',
-   'docs/operators/deployment/releases/2026-10-06-g7-native26-calibration-progress/native26-peer/base-328-inputs-v5.stderr.log',
    'docs/operators/deployment/releases/2026-10-06-g7-native26-calibration-progress/native26-peer/base-328-inputs-v5.stdout.log.gz',
    'docs/operators/deployment/releases/2026-10-06-g7-native26-calibration-progress/native26-peer/base-328-inputs.closed.json',
-   'docs/operators/deployment/releases/2026-10-06-g7-native26-calibration-progress/native26-peer/base-328-inputs.stderr.log',
    'docs/operators/deployment/releases/2026-10-06-g7-native26-calibration-progress/native26-peer/base-328-inputs.stdout.log.gz',
    'docs/operators/deployment/releases/2026-10-06-g7-native26-calibration-progress/native26-peer/final-head-v5.closed.json',
-   'docs/operators/deployment/releases/2026-10-06-g7-native26-calibration-progress/native26-peer/final-head-v5.stderr.log',
-   'docs/operators/deployment/releases/2026-10-06-g7-native26-calibration-progress/native26-peer/final-head-v5.stdout.log',
    'docs/operators/deployment/releases/2026-10-06-g7-native26-calibration-progress/native26-peer/initial-head-v3.closed.json',
-   'docs/operators/deployment/releases/2026-10-06-g7-native26-calibration-progress/native26-peer/initial-head-v3.stderr.log',
-   'docs/operators/deployment/releases/2026-10-06-g7-native26-calibration-progress/native26-peer/initial-head-v3.stdout.log',
    'docs/operators/deployment/releases/2026-10-06-g7-native26-calibration-progress/native26-peer/initial-head-v4.closed.json',
-   'docs/operators/deployment/releases/2026-10-06-g7-native26-calibration-progress/native26-peer/initial-head-v4.stderr.log',
-   'docs/operators/deployment/releases/2026-10-06-g7-native26-calibration-progress/native26-peer/initial-head-v4.stdout.log',
    'docs/operators/deployment/releases/2026-10-06-g7-native26-calibration-progress/native26-peer/initial-head-v5.closed.json',
-   'docs/operators/deployment/releases/2026-10-06-g7-native26-calibration-progress/native26-peer/initial-head-v5.stderr.log',
-   'docs/operators/deployment/releases/2026-10-06-g7-native26-calibration-progress/native26-peer/initial-head-v5.stdout.log',
    'docs/operators/deployment/releases/2026-10-06-g7-native26-calibration-progress/native26-peer/initial-head.closed.json',
-   'docs/operators/deployment/releases/2026-10-06-g7-native26-calibration-progress/native26-peer/initial-head.stderr.log',
-   'docs/operators/deployment/releases/2026-10-06-g7-native26-calibration-progress/native26-peer/initial-head.stdout.log',
    'docs/operators/deployment/releases/2026-10-06-g7-native26-calibration-progress/native26-peer/inspect-native26-v2.closed.json',
    'docs/operators/deployment/releases/2026-10-06-g7-native26-calibration-progress/native26-peer/inspect-native26-v2.mjs',
-   'docs/operators/deployment/releases/2026-10-06-g7-native26-calibration-progress/native26-peer/inspect-native26-v2.stderr.log',
-   'docs/operators/deployment/releases/2026-10-06-g7-native26-calibration-progress/native26-peer/inspect-native26-v2.stdout.log',
    'docs/operators/deployment/releases/2026-10-06-g7-native26-calibration-progress/native26-peer/inspect-native26.closed.json',
    'docs/operators/deployment/releases/2026-10-06-g7-native26-calibration-progress/native26-peer/inspect-native26.mjs',
-   'docs/operators/deployment/releases/2026-10-06-g7-native26-calibration-progress/native26-peer/inspect-native26.stderr.log',
-   'docs/operators/deployment/releases/2026-10-06-g7-native26-calibration-progress/native26-peer/inspect-native26.stdout.log',
    'docs/operators/deployment/releases/2026-10-06-g7-native26-calibration-progress/native26-peer/review-native26-v2.closed.json',
    'docs/operators/deployment/releases/2026-10-06-g7-native26-calibration-progress/native26-peer/review-native26-v2.mjs',
-   'docs/operators/deployment/releases/2026-10-06-g7-native26-calibration-progress/native26-peer/review-native26-v2.stderr.log',
-   'docs/operators/deployment/releases/2026-10-06-g7-native26-calibration-progress/native26-peer/review-native26-v2.stdout.log',
    'docs/operators/deployment/releases/2026-10-06-g7-native26-calibration-progress/native26-peer/review-native26-v3.closed.json',
    'docs/operators/deployment/releases/2026-10-06-g7-native26-calibration-progress/native26-peer/review-native26-v3.mjs',
-   'docs/operators/deployment/releases/2026-10-06-g7-native26-calibration-progress/native26-peer/review-native26-v3.stderr.log',
-   'docs/operators/deployment/releases/2026-10-06-g7-native26-calibration-progress/native26-peer/review-native26-v3.stdout.log',
    'docs/operators/deployment/releases/2026-10-06-g7-native26-calibration-progress/native26-peer/review-native26-v4.closed.json',
    'docs/operators/deployment/releases/2026-10-06-g7-native26-calibration-progress/native26-peer/review-native26-v4.mjs',
-   'docs/operators/deployment/releases/2026-10-06-g7-native26-calibration-progress/native26-peer/review-native26-v4.stderr.log',
-   'docs/operators/deployment/releases/2026-10-06-g7-native26-calibration-progress/native26-peer/review-native26-v4.stdout.log',
    'docs/operators/deployment/releases/2026-10-06-g7-native26-calibration-progress/native26-peer/review-native26-v5.closed.json',
    'docs/operators/deployment/releases/2026-10-06-g7-native26-calibration-progress/native26-peer/review-native26-v5.mjs',
-   'docs/operators/deployment/releases/2026-10-06-g7-native26-calibration-progress/native26-peer/review-native26-v5.stderr.log',
-   'docs/operators/deployment/releases/2026-10-06-g7-native26-calibration-progress/native26-peer/review-native26-v5.stdout.log',
    'docs/operators/deployment/releases/2026-10-06-g7-native26-calibration-progress/native26-peer/review-native26.closed.json',
    'docs/operators/deployment/releases/2026-10-06-g7-native26-calibration-progress/native26-peer/review-native26.mjs',
-   'docs/operators/deployment/releases/2026-10-06-g7-native26-calibration-progress/native26-peer/review-native26.stderr.log',
-   'docs/operators/deployment/releases/2026-10-06-g7-native26-calibration-progress/native26-peer/review-native26.stdout.log',
    'docs/operators/deployment/releases/2026-10-06-g7-native26-calibration-progress/native26-peer/run-closed.mjs',
    'docs/operators/deployment/releases/2026-10-06-g7-native26-calibration-progress/native26-peer/seal-native26-peer.closed.json',
    'docs/operators/deployment/releases/2026-10-06-g7-native26-calibration-progress/native26-peer/seal-native26-peer.mjs',
-   'docs/operators/deployment/releases/2026-10-06-g7-native26-calibration-progress/native26-peer/seal-native26-peer.stderr.log',
-   'docs/operators/deployment/releases/2026-10-06-g7-native26-calibration-progress/native26-peer/seal-native26-peer.stdout.log',
    'docs/operators/deployment/releases/2026-10-06-g7-native26-calibration-progress/native26-slice-binding-peer/FINAL-native26-derived-slice-binding-peer-review.json',
    'docs/operators/deployment/releases/2026-10-06-g7-native26-calibration-progress/native26-slice-binding-peer/reviewed-source/audit-terminal-v2.mjs',
    'docs/operators/deployment/releases/2026-10-06-g7-native26-calibration-progress/native26-terminal-peer/FINAL-native26-ci-independent-peer-seal.json.gz',
    'docs/operators/deployment/releases/2026-10-06-g7-native26-calibration-progress/native26-terminal-peer/FINAL-native26-ci-independent-peer.json.gz',
    'docs/operators/deployment/releases/2026-10-06-g7-native26-calibration-progress/native26-terminal-peer/audit-terminal-v2.closed.json',
    'docs/operators/deployment/releases/2026-10-06-g7-native26-calibration-progress/native26-terminal-peer/audit-terminal-v2.mjs',
-   'docs/operators/deployment/releases/2026-10-06-g7-native26-calibration-progress/native26-terminal-peer/audit-terminal-v2.stderr.log',
-   'docs/operators/deployment/releases/2026-10-06-g7-native26-calibration-progress/native26-terminal-peer/audit-terminal-v2.stdout.log',
    'docs/operators/deployment/releases/2026-10-06-g7-native26-calibration-progress/native26-terminal-peer/audit-terminal.mjs',
    'docs/operators/deployment/releases/2026-10-06-g7-native26-calibration-progress/native26-terminal-peer/diagnose-step94-historical-base-blob.closed.json',
-   'docs/operators/deployment/releases/2026-10-06-g7-native26-calibration-progress/native26-terminal-peer/diagnose-step94-historical-base-blob.stderr.log',
-   'docs/operators/deployment/releases/2026-10-06-g7-native26-calibration-progress/native26-terminal-peer/diagnose-step94-historical-base-blob.stdout.log',
    'docs/operators/deployment/releases/2026-10-06-g7-native26-calibration-progress/native26-terminal-peer/diagnose-step94-historical-base.closed.json',
-   'docs/operators/deployment/releases/2026-10-06-g7-native26-calibration-progress/native26-terminal-peer/diagnose-step94-historical-base.stderr.log',
-   'docs/operators/deployment/releases/2026-10-06-g7-native26-calibration-progress/native26-terminal-peer/diagnose-step94-historical-base.stdout.log',
    'docs/operators/deployment/releases/2026-10-06-g7-native26-calibration-progress/native26-terminal-peer/diagnose-step94-historical-head-blob.closed.json',
-   'docs/operators/deployment/releases/2026-10-06-g7-native26-calibration-progress/native26-terminal-peer/diagnose-step94-historical-head-blob.stderr.log',
-   'docs/operators/deployment/releases/2026-10-06-g7-native26-calibration-progress/native26-terminal-peer/diagnose-step94-historical-head-blob.stdout.log',
    'docs/operators/deployment/releases/2026-10-06-g7-native26-calibration-progress/native26-terminal-peer/diagnose-step94-historical-head.closed.json',
-   'docs/operators/deployment/releases/2026-10-06-g7-native26-calibration-progress/native26-terminal-peer/diagnose-step94-historical-head.stderr.log',
-   'docs/operators/deployment/releases/2026-10-06-g7-native26-calibration-progress/native26-terminal-peer/diagnose-step94-historical-head.stdout.log',
    'docs/operators/deployment/releases/2026-10-06-g7-native26-calibration-progress/native26-terminal-peer/diagnose-step94.closed.json',
    'docs/operators/deployment/releases/2026-10-06-g7-native26-calibration-progress/native26-terminal-peer/diagnose-step94.mjs',
-   'docs/operators/deployment/releases/2026-10-06-g7-native26-calibration-progress/native26-terminal-peer/diagnose-step94.stderr.log',
-   'docs/operators/deployment/releases/2026-10-06-g7-native26-calibration-progress/native26-terminal-peer/diagnose-step94.stdout.log',
    'docs/operators/deployment/releases/2026-10-06-g7-native26-calibration-progress/native26-terminal-peer/dispatch-failed-terminal-final.closed.json',
-   'docs/operators/deployment/releases/2026-10-06-g7-native26-calibration-progress/native26-terminal-peer/dispatch-failed-terminal-final.stderr.log',
-   'docs/operators/deployment/releases/2026-10-06-g7-native26-calibration-progress/native26-terminal-peer/dispatch-failed-terminal-final.stdout.log',
    'docs/operators/deployment/releases/2026-10-06-g7-native26-calibration-progress/native26-terminal-peer/dispatch-failed-terminal.closed.json',
-   'docs/operators/deployment/releases/2026-10-06-g7-native26-calibration-progress/native26-terminal-peer/dispatch-failed-terminal.stderr.log',
-   'docs/operators/deployment/releases/2026-10-06-g7-native26-calibration-progress/native26-terminal-peer/dispatch-failed-terminal.stdout.log',
-   'docs/operators/deployment/releases/2026-10-06-g7-native26-calibration-progress/native26-terminal-peer/group-step-55.raw.log',
-   'docs/operators/deployment/releases/2026-10-06-g7-native26-calibration-progress/native26-terminal-peer/group-step-56.raw.log',
-   'docs/operators/deployment/releases/2026-10-06-g7-native26-calibration-progress/native26-terminal-peer/group-step-57.raw.log',
-   'docs/operators/deployment/releases/2026-10-06-g7-native26-calibration-progress/native26-terminal-peer/group-step-58.raw.log',
-   'docs/operators/deployment/releases/2026-10-06-g7-native26-calibration-progress/native26-terminal-peer/group-step-59.raw.log',
-   'docs/operators/deployment/releases/2026-10-06-g7-native26-calibration-progress/native26-terminal-peer/group-step-60.raw.log',
-   'docs/operators/deployment/releases/2026-10-06-g7-native26-calibration-progress/native26-terminal-peer/group-step-61.raw.log',
-   'docs/operators/deployment/releases/2026-10-06-g7-native26-calibration-progress/native26-terminal-peer/group-step-62.raw.log',
-   'docs/operators/deployment/releases/2026-10-06-g7-native26-calibration-progress/native26-terminal-peer/group-step-63.raw.log',
-   'docs/operators/deployment/releases/2026-10-06-g7-native26-calibration-progress/native26-terminal-peer/group-step-64.raw.log',
-   'docs/operators/deployment/releases/2026-10-06-g7-native26-calibration-progress/native26-terminal-peer/group-step-65.raw.log',
-   'docs/operators/deployment/releases/2026-10-06-g7-native26-calibration-progress/native26-terminal-peer/group-step-66.raw.log',
-   'docs/operators/deployment/releases/2026-10-06-g7-native26-calibration-progress/native26-terminal-peer/group-step-67.raw.log',
-   'docs/operators/deployment/releases/2026-10-06-g7-native26-calibration-progress/native26-terminal-peer/group-step-68.raw.log',
-   'docs/operators/deployment/releases/2026-10-06-g7-native26-calibration-progress/native26-terminal-peer/group-step-69.raw.log',
-   'docs/operators/deployment/releases/2026-10-06-g7-native26-calibration-progress/native26-terminal-peer/group-step-70.raw.log',
-   'docs/operators/deployment/releases/2026-10-06-g7-native26-calibration-progress/native26-terminal-peer/group-step-71.raw.log',
-   'docs/operators/deployment/releases/2026-10-06-g7-native26-calibration-progress/native26-terminal-peer/group-step-72.raw.log',
-   'docs/operators/deployment/releases/2026-10-06-g7-native26-calibration-progress/native26-terminal-peer/group-step-73.raw.log',
-   'docs/operators/deployment/releases/2026-10-06-g7-native26-calibration-progress/native26-terminal-peer/group-step-74.raw.log',
-   'docs/operators/deployment/releases/2026-10-06-g7-native26-calibration-progress/native26-terminal-peer/group-step-75.raw.log',
-   'docs/operators/deployment/releases/2026-10-06-g7-native26-calibration-progress/native26-terminal-peer/group-step-76.raw.log',
-   'docs/operators/deployment/releases/2026-10-06-g7-native26-calibration-progress/native26-terminal-peer/group-step-77.raw.log',
-   'docs/operators/deployment/releases/2026-10-06-g7-native26-calibration-progress/native26-terminal-peer/group-step-78.raw.log',
-   'docs/operators/deployment/releases/2026-10-06-g7-native26-calibration-progress/native26-terminal-peer/group-step-79.raw.log',
-   'docs/operators/deployment/releases/2026-10-06-g7-native26-calibration-progress/native26-terminal-peer/group-step-80.raw.log',
-   'docs/operators/deployment/releases/2026-10-06-g7-native26-calibration-progress/native26-terminal-peer/group-step-81.raw.log',
-   'docs/operators/deployment/releases/2026-10-06-g7-native26-calibration-progress/native26-terminal-peer/group-step-82.raw.log',
-   'docs/operators/deployment/releases/2026-10-06-g7-native26-calibration-progress/native26-terminal-peer/group-step-83.raw.log',
-   'docs/operators/deployment/releases/2026-10-06-g7-native26-calibration-progress/native26-terminal-peer/group-step-84.raw.log',
-   'docs/operators/deployment/releases/2026-10-06-g7-native26-calibration-progress/native26-terminal-peer/group-step-85.raw.log',
-   'docs/operators/deployment/releases/2026-10-06-g7-native26-calibration-progress/native26-terminal-peer/group-step-86.raw.log',
-   'docs/operators/deployment/releases/2026-10-06-g7-native26-calibration-progress/native26-terminal-peer/group-step-87.raw.log',
-   'docs/operators/deployment/releases/2026-10-06-g7-native26-calibration-progress/native26-terminal-peer/group-step-88.raw.log',
-   'docs/operators/deployment/releases/2026-10-06-g7-native26-calibration-progress/native26-terminal-peer/group-step-89.raw.log',
-   'docs/operators/deployment/releases/2026-10-06-g7-native26-calibration-progress/native26-terminal-peer/group-step-90.raw.log',
-   'docs/operators/deployment/releases/2026-10-06-g7-native26-calibration-progress/native26-terminal-peer/group-step-91.raw.log',
-   'docs/operators/deployment/releases/2026-10-06-g7-native26-calibration-progress/native26-terminal-peer/group-step-92.raw.log',
-   'docs/operators/deployment/releases/2026-10-06-g7-native26-calibration-progress/native26-terminal-peer/group-step-93.raw.log',
-   'docs/operators/deployment/releases/2026-10-06-g7-native26-calibration-progress/native26-terminal-peer/group-step-94.raw.log',
    'docs/operators/deployment/releases/2026-10-06-g7-native26-calibration-progress/native26-terminal-peer/inspect-step83-tool-failed.json',
    'docs/operators/deployment/releases/2026-10-06-g7-native26-calibration-progress/native26-terminal-peer/inspect-step83.closed.json',
    'docs/operators/deployment/releases/2026-10-06-g7-native26-calibration-progress/native26-terminal-peer/inspect-step83.mjs',
-   'docs/operators/deployment/releases/2026-10-06-g7-native26-calibration-progress/native26-terminal-peer/inspect-step83.stderr.log',
-   'docs/operators/deployment/releases/2026-10-06-g7-native26-calibration-progress/native26-terminal-peer/inspect-step83.stdout.log',
    'docs/operators/deployment/releases/2026-10-06-g7-native26-calibration-progress/native26-terminal-peer/native-terminal.closed.json',
-   'docs/operators/deployment/releases/2026-10-06-g7-native26-calibration-progress/native26-terminal-peer/native-terminal.stderr.log',
    'docs/operators/deployment/releases/2026-10-06-g7-native26-calibration-progress/native26-terminal-peer/native-terminal.stdout.log.gz',
    'docs/operators/deployment/releases/2026-10-06-g7-native26-calibration-progress/native26-terminal-peer/next-failure-step94-diagnosis.json',
    'docs/operators/deployment/releases/2026-10-06-g7-native26-calibration-progress/native26-terminal-peer/prepare-source-inputs-v2.closed.json',
    'docs/operators/deployment/releases/2026-10-06-g7-native26-calibration-progress/native26-terminal-peer/prepare-source-inputs-v2.mjs',
-   'docs/operators/deployment/releases/2026-10-06-g7-native26-calibration-progress/native26-terminal-peer/prepare-source-inputs-v2.stderr.log',
-   'docs/operators/deployment/releases/2026-10-06-g7-native26-calibration-progress/native26-terminal-peer/prepare-source-inputs-v2.stdout.log',
    'docs/operators/deployment/releases/2026-10-06-g7-native26-calibration-progress/native26-terminal-peer/prepare-source-inputs-v3.closed.json',
    'docs/operators/deployment/releases/2026-10-06-g7-native26-calibration-progress/native26-terminal-peer/prepare-source-inputs-v3.mjs',
-   'docs/operators/deployment/releases/2026-10-06-g7-native26-calibration-progress/native26-terminal-peer/prepare-source-inputs-v3.stderr.log',
-   'docs/operators/deployment/releases/2026-10-06-g7-native26-calibration-progress/native26-terminal-peer/prepare-source-inputs-v3.stdout.log',
    'docs/operators/deployment/releases/2026-10-06-g7-native26-calibration-progress/native26-terminal-peer/prepare-source-inputs.closed.json',
    'docs/operators/deployment/releases/2026-10-06-g7-native26-calibration-progress/native26-terminal-peer/prepare-source-inputs.mjs',
-   'docs/operators/deployment/releases/2026-10-06-g7-native26-calibration-progress/native26-terminal-peer/prepare-source-inputs.stderr.log',
-   'docs/operators/deployment/releases/2026-10-06-g7-native26-calibration-progress/native26-terminal-peer/prepare-source-inputs.stdout.log',
    'docs/operators/deployment/releases/2026-10-06-g7-native26-calibration-progress/native26-terminal-peer/proxy-progress-1.closed.json',
-   'docs/operators/deployment/releases/2026-10-06-g7-native26-calibration-progress/native26-terminal-peer/proxy-progress-1.stderr.log',
-   'docs/operators/deployment/releases/2026-10-06-g7-native26-calibration-progress/native26-terminal-peer/proxy-progress-1.stdout.log',
    'docs/operators/deployment/releases/2026-10-06-g7-native26-calibration-progress/native26-terminal-peer/proxy-progress-10.closed.json',
-   'docs/operators/deployment/releases/2026-10-06-g7-native26-calibration-progress/native26-terminal-peer/proxy-progress-10.stderr.log',
-   'docs/operators/deployment/releases/2026-10-06-g7-native26-calibration-progress/native26-terminal-peer/proxy-progress-10.stdout.log',
    'docs/operators/deployment/releases/2026-10-06-g7-native26-calibration-progress/native26-terminal-peer/proxy-progress-11.closed.json',
-   'docs/operators/deployment/releases/2026-10-06-g7-native26-calibration-progress/native26-terminal-peer/proxy-progress-11.stderr.log',
-   'docs/operators/deployment/releases/2026-10-06-g7-native26-calibration-progress/native26-terminal-peer/proxy-progress-11.stdout.log',
    'docs/operators/deployment/releases/2026-10-06-g7-native26-calibration-progress/native26-terminal-peer/proxy-progress-2.closed.json',
-   'docs/operators/deployment/releases/2026-10-06-g7-native26-calibration-progress/native26-terminal-peer/proxy-progress-2.stderr.log',
-   'docs/operators/deployment/releases/2026-10-06-g7-native26-calibration-progress/native26-terminal-peer/proxy-progress-2.stdout.log',
    'docs/operators/deployment/releases/2026-10-06-g7-native26-calibration-progress/native26-terminal-peer/proxy-progress-3.closed.json',
-   'docs/operators/deployment/releases/2026-10-06-g7-native26-calibration-progress/native26-terminal-peer/proxy-progress-3.stderr.log',
-   'docs/operators/deployment/releases/2026-10-06-g7-native26-calibration-progress/native26-terminal-peer/proxy-progress-3.stdout.log',
    'docs/operators/deployment/releases/2026-10-06-g7-native26-calibration-progress/native26-terminal-peer/proxy-progress-4.closed.json',
-   'docs/operators/deployment/releases/2026-10-06-g7-native26-calibration-progress/native26-terminal-peer/proxy-progress-4.stderr.log',
-   'docs/operators/deployment/releases/2026-10-06-g7-native26-calibration-progress/native26-terminal-peer/proxy-progress-4.stdout.log',
    'docs/operators/deployment/releases/2026-10-06-g7-native26-calibration-progress/native26-terminal-peer/proxy-progress-5.closed.json',
-   'docs/operators/deployment/releases/2026-10-06-g7-native26-calibration-progress/native26-terminal-peer/proxy-progress-5.stderr.log',
-   'docs/operators/deployment/releases/2026-10-06-g7-native26-calibration-progress/native26-terminal-peer/proxy-progress-5.stdout.log',
    'docs/operators/deployment/releases/2026-10-06-g7-native26-calibration-progress/native26-terminal-peer/proxy-progress-6.closed.json',
-   'docs/operators/deployment/releases/2026-10-06-g7-native26-calibration-progress/native26-terminal-peer/proxy-progress-6.stderr.log',
-   'docs/operators/deployment/releases/2026-10-06-g7-native26-calibration-progress/native26-terminal-peer/proxy-progress-6.stdout.log',
    'docs/operators/deployment/releases/2026-10-06-g7-native26-calibration-progress/native26-terminal-peer/proxy-progress-7.closed.json',
-   'docs/operators/deployment/releases/2026-10-06-g7-native26-calibration-progress/native26-terminal-peer/proxy-progress-7.stderr.log',
-   'docs/operators/deployment/releases/2026-10-06-g7-native26-calibration-progress/native26-terminal-peer/proxy-progress-7.stdout.log',
    'docs/operators/deployment/releases/2026-10-06-g7-native26-calibration-progress/native26-terminal-peer/proxy-progress-8.closed.json',
-   'docs/operators/deployment/releases/2026-10-06-g7-native26-calibration-progress/native26-terminal-peer/proxy-progress-8.stderr.log',
-   'docs/operators/deployment/releases/2026-10-06-g7-native26-calibration-progress/native26-terminal-peer/proxy-progress-8.stdout.log',
    'docs/operators/deployment/releases/2026-10-06-g7-native26-calibration-progress/native26-terminal-peer/proxy-progress-9.closed.json',
-   'docs/operators/deployment/releases/2026-10-06-g7-native26-calibration-progress/native26-terminal-peer/proxy-progress-9.stderr.log',
-   'docs/operators/deployment/releases/2026-10-06-g7-native26-calibration-progress/native26-terminal-peer/proxy-progress-9.stdout.log',
    'docs/operators/deployment/releases/2026-10-06-g7-native26-calibration-progress/native26-terminal-peer/run-closed-quiet.mjs',
    'docs/operators/deployment/releases/2026-10-06-g7-native26-calibration-progress/native26-terminal-peer/run-closed.mjs',
    'docs/operators/deployment/releases/2026-10-06-g7-native26-calibration-progress/native26-terminal-peer/seal-terminal.closed.json',
    'docs/operators/deployment/releases/2026-10-06-g7-native26-calibration-progress/native26-terminal-peer/seal-terminal.mjs',
-   'docs/operators/deployment/releases/2026-10-06-g7-native26-calibration-progress/native26-terminal-peer/seal-terminal.stderr.log',
-   'docs/operators/deployment/releases/2026-10-06-g7-native26-calibration-progress/native26-terminal-peer/seal-terminal.stdout.log',
    'docs/operators/deployment/releases/2026-10-06-g7-native26-calibration-progress/native26-terminal-peer/source-inputs-v3.json.gz',
    'docs/operators/deployment/releases/2026-10-06-g7-native26-calibration-progress/native26-terminal-peer/source-step-55.closed.json',
-   'docs/operators/deployment/releases/2026-10-06-g7-native26-calibration-progress/native26-terminal-peer/source-step-55.stderr.log',
-   'docs/operators/deployment/releases/2026-10-06-g7-native26-calibration-progress/native26-terminal-peer/source-step-55.stdout.log',
    'docs/operators/deployment/releases/2026-10-06-g7-native26-calibration-progress/native26-terminal-peer/source-step-56.closed.json',
-   'docs/operators/deployment/releases/2026-10-06-g7-native26-calibration-progress/native26-terminal-peer/source-step-56.stderr.log',
-   'docs/operators/deployment/releases/2026-10-06-g7-native26-calibration-progress/native26-terminal-peer/source-step-56.stdout.log',
    'docs/operators/deployment/releases/2026-10-06-g7-native26-calibration-progress/native26-terminal-peer/source-step-57.closed.json',
-   'docs/operators/deployment/releases/2026-10-06-g7-native26-calibration-progress/native26-terminal-peer/source-step-57.stderr.log',
-   'docs/operators/deployment/releases/2026-10-06-g7-native26-calibration-progress/native26-terminal-peer/source-step-57.stdout.log',
    'docs/operators/deployment/releases/2026-10-06-g7-native26-calibration-progress/native26-terminal-peer/source-step-58.closed.json',
-   'docs/operators/deployment/releases/2026-10-06-g7-native26-calibration-progress/native26-terminal-peer/source-step-58.stderr.log',
-   'docs/operators/deployment/releases/2026-10-06-g7-native26-calibration-progress/native26-terminal-peer/source-step-58.stdout.log',
    'docs/operators/deployment/releases/2026-10-06-g7-native26-calibration-progress/native26-terminal-peer/source-step-59.closed.json',
-   'docs/operators/deployment/releases/2026-10-06-g7-native26-calibration-progress/native26-terminal-peer/source-step-59.stderr.log',
-   'docs/operators/deployment/releases/2026-10-06-g7-native26-calibration-progress/native26-terminal-peer/source-step-59.stdout.log',
    'docs/operators/deployment/releases/2026-10-06-g7-native26-calibration-progress/native26-terminal-peer/source-step-60.closed.json',
-   'docs/operators/deployment/releases/2026-10-06-g7-native26-calibration-progress/native26-terminal-peer/source-step-60.stderr.log',
-   'docs/operators/deployment/releases/2026-10-06-g7-native26-calibration-progress/native26-terminal-peer/source-step-60.stdout.log',
    'docs/operators/deployment/releases/2026-10-06-g7-native26-calibration-progress/native26-terminal-peer/source-step-61.closed.json',
-   'docs/operators/deployment/releases/2026-10-06-g7-native26-calibration-progress/native26-terminal-peer/source-step-61.stderr.log',
-   'docs/operators/deployment/releases/2026-10-06-g7-native26-calibration-progress/native26-terminal-peer/source-step-61.stdout.log',
    'docs/operators/deployment/releases/2026-10-06-g7-native26-calibration-progress/native26-terminal-peer/source-step-62.closed.json',
-   'docs/operators/deployment/releases/2026-10-06-g7-native26-calibration-progress/native26-terminal-peer/source-step-62.stderr.log',
-   'docs/operators/deployment/releases/2026-10-06-g7-native26-calibration-progress/native26-terminal-peer/source-step-62.stdout.log',
    'docs/operators/deployment/releases/2026-10-06-g7-native26-calibration-progress/native26-terminal-peer/source-step-63.closed.json',
-   'docs/operators/deployment/releases/2026-10-06-g7-native26-calibration-progress/native26-terminal-peer/source-step-63.stderr.log',
-   'docs/operators/deployment/releases/2026-10-06-g7-native26-calibration-progress/native26-terminal-peer/source-step-63.stdout.log',
    'docs/operators/deployment/releases/2026-10-06-g7-native26-calibration-progress/native26-terminal-peer/source-step-64.closed.json',
-   'docs/operators/deployment/releases/2026-10-06-g7-native26-calibration-progress/native26-terminal-peer/source-step-64.stderr.log',
-   'docs/operators/deployment/releases/2026-10-06-g7-native26-calibration-progress/native26-terminal-peer/source-step-64.stdout.log',
    'docs/operators/deployment/releases/2026-10-06-g7-native26-calibration-progress/native26-terminal-peer/source-step-65.closed.json',
-   'docs/operators/deployment/releases/2026-10-06-g7-native26-calibration-progress/native26-terminal-peer/source-step-65.stderr.log',
-   'docs/operators/deployment/releases/2026-10-06-g7-native26-calibration-progress/native26-terminal-peer/source-step-65.stdout.log',
    'docs/operators/deployment/releases/2026-10-06-g7-native26-calibration-progress/native26-terminal-peer/source-step-66.closed.json',
-   'docs/operators/deployment/releases/2026-10-06-g7-native26-calibration-progress/native26-terminal-peer/source-step-66.stderr.log',
-   'docs/operators/deployment/releases/2026-10-06-g7-native26-calibration-progress/native26-terminal-peer/source-step-66.stdout.log',
    'docs/operators/deployment/releases/2026-10-06-g7-native26-calibration-progress/native26-terminal-peer/source-workflow.closed.json',
-   'docs/operators/deployment/releases/2026-10-06-g7-native26-calibration-progress/native26-terminal-peer/source-workflow.stderr.log',
-   'docs/operators/deployment/releases/2026-10-06-g7-native26-calibration-progress/native26-terminal-peer/source-workflow.stdout.log',
    'docs/operators/deployment/releases/2026-10-06-g7-native26-calibration-progress/native26-terminal-peer/v2-source-step-55.closed.json',
-   'docs/operators/deployment/releases/2026-10-06-g7-native26-calibration-progress/native26-terminal-peer/v2-source-step-55.stderr.log',
-   'docs/operators/deployment/releases/2026-10-06-g7-native26-calibration-progress/native26-terminal-peer/v2-source-step-55.stdout.log',
    'docs/operators/deployment/releases/2026-10-06-g7-native26-calibration-progress/native26-terminal-peer/v2-source-step-56.closed.json',
-   'docs/operators/deployment/releases/2026-10-06-g7-native26-calibration-progress/native26-terminal-peer/v2-source-step-56.stderr.log',
-   'docs/operators/deployment/releases/2026-10-06-g7-native26-calibration-progress/native26-terminal-peer/v2-source-step-56.stdout.log',
    'docs/operators/deployment/releases/2026-10-06-g7-native26-calibration-progress/native26-terminal-peer/v2-source-step-57.closed.json',
-   'docs/operators/deployment/releases/2026-10-06-g7-native26-calibration-progress/native26-terminal-peer/v2-source-step-57.stderr.log',
-   'docs/operators/deployment/releases/2026-10-06-g7-native26-calibration-progress/native26-terminal-peer/v2-source-step-57.stdout.log',
    'docs/operators/deployment/releases/2026-10-06-g7-native26-calibration-progress/native26-terminal-peer/v2-source-step-58.closed.json',
-   'docs/operators/deployment/releases/2026-10-06-g7-native26-calibration-progress/native26-terminal-peer/v2-source-step-58.stderr.log',
-   'docs/operators/deployment/releases/2026-10-06-g7-native26-calibration-progress/native26-terminal-peer/v2-source-step-58.stdout.log',
    'docs/operators/deployment/releases/2026-10-06-g7-native26-calibration-progress/native26-terminal-peer/v2-source-step-59.closed.json',
-   'docs/operators/deployment/releases/2026-10-06-g7-native26-calibration-progress/native26-terminal-peer/v2-source-step-59.stderr.log',
-   'docs/operators/deployment/releases/2026-10-06-g7-native26-calibration-progress/native26-terminal-peer/v2-source-step-59.stdout.log',
    'docs/operators/deployment/releases/2026-10-06-g7-native26-calibration-progress/native26-terminal-peer/v2-source-step-60.closed.json',
-   'docs/operators/deployment/releases/2026-10-06-g7-native26-calibration-progress/native26-terminal-peer/v2-source-step-60.stderr.log',
-   'docs/operators/deployment/releases/2026-10-06-g7-native26-calibration-progress/native26-terminal-peer/v2-source-step-60.stdout.log',
    'docs/operators/deployment/releases/2026-10-06-g7-native26-calibration-progress/native26-terminal-peer/v2-source-step-61.closed.json',
-   'docs/operators/deployment/releases/2026-10-06-g7-native26-calibration-progress/native26-terminal-peer/v2-source-step-61.stderr.log',
-   'docs/operators/deployment/releases/2026-10-06-g7-native26-calibration-progress/native26-terminal-peer/v2-source-step-61.stdout.log',
    'docs/operators/deployment/releases/2026-10-06-g7-native26-calibration-progress/native26-terminal-peer/v2-source-step-62.closed.json',
-   'docs/operators/deployment/releases/2026-10-06-g7-native26-calibration-progress/native26-terminal-peer/v2-source-step-62.stderr.log',
-   'docs/operators/deployment/releases/2026-10-06-g7-native26-calibration-progress/native26-terminal-peer/v2-source-step-62.stdout.log',
    'docs/operators/deployment/releases/2026-10-06-g7-native26-calibration-progress/native26-terminal-peer/v2-source-step-63.closed.json',
-   'docs/operators/deployment/releases/2026-10-06-g7-native26-calibration-progress/native26-terminal-peer/v2-source-step-63.stderr.log',
-   'docs/operators/deployment/releases/2026-10-06-g7-native26-calibration-progress/native26-terminal-peer/v2-source-step-63.stdout.log',
    'docs/operators/deployment/releases/2026-10-06-g7-native26-calibration-progress/native26-terminal-peer/v2-source-step-64.closed.json',
-   'docs/operators/deployment/releases/2026-10-06-g7-native26-calibration-progress/native26-terminal-peer/v2-source-step-64.stderr.log',
-   'docs/operators/deployment/releases/2026-10-06-g7-native26-calibration-progress/native26-terminal-peer/v2-source-step-64.stdout.log',
    'docs/operators/deployment/releases/2026-10-06-g7-native26-calibration-progress/native26-terminal-peer/v2-source-step-65.closed.json',
-   'docs/operators/deployment/releases/2026-10-06-g7-native26-calibration-progress/native26-terminal-peer/v2-source-step-65.stderr.log',
-   'docs/operators/deployment/releases/2026-10-06-g7-native26-calibration-progress/native26-terminal-peer/v2-source-step-65.stdout.log',
    'docs/operators/deployment/releases/2026-10-06-g7-native26-calibration-progress/native26-terminal-peer/v2-source-step-66.closed.json',
-   'docs/operators/deployment/releases/2026-10-06-g7-native26-calibration-progress/native26-terminal-peer/v2-source-step-66.stderr.log',
-   'docs/operators/deployment/releases/2026-10-06-g7-native26-calibration-progress/native26-terminal-peer/v2-source-step-66.stdout.log',
    'docs/operators/deployment/releases/2026-10-06-g7-native26-calibration-progress/native26-terminal-peer/v2-source-step-67.closed.json',
-   'docs/operators/deployment/releases/2026-10-06-g7-native26-calibration-progress/native26-terminal-peer/v2-source-step-67.stderr.log',
-   'docs/operators/deployment/releases/2026-10-06-g7-native26-calibration-progress/native26-terminal-peer/v2-source-step-67.stdout.log',
    'docs/operators/deployment/releases/2026-10-06-g7-native26-calibration-progress/native26-terminal-peer/v2-source-step-68.closed.json',
-   'docs/operators/deployment/releases/2026-10-06-g7-native26-calibration-progress/native26-terminal-peer/v2-source-step-68.stderr.log',
-   'docs/operators/deployment/releases/2026-10-06-g7-native26-calibration-progress/native26-terminal-peer/v2-source-step-68.stdout.log',
    'docs/operators/deployment/releases/2026-10-06-g7-native26-calibration-progress/native26-terminal-peer/v2-source-step-69.closed.json',
-   'docs/operators/deployment/releases/2026-10-06-g7-native26-calibration-progress/native26-terminal-peer/v2-source-step-69.stderr.log',
-   'docs/operators/deployment/releases/2026-10-06-g7-native26-calibration-progress/native26-terminal-peer/v2-source-step-69.stdout.log',
    'docs/operators/deployment/releases/2026-10-06-g7-native26-calibration-progress/native26-terminal-peer/v2-source-step-70.closed.json',
-   'docs/operators/deployment/releases/2026-10-06-g7-native26-calibration-progress/native26-terminal-peer/v2-source-step-70.stderr.log',
-   'docs/operators/deployment/releases/2026-10-06-g7-native26-calibration-progress/native26-terminal-peer/v2-source-step-70.stdout.log',
    'docs/operators/deployment/releases/2026-10-06-g7-native26-calibration-progress/native26-terminal-peer/v2-source-step-71.closed.json',
-   'docs/operators/deployment/releases/2026-10-06-g7-native26-calibration-progress/native26-terminal-peer/v2-source-step-71.stderr.log',
-   'docs/operators/deployment/releases/2026-10-06-g7-native26-calibration-progress/native26-terminal-peer/v2-source-step-71.stdout.log',
    'docs/operators/deployment/releases/2026-10-06-g7-native26-calibration-progress/native26-terminal-peer/v2-source-step-72.closed.json',
-   'docs/operators/deployment/releases/2026-10-06-g7-native26-calibration-progress/native26-terminal-peer/v2-source-step-72.stderr.log',
-   'docs/operators/deployment/releases/2026-10-06-g7-native26-calibration-progress/native26-terminal-peer/v2-source-step-72.stdout.log',
    'docs/operators/deployment/releases/2026-10-06-g7-native26-calibration-progress/native26-terminal-peer/v2-source-step-73.closed.json',
-   'docs/operators/deployment/releases/2026-10-06-g7-native26-calibration-progress/native26-terminal-peer/v2-source-step-73.stderr.log',
-   'docs/operators/deployment/releases/2026-10-06-g7-native26-calibration-progress/native26-terminal-peer/v2-source-step-73.stdout.log',
    'docs/operators/deployment/releases/2026-10-06-g7-native26-calibration-progress/native26-terminal-peer/v2-source-step-74.closed.json',
-   'docs/operators/deployment/releases/2026-10-06-g7-native26-calibration-progress/native26-terminal-peer/v2-source-step-74.stderr.log',
-   'docs/operators/deployment/releases/2026-10-06-g7-native26-calibration-progress/native26-terminal-peer/v2-source-step-74.stdout.log',
    'docs/operators/deployment/releases/2026-10-06-g7-native26-calibration-progress/native26-terminal-peer/v2-source-step-75.closed.json',
-   'docs/operators/deployment/releases/2026-10-06-g7-native26-calibration-progress/native26-terminal-peer/v2-source-step-75.stderr.log',
-   'docs/operators/deployment/releases/2026-10-06-g7-native26-calibration-progress/native26-terminal-peer/v2-source-step-75.stdout.log',
    'docs/operators/deployment/releases/2026-10-06-g7-native26-calibration-progress/native26-terminal-peer/v2-source-step-76.closed.json',
-   'docs/operators/deployment/releases/2026-10-06-g7-native26-calibration-progress/native26-terminal-peer/v2-source-step-76.stderr.log',
-   'docs/operators/deployment/releases/2026-10-06-g7-native26-calibration-progress/native26-terminal-peer/v2-source-step-76.stdout.log',
    'docs/operators/deployment/releases/2026-10-06-g7-native26-calibration-progress/native26-terminal-peer/v2-source-step-77.closed.json',
-   'docs/operators/deployment/releases/2026-10-06-g7-native26-calibration-progress/native26-terminal-peer/v2-source-step-77.stderr.log',
-   'docs/operators/deployment/releases/2026-10-06-g7-native26-calibration-progress/native26-terminal-peer/v2-source-step-77.stdout.log',
    'docs/operators/deployment/releases/2026-10-06-g7-native26-calibration-progress/native26-terminal-peer/v2-source-step-78.closed.json',
-   'docs/operators/deployment/releases/2026-10-06-g7-native26-calibration-progress/native26-terminal-peer/v2-source-step-78.stderr.log',
-   'docs/operators/deployment/releases/2026-10-06-g7-native26-calibration-progress/native26-terminal-peer/v2-source-step-78.stdout.log',
    'docs/operators/deployment/releases/2026-10-06-g7-native26-calibration-progress/native26-terminal-peer/v2-source-step-79.closed.json',
-   'docs/operators/deployment/releases/2026-10-06-g7-native26-calibration-progress/native26-terminal-peer/v2-source-step-79.stderr.log',
-   'docs/operators/deployment/releases/2026-10-06-g7-native26-calibration-progress/native26-terminal-peer/v2-source-step-79.stdout.log',
    'docs/operators/deployment/releases/2026-10-06-g7-native26-calibration-progress/native26-terminal-peer/v2-source-step-80.closed.json',
-   'docs/operators/deployment/releases/2026-10-06-g7-native26-calibration-progress/native26-terminal-peer/v2-source-step-80.stderr.log',
-   'docs/operators/deployment/releases/2026-10-06-g7-native26-calibration-progress/native26-terminal-peer/v2-source-step-80.stdout.log',
    'docs/operators/deployment/releases/2026-10-06-g7-native26-calibration-progress/native26-terminal-peer/v2-source-step-81.closed.json',
-   'docs/operators/deployment/releases/2026-10-06-g7-native26-calibration-progress/native26-terminal-peer/v2-source-step-81.stderr.log',
-   'docs/operators/deployment/releases/2026-10-06-g7-native26-calibration-progress/native26-terminal-peer/v2-source-step-81.stdout.log',
    'docs/operators/deployment/releases/2026-10-06-g7-native26-calibration-progress/native26-terminal-peer/v2-source-step-82.closed.json',
-   'docs/operators/deployment/releases/2026-10-06-g7-native26-calibration-progress/native26-terminal-peer/v2-source-step-82.stderr.log',
-   'docs/operators/deployment/releases/2026-10-06-g7-native26-calibration-progress/native26-terminal-peer/v2-source-step-82.stdout.log',
    'docs/operators/deployment/releases/2026-10-06-g7-native26-calibration-progress/native26-terminal-peer/v2-source-step-83.closed.json',
-   'docs/operators/deployment/releases/2026-10-06-g7-native26-calibration-progress/native26-terminal-peer/v2-source-step-83.stderr.log',
    'docs/operators/deployment/releases/2026-10-06-g7-native26-calibration-progress/native26-terminal-peer/v2-source-step-83.stdout.log.gz',
    'docs/operators/deployment/releases/2026-10-06-g7-native26-calibration-progress/native26-terminal-peer/v2-source-step-84.closed.json',
-   'docs/operators/deployment/releases/2026-10-06-g7-native26-calibration-progress/native26-terminal-peer/v2-source-step-84.stderr.log',
    'docs/operators/deployment/releases/2026-10-06-g7-native26-calibration-progress/native26-terminal-peer/v2-source-step-84.stdout.log.gz',
    'docs/operators/deployment/releases/2026-10-06-g7-native26-calibration-progress/native26-terminal-peer/v2-source-step-85.closed.json',
-   'docs/operators/deployment/releases/2026-10-06-g7-native26-calibration-progress/native26-terminal-peer/v2-source-step-85.stderr.log',
    'docs/operators/deployment/releases/2026-10-06-g7-native26-calibration-progress/native26-terminal-peer/v2-source-step-85.stdout.log.gz',
    'docs/operators/deployment/releases/2026-10-06-g7-native26-calibration-progress/native26-terminal-peer/v2-source-step-86.closed.json',
-   'docs/operators/deployment/releases/2026-10-06-g7-native26-calibration-progress/native26-terminal-peer/v2-source-step-86.stderr.log',
-   'docs/operators/deployment/releases/2026-10-06-g7-native26-calibration-progress/native26-terminal-peer/v2-source-step-86.stdout.log',
    'docs/operators/deployment/releases/2026-10-06-g7-native26-calibration-progress/native26-terminal-peer/v2-source-workflow.closed.json',
-   'docs/operators/deployment/releases/2026-10-06-g7-native26-calibration-progress/native26-terminal-peer/v2-source-workflow.stderr.log',
-   'docs/operators/deployment/releases/2026-10-06-g7-native26-calibration-progress/native26-terminal-peer/v2-source-workflow.stdout.log',
    'docs/operators/deployment/releases/2026-10-06-g7-native26-calibration-progress/native26-terminal-peer/v3-source-step-100.closed.json',
-   'docs/operators/deployment/releases/2026-10-06-g7-native26-calibration-progress/native26-terminal-peer/v3-source-step-100.stderr.log',
-   'docs/operators/deployment/releases/2026-10-06-g7-native26-calibration-progress/native26-terminal-peer/v3-source-step-100.stdout.log',
    'docs/operators/deployment/releases/2026-10-06-g7-native26-calibration-progress/native26-terminal-peer/v3-source-step-101.closed.json',
-   'docs/operators/deployment/releases/2026-10-06-g7-native26-calibration-progress/native26-terminal-peer/v3-source-step-101.stderr.log',
-   'docs/operators/deployment/releases/2026-10-06-g7-native26-calibration-progress/native26-terminal-peer/v3-source-step-101.stdout.log',
    'docs/operators/deployment/releases/2026-10-06-g7-native26-calibration-progress/native26-terminal-peer/v3-source-step-102.closed.json',
-   'docs/operators/deployment/releases/2026-10-06-g7-native26-calibration-progress/native26-terminal-peer/v3-source-step-102.stderr.log',
-   'docs/operators/deployment/releases/2026-10-06-g7-native26-calibration-progress/native26-terminal-peer/v3-source-step-102.stdout.log',
    'docs/operators/deployment/releases/2026-10-06-g7-native26-calibration-progress/native26-terminal-peer/v3-source-step-103.closed.json',
-   'docs/operators/deployment/releases/2026-10-06-g7-native26-calibration-progress/native26-terminal-peer/v3-source-step-103.stderr.log',
-   'docs/operators/deployment/releases/2026-10-06-g7-native26-calibration-progress/native26-terminal-peer/v3-source-step-103.stdout.log',
    'docs/operators/deployment/releases/2026-10-06-g7-native26-calibration-progress/native26-terminal-peer/v3-source-step-104.closed.json',
-   'docs/operators/deployment/releases/2026-10-06-g7-native26-calibration-progress/native26-terminal-peer/v3-source-step-104.stderr.log',
-   'docs/operators/deployment/releases/2026-10-06-g7-native26-calibration-progress/native26-terminal-peer/v3-source-step-104.stdout.log',
    'docs/operators/deployment/releases/2026-10-06-g7-native26-calibration-progress/native26-terminal-peer/v3-source-step-105.closed.json',
-   'docs/operators/deployment/releases/2026-10-06-g7-native26-calibration-progress/native26-terminal-peer/v3-source-step-105.stderr.log',
-   'docs/operators/deployment/releases/2026-10-06-g7-native26-calibration-progress/native26-terminal-peer/v3-source-step-105.stdout.log',
    'docs/operators/deployment/releases/2026-10-06-g7-native26-calibration-progress/native26-terminal-peer/v3-source-step-106.closed.json',
-   'docs/operators/deployment/releases/2026-10-06-g7-native26-calibration-progress/native26-terminal-peer/v3-source-step-106.stderr.log',
-   'docs/operators/deployment/releases/2026-10-06-g7-native26-calibration-progress/native26-terminal-peer/v3-source-step-106.stdout.log',
    'docs/operators/deployment/releases/2026-10-06-g7-native26-calibration-progress/native26-terminal-peer/v3-source-step-107.closed.json',
-   'docs/operators/deployment/releases/2026-10-06-g7-native26-calibration-progress/native26-terminal-peer/v3-source-step-107.stderr.log',
-   'docs/operators/deployment/releases/2026-10-06-g7-native26-calibration-progress/native26-terminal-peer/v3-source-step-107.stdout.log',
    'docs/operators/deployment/releases/2026-10-06-g7-native26-calibration-progress/native26-terminal-peer/v3-source-step-108.closed.json',
-   'docs/operators/deployment/releases/2026-10-06-g7-native26-calibration-progress/native26-terminal-peer/v3-source-step-108.stderr.log',
-   'docs/operators/deployment/releases/2026-10-06-g7-native26-calibration-progress/native26-terminal-peer/v3-source-step-108.stdout.log',
    'docs/operators/deployment/releases/2026-10-06-g7-native26-calibration-progress/native26-terminal-peer/v3-source-step-109.closed.json',
-   'docs/operators/deployment/releases/2026-10-06-g7-native26-calibration-progress/native26-terminal-peer/v3-source-step-109.stderr.log',
-   'docs/operators/deployment/releases/2026-10-06-g7-native26-calibration-progress/native26-terminal-peer/v3-source-step-109.stdout.log',
    'docs/operators/deployment/releases/2026-10-06-g7-native26-calibration-progress/native26-terminal-peer/v3-source-step-110.closed.json',
-   'docs/operators/deployment/releases/2026-10-06-g7-native26-calibration-progress/native26-terminal-peer/v3-source-step-110.stderr.log',
-   'docs/operators/deployment/releases/2026-10-06-g7-native26-calibration-progress/native26-terminal-peer/v3-source-step-110.stdout.log',
    'docs/operators/deployment/releases/2026-10-06-g7-native26-calibration-progress/native26-terminal-peer/v3-source-step-111.closed.json',
-   'docs/operators/deployment/releases/2026-10-06-g7-native26-calibration-progress/native26-terminal-peer/v3-source-step-111.stderr.log',
-   'docs/operators/deployment/releases/2026-10-06-g7-native26-calibration-progress/native26-terminal-peer/v3-source-step-111.stdout.log',
    'docs/operators/deployment/releases/2026-10-06-g7-native26-calibration-progress/native26-terminal-peer/v3-source-step-112.closed.json',
-   'docs/operators/deployment/releases/2026-10-06-g7-native26-calibration-progress/native26-terminal-peer/v3-source-step-112.stderr.log',
-   'docs/operators/deployment/releases/2026-10-06-g7-native26-calibration-progress/native26-terminal-peer/v3-source-step-112.stdout.log',
    'docs/operators/deployment/releases/2026-10-06-g7-native26-calibration-progress/native26-terminal-peer/v3-source-step-113.closed.json',
-   'docs/operators/deployment/releases/2026-10-06-g7-native26-calibration-progress/native26-terminal-peer/v3-source-step-113.stderr.log',
-   'docs/operators/deployment/releases/2026-10-06-g7-native26-calibration-progress/native26-terminal-peer/v3-source-step-113.stdout.log',
    'docs/operators/deployment/releases/2026-10-06-g7-native26-calibration-progress/native26-terminal-peer/v3-source-step-87.closed.json',
-   'docs/operators/deployment/releases/2026-10-06-g7-native26-calibration-progress/native26-terminal-peer/v3-source-step-87.stderr.log',
-   'docs/operators/deployment/releases/2026-10-06-g7-native26-calibration-progress/native26-terminal-peer/v3-source-step-87.stdout.log',
    'docs/operators/deployment/releases/2026-10-06-g7-native26-calibration-progress/native26-terminal-peer/v3-source-step-88.closed.json',
-   'docs/operators/deployment/releases/2026-10-06-g7-native26-calibration-progress/native26-terminal-peer/v3-source-step-88.stderr.log',
-   'docs/operators/deployment/releases/2026-10-06-g7-native26-calibration-progress/native26-terminal-peer/v3-source-step-88.stdout.log',
    'docs/operators/deployment/releases/2026-10-06-g7-native26-calibration-progress/native26-terminal-peer/v3-source-step-89.closed.json',
-   'docs/operators/deployment/releases/2026-10-06-g7-native26-calibration-progress/native26-terminal-peer/v3-source-step-89.stderr.log',
-   'docs/operators/deployment/releases/2026-10-06-g7-native26-calibration-progress/native26-terminal-peer/v3-source-step-89.stdout.log',
    'docs/operators/deployment/releases/2026-10-06-g7-native26-calibration-progress/native26-terminal-peer/v3-source-step-90.closed.json',
-   'docs/operators/deployment/releases/2026-10-06-g7-native26-calibration-progress/native26-terminal-peer/v3-source-step-90.stderr.log',
-   'docs/operators/deployment/releases/2026-10-06-g7-native26-calibration-progress/native26-terminal-peer/v3-source-step-90.stdout.log',
    'docs/operators/deployment/releases/2026-10-06-g7-native26-calibration-progress/native26-terminal-peer/v3-source-step-91.closed.json',
-   'docs/operators/deployment/releases/2026-10-06-g7-native26-calibration-progress/native26-terminal-peer/v3-source-step-91.stderr.log',
-   'docs/operators/deployment/releases/2026-10-06-g7-native26-calibration-progress/native26-terminal-peer/v3-source-step-91.stdout.log',
    'docs/operators/deployment/releases/2026-10-06-g7-native26-calibration-progress/native26-terminal-peer/v3-source-step-92.closed.json',
-   'docs/operators/deployment/releases/2026-10-06-g7-native26-calibration-progress/native26-terminal-peer/v3-source-step-92.stderr.log',
-   'docs/operators/deployment/releases/2026-10-06-g7-native26-calibration-progress/native26-terminal-peer/v3-source-step-92.stdout.log',
    'docs/operators/deployment/releases/2026-10-06-g7-native26-calibration-progress/native26-terminal-peer/v3-source-step-93.closed.json',
-   'docs/operators/deployment/releases/2026-10-06-g7-native26-calibration-progress/native26-terminal-peer/v3-source-step-93.stderr.log',
-   'docs/operators/deployment/releases/2026-10-06-g7-native26-calibration-progress/native26-terminal-peer/v3-source-step-93.stdout.log',
    'docs/operators/deployment/releases/2026-10-06-g7-native26-calibration-progress/native26-terminal-peer/v3-source-step-94.closed.json',
-   'docs/operators/deployment/releases/2026-10-06-g7-native26-calibration-progress/native26-terminal-peer/v3-source-step-94.stderr.log',
-   'docs/operators/deployment/releases/2026-10-06-g7-native26-calibration-progress/native26-terminal-peer/v3-source-step-94.stdout.log',
    'docs/operators/deployment/releases/2026-10-06-g7-native26-calibration-progress/native26-terminal-peer/v3-source-step-95.closed.json',
-   'docs/operators/deployment/releases/2026-10-06-g7-native26-calibration-progress/native26-terminal-peer/v3-source-step-95.stderr.log',
-   'docs/operators/deployment/releases/2026-10-06-g7-native26-calibration-progress/native26-terminal-peer/v3-source-step-95.stdout.log',
    'docs/operators/deployment/releases/2026-10-06-g7-native26-calibration-progress/native26-terminal-peer/v3-source-step-96.closed.json',
-   'docs/operators/deployment/releases/2026-10-06-g7-native26-calibration-progress/native26-terminal-peer/v3-source-step-96.stderr.log',
-   'docs/operators/deployment/releases/2026-10-06-g7-native26-calibration-progress/native26-terminal-peer/v3-source-step-96.stdout.log',
    'docs/operators/deployment/releases/2026-10-06-g7-native26-calibration-progress/native26-terminal-peer/v3-source-step-97.closed.json',
-   'docs/operators/deployment/releases/2026-10-06-g7-native26-calibration-progress/native26-terminal-peer/v3-source-step-97.stderr.log',
-   'docs/operators/deployment/releases/2026-10-06-g7-native26-calibration-progress/native26-terminal-peer/v3-source-step-97.stdout.log',
    'docs/operators/deployment/releases/2026-10-06-g7-native26-calibration-progress/native26-terminal-peer/v3-source-step-98.closed.json',
-   'docs/operators/deployment/releases/2026-10-06-g7-native26-calibration-progress/native26-terminal-peer/v3-source-step-98.stderr.log',
-   'docs/operators/deployment/releases/2026-10-06-g7-native26-calibration-progress/native26-terminal-peer/v3-source-step-98.stdout.log',
    'docs/operators/deployment/releases/2026-10-06-g7-native26-calibration-progress/native26-terminal-peer/v3-source-step-99.closed.json',
-   'docs/operators/deployment/releases/2026-10-06-g7-native26-calibration-progress/native26-terminal-peer/v3-source-step-99.stderr.log',
-   'docs/operators/deployment/releases/2026-10-06-g7-native26-calibration-progress/native26-terminal-peer/v3-source-step-99.stdout.log',
    'docs/operators/deployment/releases/2026-10-06-g7-native26-calibration-progress/native59-info-evidence-tools/FINAL-native59-info-reader-preparation.json',
    'docs/operators/deployment/releases/2026-10-06-g7-native26-calibration-progress/native59-info-evidence-tools/FINAL-native59-info-reader-seal.json',
    'docs/operators/deployment/releases/2026-10-06-g7-native26-calibration-progress/native59-info-evidence-tools/PREPARED-NATIVE59-INFO-ONLY.md',
    'docs/operators/deployment/releases/2026-10-06-g7-native26-calibration-progress/native59-info-evidence-tools/collect-evidence.mjs',
    'docs/operators/deployment/releases/2026-10-06-g7-native26-calibration-progress/native59-info-evidence-tools/collector-closure-boundary-tests.mjs',
...
    'docs/operators/deployment/releases/2026-10-06-g7-native26-calibration-progress/native59-info-evidence-tools/native-info-syntax.result.json',
-   'docs/operators/deployment/releases/2026-10-06-g7-native26-calibration-progress/native59-info-evidence-tools/native-info-syntax.stderr.log',
-   'docs/operators/deployment/releases/2026-10-06-g7-native26-calibration-progress/native59-info-evidence-tools/native-info-syntax.stdout.log',
    'docs/operators/deployment/releases/2026-10-06-g7-native26-calibration-progress/native59-info-evidence-tools/native-lib-syntax.result.json',
-   'docs/operators/deployment/releases/2026-10-06-g7-native26-calibration-progress/native59-info-evidence-tools/native-lib-syntax.stderr.log',
-   'docs/operators/deployment/releases/2026-10-06-g7-native26-calibration-progress/native59-info-evidence-tools/native-lib-syntax.stdout.log',
    'docs/operators/deployment/releases/2026-10-06-g7-native26-calibration-progress/native59-info-evidence-tools/native59-expanded-config-with-oldmeta-blockers.json',
    'docs/operators/deployment/releases/2026-10-06-g7-native26-calibration-progress/native59-info-evidence-tools/native59-info-binding-controls.mjs',
    'docs/operators/deployment/releases/2026-10-06-g7-native26-calibration-progress/native59-info-evidence-tools/native59-info-binding.mjs',
    'docs/operators/deployment/releases/2026-10-06-g7-native26-calibration-progress/native59-info-evidence-tools/native59-info-controls-first.result.json',
-   'docs/operators/deployment/releases/2026-10-06-g7-native26-calibration-progress/native59-info-evidence-tools/native59-info-controls-first.stderr.log',
-   'docs/operators/deployment/releases/2026-10-06-g7-native26-calibration-progress/native59-info-evidence-tools/native59-info-controls-first.stdout.log',
    'docs/operators/deployment/releases/2026-10-06-g7-native26-calibration-progress/native59-info-evidence-tools/native59-original-receipt-pins.json',
    'docs/operators/deployment/releases/2026-10-06-g7-native26-calibration-progress/native59-info-evidence-tools/native59-supported-subset-config.json',
    'docs/operators/deployment/releases/2026-10-06-g7-native26-calibration-progress/native59-info-evidence-tools/prepare-native59-tool-copy.mjs',
    'docs/operators/deployment/releases/2026-10-06-g7-native26-calibration-progress/native59-info-evidence-tools/previous-direct-only-tool-pins.json',
    'docs/operators/deployment/releases/2026-10-06-g7-native26-calibration-progress/native59-info-evidence-tools/run-tool-closed.mjs',
    'docs/operators/deployment/releases/2026-10-06-g7-native26-calibration-progress/native59-info-evidence-tools/supported-subset-audit.json.gz',
    'docs/operators/deployment/releases/2026-10-06-g7-native26-calibration-progress/native59-info-evidence-tools/supported-subset-audit.result.json',
-   'docs/operators/deployment/releases/2026-10-06-g7-native26-calibration-progress/native59-info-evidence-tools/supported-subset-audit.stderr.log',
-   'docs/operators/deployment/releases/2026-10-06-g7-native26-calibration-progress/native59-info-evidence-tools/supported-subset-audit.stdout.log',
    'docs/operators/deployment/releases/2026-10-06-g7-native26-calibration-progress/native59-info-evidence-tools/unchanged-association28-controls.result.json',
-   'docs/operators/deployment/releases/2026-10-06-g7-native26-calibration-progress/native59-info-evidence-tools/unchanged-association28-controls.stderr.log',
-   'docs/operators/deployment/releases/2026-10-06-g7-native26-calibration-progress/native59-info-evidence-tools/unchanged-association28-controls.stdout.log',
    'docs/operators/deployment/releases/2026-10-06-g7-native26-calibration-progress/native59-info-evidence-tools/unchanged-closure10-controls.result.json',
-   'docs/operators/deployment/releases/2026-10-06-g7-native26-calibration-progress/native59-info-evidence-tools/unchanged-closure10-controls.stderr.log',
-   'docs/operators/deployment/releases/2026-10-06-g7-native26-calibration-progress/native59-info-evidence-tools/unchanged-closure10-controls.stdout.log',
    'docs/operators/deployment/releases/2026-10-06-g7-native26-calibration-progress/native59-info-evidence-tools/unchanged-direct64-controls.result.json',
-   'docs/operators/deployment/releases/2026-10-06-g7-native26-calibration-progress/native59-info-evidence-tools/unchanged-direct64-controls.stderr.log',
-   'docs/operators/deployment/releases/2026-10-06-g7-native26-calibration-progress/native59-info-evidence-tools/unchanged-direct64-controls.stdout.log',
    'docs/operators/deployment/releases/2026-10-06-g7-native26-calibration-progress/native59-info-evidence-tools/unchanged-g7-37-controls.result.json',
-   'docs/operators/deployment/releases/2026-10-06-g7-native26-calibration-progress/native59-info-evidence-tools/unchanged-g7-37-controls.stderr.log',
-   'docs/operators/deployment/releases/2026-10-06-g7-native26-calibration-progress/native59-info-evidence-tools/unchanged-g7-37-controls.stdout.log',
    'docs/operators/deployment/releases/2026-10-06-g7-native26-calibration-progress/native59-info-evidence-tools/unchanged-generic12-controls.result.json',
-   'docs/operators/deployment/releases/2026-10-06-g7-native26-calibration-progress/native59-info-evidence-tools/unchanged-generic12-controls.stderr.log',
-   'docs/operators/deployment/releases/2026-10-06-g7-native26-calibration-progress/native59-info-evidence-tools/unchanged-generic12-controls.stdout.log',
    'docs/operators/deployment/releases/2026-10-06-g7-native26-calibration-progress/native59-info-evidence-tools/verify-evidence.mjs',
    'docs/operators/deployment/releases/2026-10-06-g7-native26-calibration-progress/native59-info-tool-source-peer/FINAL-native59-info-independent-peer-review.json',
    'docs/operators/deployment/releases/2026-10-06-g7-native26-calibration-progress/native59-info-tool-source-peer/exact-library-diff.patch',
    'docs/operators/deployment/releases/2026-10-06-g7-native26-calibration-progress/native59-info-tool-source-peer/reviewed-source/evidence-lib.mjs',
    'docs/operators/deployment/releases/2026-10-06-g7-native26-calibration-progress/native59-info-tool-source-peer/reviewed-source/finalize-native59-info-tool-package.mjs',
...
    'docs/operators/deployment/releases/2026-10-06-g7-native26-calibration-progress/native59-inventory/finalize-inventory.mjs',
-   'docs/operators/deployment/releases/2026-10-06-g7-native26-calibration-progress/native59-inventory/finalize-inventory.stderr.log',
-   'docs/operators/deployment/releases/2026-10-06-g7-native26-calibration-progress/native59-inventory/finalize-inventory.stdout.log',
    'docs/operators/deployment/releases/2026-10-06-g7-native26-calibration-progress/native59-inventory/head.closed.json',
-   'docs/operators/deployment/releases/2026-10-06-g7-native26-calibration-progress/native59-inventory/head.stderr.log',
-   'docs/operators/deployment/releases/2026-10-06-g7-native26-calibration-progress/native59-inventory/head.stdout.log',
    'docs/operators/deployment/releases/2026-10-06-g7-native26-calibration-progress/native59-inventory/inventory-source.mjs',
    'docs/operators/deployment/releases/2026-10-06-g7-native26-calibration-progress/native59-inventory/management-workspaces.postgres-native.test.mjs.source',
    'docs/operators/deployment/releases/2026-10-06-g7-native26-calibration-progress/native59-inventory/postgres-buyer-critical-writer-split-v346.native.test.mjs.source',
    'docs/operators/deployment/releases/2026-10-06-g7-native26-calibration-progress/native59-inventory/postgres-buyer-split-grant-rerun-v348.native.test.mjs.source',
    'docs/operators/deployment/releases/2026-10-06-g7-native26-calibration-progress/native59-inventory/postgres-buyer-split-guardrail-v349.native.test.mjs.source',
...
    'docs/operators/deployment/releases/2026-10-06-g7-native26-calibration-progress/native59-inventory/protected-git.closed.json',
-   'docs/operators/deployment/releases/2026-10-06-g7-native26-calibration-progress/native59-inventory/protected-git.stderr.log',
    'docs/operators/deployment/releases/2026-10-06-g7-native26-calibration-progress/native59-inventory/protected-git.stdout.log.gz',
    'docs/operators/deployment/releases/2026-10-06-g7-native26-calibration-progress/native59-inventory/run-command.mjs',
    'docs/operators/deployment/releases/2026-10-06-g7-native26-calibration-progress/native59-inventory/source-discovery.closed.json',
    'docs/operators/deployment/releases/2026-10-06-g7-native26-calibration-progress/native59-inventory/source-discovery.json.gz',
-   'docs/operators/deployment/releases/2026-10-06-g7-native26-calibration-progress/native59-inventory/source-discovery.stderr.log',
-   'docs/operators/deployment/releases/2026-10-06-g7-native26-calibration-progress/native59-inventory/source-discovery.stdout.log',
    'docs/operators/deployment/releases/2026-10-06-g7-native26-calibration-progress/native59-inventory/tracked-paths.closed.json',
-   'docs/operators/deployment/releases/2026-10-06-g7-native26-calibration-progress/native59-inventory/tracked-paths.stderr.log',
    'docs/operators/deployment/releases/2026-10-06-g7-native26-calibration-progress/native59-inventory/tracked-paths.stdout.log.gz',
    'docs/operators/deployment/releases/2026-10-06-g7-native26-calibration-progress/old-meta-opaque-peer/FINAL-old-metadata-opaque-independent-peer-review.json',
    'docs/operators/deployment/releases/2026-10-06-g7-native26-calibration-progress/old-meta-opaque-peer/reviewed-source/pin-historical-facts.mjs',
    'docs/operators/deployment/releases/2026-10-06-g7-native26-calibration-progress/old-meta-opaque-peer/reviewed-source/run-command.mjs',
    'docs/operators/deployment/releases/2026-10-06-g7-native26-calibration-progress/old-meta-opaque-peer/reviewed-source/seal-final.mjs',
...
    'docs/operators/deployment/releases/2026-10-06-g7-native26-calibration-progress/old-meta-opaque-snapshot/historical-pin.result.json',
-   'docs/operators/deployment/releases/2026-10-06-g7-native26-calibration-progress/old-meta-opaque-snapshot/historical-pin.stderr.log',
-   'docs/operators/deployment/releases/2026-10-06-g7-native26-calibration-progress/old-meta-opaque-snapshot/historical-pin.stdout.log',
    'docs/operators/deployment/releases/2026-10-06-g7-native26-calibration-progress/old-meta-opaque-snapshot/opaque-transport-verification.json',
    'docs/operators/deployment/releases/2026-10-06-g7-native26-calibration-progress/old-meta-opaque-snapshot/pin-historical-facts.mjs',
    'docs/operators/deployment/releases/2026-10-06-g7-native26-calibration-progress/old-meta-opaque-snapshot/run-command.mjs',
    'docs/operators/deployment/releases/2026-10-06-g7-native26-calibration-progress/old-meta-opaque-snapshot/seal-final.mjs',
    'docs/operators/deployment/releases/2026-10-06-g7-native26-calibration-progress/old-meta-opaque-snapshot/seal-final.result.json',
-   'docs/operators/deployment/releases/2026-10-06-g7-native26-calibration-progress/old-meta-opaque-snapshot/seal-final.stderr.log',
-   'docs/operators/deployment/releases/2026-10-06-g7-native26-calibration-progress/old-meta-opaque-snapshot/seal-final.stdout.log',
    'docs/operators/deployment/releases/2026-10-06-g7-native26-calibration-progress/old-meta-opaque-snapshot/snapshot-opaque-meta.py',
    'docs/operators/deployment/releases/2026-10-06-g7-native26-calibration-progress/old-meta-opaque-snapshot/zip-roundtrip.result.json',
-   'docs/operators/deployment/releases/2026-10-06-g7-native26-calibration-progress/old-meta-opaque-snapshot/zip-roundtrip.stderr.log',
-   'docs/operators/deployment/releases/2026-10-06-g7-native26-calibration-progress/old-meta-opaque-snapshot/zip-roundtrip.stdout.log',
    'docs/operators/deployment/releases/2026-10-06-g7-native26-calibration-progress/original-final39-failed-admission-metadata/FINAL-original39-unsupported-admission.json',
    'docs/operators/deployment/releases/2026-10-06-g7-native26-calibration-progress/original-final39-failed-admission-metadata/STOPWRITE-original39-failed-metadata-seal.json',
    'docs/operators/deployment/releases/2026-10-06-g7-native26-calibration-progress/original-final39-failed-admission-metadata/final-combined-39-pure-audit.json.gz',
    'docs/operators/deployment/releases/2026-10-06-g7-native26-calibration-progress/original-final39-failed-admission-metadata/final-combined-39-pure-audit.result.json',
-   'docs/operators/deployment/releases/2026-10-06-g7-native26-calibration-progress/original-final39-failed-admission-metadata/final-combined-39-pure-audit.stderr.log',
-   'docs/operators/deployment/releases/2026-10-06-g7-native26-calibration-progress/original-final39-failed-admission-metadata/final-combined-39-pure-audit.stdout.log',
    'docs/operators/deployment/releases/2026-10-06-g7-native26-calibration-progress/original-final39-failed-admission-metadata/final-config-location.json',
    'docs/operators/deployment/releases/2026-10-06-g7-native26-calibration-progress/original-final39-failed-admission-metadata/prepare-final-collection-config.mjs',
    'docs/operators/deployment/releases/2026-10-06-g7-native26-calibration-progress/original-final39-failed-admission-metadata/prepare-final-collection-config.result.json',
-   'docs/operators/deployment/releases/2026-10-06-g7-native26-calibration-progress/original-final39-failed-admission-metadata/prepare-final-collection-config.stderr.log',
-   'docs/operators/deployment/releases/2026-10-06-g7-native26-calibration-progress/original-final39-failed-admission-metadata/prepare-final-collection-config.stdout.log',
    'docs/operators/deployment/releases/2026-10-06-g7-native26-calibration-progress/original-final39-failed-admission-metadata/run-tool-closed.mjs',
    'docs/operators/deployment/releases/2026-10-06-g7-native26-calibration-progress/original-final39-failed-admission-metadata/seal-reader-package.mjs',
    'docs/operators/deployment/releases/2026-10-06-g7-native26-calibration-progress/v364-next-diagnosis/FINAL-v364-next-readonly-diagnosis.json',
    'docs/operators/deployment/releases/2026-10-06-g7-native26-calibration-progress/v364-next-diagnosis/actual-archived-boundary-analysis.result.json',
    'docs/operators/deployment/releases/2026-10-06-g7-native26-calibration-progress/v364-next-diagnosis/actual-archived-boundary-analysis.stderr.txt',
...
    'docs/operators/deployment/releases/2026-10-06-g7-native26-calibration-progress/v364-partial-existing-reads-peer/close-existing-reads.mjs',
-   'docs/operators/deployment/releases/2026-10-06-g7-native26-calibration-progress/v364-partial-existing-reads-peer/close-existing-reads.stderr.log',
-   'docs/operators/deployment/releases/2026-10-06-g7-native26-calibration-progress/v364-partial-existing-reads-peer/close-existing-reads.stdout.log',
    'docs/operators/deployment/releases/2026-10-06-g7-native26-calibration-progress/v364-partial-existing-reads-peer/inspect-owner.closed.json',
    'docs/operators/deployment/releases/2026-10-06-g7-native26-calibration-progress/v364-partial-existing-reads-peer/inspect-owner.mjs',
-   'docs/operators/deployment/releases/2026-10-06-g7-native26-calibration-progress/v364-partial-existing-reads-peer/inspect-owner.stderr.log',
-   'docs/operators/deployment/releases/2026-10-06-g7-native26-calibration-progress/v364-partial-existing-reads-peer/inspect-owner.stdout.log',
    'docs/operators/deployment/releases/2026-10-06-g7-native26-calibration-progress/v364-partial-existing-reads-peer/inspect-raw-schema.closed.json',
    'docs/operators/deployment/releases/2026-10-06-g7-native26-calibration-progress/v364-partial-existing-reads-peer/inspect-raw-schema.mjs',
-   'docs/operators/deployment/releases/2026-10-06-g7-native26-calibration-progress/v364-partial-existing-reads-peer/inspect-raw-schema.stderr.log',
-   'docs/operators/deployment/releases/2026-10-06-g7-native26-calibration-progress/v364-partial-existing-reads-peer/inspect-raw-schema.stdout.log',
    'docs/operators/deployment/releases/2026-10-06-g7-native26-calibration-progress/v364-partial-existing-reads-peer/run-closed.mjs',
    'docs/operators/deployment/releases/2026-10-06-g7-native26-calibration-progress/v364-url-calibration-owner/FINAL-v364-direct-address-repair.json',
    'docs/operators/deployment/releases/2026-10-06-g7-native26-calibration-progress/v364-url-calibration-owner/actual-artifact-analysis.result.json',
    'docs/operators/deployment/releases/2026-10-06-g7-native26-calibration-progress/v364-url-calibration-owner/actual-artifact-analysis.stderr.txt',
    'docs/operators/deployment/releases/2026-10-06-g7-native26-calibration-progress/v364-url-calibration-owner/actual-artifact-analysis.stdout.txt',

    at file:///C:/Users/cina/AppData/Local/Temp/cinatoken-final-durable-collection-meta-S7NHM2/audit-final-archive-stage.mjs:7:104
    at ModuleJob.run (node:internal/modules/esm/module_job:430:25)
    at async onImport.tracePromise.__proto__ (node:internal/modules/esm/loader:661:26)
    at async asyncRunEntryPointWithESMLoader (node:internal/modules/run_main:101:5) {
  generatedMessage: true,
  code: 'ERR_ASSERTION',
  actual: [
    '.gitattributes',
    'docs/developers/architecture/web-frontend-migration.md',
    'docs/operators/deployment/releases/2026-10-06-g7-native26-calibration-progress-verification/README.md',
    'docs/operators/deployment/releases/2026-10-06-g7-native26-calibration-progress-verification/admission/FINAL-final42-frozen-capsule-admission.json',
    'docs/operators/deployment/releases/2026-10-06-g7-native26-calibration-progress-verification/admission/STOPWRITE-final42-capsule-admission-seal.json',
    'docs/operators/deployment/releases/2026-10-06-g7-native26-calibration-progress-verification/admission/final-42-capsule-pure-audit.json',
    'docs/operators/deployment/releases/2026-10-06-g7-native26-calibration-progress-verification/admission/final-42-capsule-pure-audit.result.json',
    'docs/operators/deployment/releases/2026-10-06-g7-native26-calibration-progress-verification/admission/final-capsule-admission-summary.result.json',
    'docs/operators/deployment/releases/2026-10-06-g7-native26-calibration-progress-verification/admission/final-capsule-config-location.json',
    'docs/operators/deployment/releases/2026-10-06-g7-native26-calibration-progress-verification/admission/finalize-capsule-admission.mjs',
    'docs/operators/deployment/releases/2026-10-06-g7-native26-calibration-progress-verification/admission/freeze-original39-failure.mjs',
    'docs/operators/deployment/releases/2026-10-06-g7-native26-calibration-progress-verification/admission/freeze-original39-failure.result.json',
    'docs/operators/deployment/releases/2026-10-06-g7-native26-calibration-progress-verification/admission/frozen-tool-byte-verification.json',
    'docs/operators/deployment/releases/2026-10-06-g7-native26-calibration-progress-verification/admission/prepare-capsule-final-config.mjs',
    'docs/operators/deployment/releases/2026-10-06-g7-native26-calibration-progress-verification/admission/prepare-capsule-final-config.result.json',
    'docs/operators/deployment/releases/2026-10-06-g7-native26-calibration-progress-verification/admission/run-tool-closed.mjs',
    'docs/operators/deployment/releases/2026-10-06-g7-native26-calibration-progress-verification/admission/seal-final-capsule-admission.mjs',
    'docs/operators/deployment/releases/2026-10-06-g7-native26-calibration-progress-verification/collection-config.json',
    'docs/operators/deployment/releases/2026-10-06-g7-native26-calibration-progress-verification/copy-manifest.json',
    'docs/operators/deployment/releases/2026-10-06-g7-native26-calibration-progress-verification/independent-peer/FINAL-final42-archive-independent-peer-seal.json',
    'docs/operators/deployment/releases/2026-10-06-g7-native26-calibration-progress-verification/independent-peer/FINAL-final42-archive-independent-peer.json',
    'docs/operators/deployment/releases/2026-10-06-g7-native26-calibration-progress-verification/independent-peer/audit-ee122-capsule.closed.json',
    'docs/operators/deployment/releases/2026-10-06-g7-native26-calibration-progress-verification/independent-peer/audit-ee122-capsule.py',
    'docs/operators/deployment/releases/2026-10-06-g7-native26-calibration-progress-verification/independent-peer/audit-full42-archive-v2.closed.json',
    'docs/operators/deployment/releases/2026-10-06-g7-native26-calibration-progress-verification/independent-peer/audit-full42-archive-v2.py',
    'docs/operators/deployment/releases/2026-10-06-g7-native26-calibration-progress-verification/independent-peer/audit-full42-archive.closed.json',
    'docs/operators/deployment/releases/2026-10-06-g7-native26-calibration-progress-verification/independent-peer/audit-full42-archive.py',
    'docs/operators/deployment/releases/2026-10-06-g7-native26-calibration-progress-verification/independent-peer/capture-child.mjs',
    'docs/operators/deployment/releases/2026-10-06-g7-native26-calibration-progress-verification/independent-peer/ee122-capsule-independent-audit.json',
    'docs/operators/deployment/releases/2026-10-06-g7-native26-calibration-progress-verification/independent-peer/finalize-independent-archive.closed.json',
    'docs/operators/deployment/releases/2026-10-06-g7-native26-calibration-progress-verification/independent-peer/finalize-independent-archive.mjs',
    'docs/operators/deployment/releases/2026-10-06-g7-native26-calibration-progress-verification/independent-peer/full42-archive-independent-audit.json',
    'docs/operators/deployment/releases/2026-10-06-g7-native26-calibration-progress-verification/independent-peer/inspect-archive-report.closed.json',
    'docs/operators/deployment/releases/2026-10-06-g7-native26-calibration-progress-verification/independent-peer/inspect-archive-report.mjs',
    'docs/operators/deployment/releases/2026-10-06-g7-native26-calibration-progress-verification/independent-peer/inspect-binding-schema.closed.json',
    'docs/operators/deployment/releases/2026-10-06-g7-native26-calibration-progress-verification/independent-peer/inspect-binding-schema.mjs',
    'docs/operators/deployment/releases/2026-10-06-g7-native26-calibration-progress-verification/independent-peer/inspect-capsule-process-provenance.closed.json',
    'docs/operators/deployment/releases/2026-10-06-g7-native26-calibration-progress-verification/independent-peer/inspect-capsule-process-provenance.mjs',
    'docs/operators/deployment/releases/2026-10-06-g7-native26-calibration-progress-verification/independent-peer/inspect-capsule-schema-small.closed.json',
    'docs/operators/deployment/releases/2026-10-06-g7-native26-calibration-progress-verification/independent-peer/inspect-capsule-schema-small.py',
    'docs/operators/deployment/releases/2026-10-06-g7-native26-calibration-progress-verification/independent-peer/inspect-capsule-schema.closed.json',
    'docs/operators/deployment/releases/2026-10-06-g7-native26-calibration-progress-verification/independent-peer/inspect-capsule-schema.py',
    'docs/operators/deployment/releases/2026-10-06-g7-native26-calibration-progress-verification/independent-peer/inspect-capsule.closed.json',
    'docs/operators/deployment/releases/2026-10-06-g7-native26-calibration-progress-verification/independent-peer/inspect-capsule.mjs',
    'docs/operators/deployment/releases/2026-10-06-g7-native26-calibration-progress-verification/independent-peer/inspect-final-admission.closed.json',
    'docs/operators/deployment/releases/2026-10-06-g7-native26-calibration-progress-verification/independent-peer/inspect-final-admission.mjs',
    'docs/operators/deployment/releases/2026-10-06-g7-native26-calibration-progress-verification/independent-peer/inspect-final-config.closed.json',
    'docs/operators/deployment/releases/2026-10-06-g7-native26-calibration-progress-verification/independent-peer/inspect-final-config.mjs',
    'docs/operators/deployment/releases/2026-10-06-g7-native26-calibration-progress-verification/independent-peer/prepare-archive-audit-continuation.closed.json',
    'docs/operators/deployment/releases/2026-10-06-g7-native26-calibration-progress-verification/independent-peer/prepare-archive-audit-continuation.py',
    'docs/operators/deployment/releases/2026-10-06-g7-native26-calibration-progress-verification/independent-peer/seal-independent-archive.closed.json',
    'docs/operators/deployment/releases/2026-10-06-g7-native26-calibration-progress-verification/independent-peer/seal-independent-archive.mjs',
    'docs/operators/deployment/releases/2026-10-06-g7-native26-calibration-progress-verification/root/audit-final-archive-stage.mjs',
    'docs/operators/deployment/releases/2026-10-06-g7-native26-calibration-progress-verification/root/collection-final.result.json',
    'docs/operators/deployment/releases/2026-10-06-g7-native26-calibration-progress-verification/root/configure-final-collection.mjs',
    'docs/operators/deployment/releases/2026-10-06-g7-native26-calibration-progress-verification/root/configure-final-collection.result.json',
    'docs/operators/deployment/releases/2026-10-06-g7-native26-calibration-progress-verification/root/final-archive-checklist-proof.json',
    'docs/operators/deployment/releases/2026-10-06-g7-native26-calibration-progress-verification/root/final-archive-cutover.deployment-guard.json',
    'docs/operators/deployment/releases/2026-10-06-g7-native26-calibration-progress-verification/root/final-cutover-guard.result.json',
    'docs/operators/deployment/releases/2026-10-06-g7-native26-calibration-progress-verification/root/freeze-late-root.result.json',
    'docs/operators/deployment/releases/2026-10-06-g7-native26-calibration-progress-verification/root/frozen-late-root-index.json',
    'docs/operators/deployment/releases/2026-10-06-g7-native26-calibration-progress-verification/root/guard-live-cutover.mjs',
    'docs/operators/deployment/releases/2026-10-06-g7-native26-calibration-progress-verification/root/install-frozen-archive.mjs',
    'docs/operators/deployment/releases/2026-10-06-g7-native26-calibration-progress-verification/root/portable-verification-final.json',
    'docs/operators/deployment/releases/2026-10-06-g7-native26-calibration-progress-verification/root/portable-verification-final.result.json',
    'docs/operators/deployment/releases/2026-10-06-g7-native26-calibration-progress-verification/root/update-final-archive-checklist.mjs',
    'docs/operators/deployment/releases/2026-10-06-g7-native26-calibration-progress-verification/root/update-final-checklist.result.json',
    'docs/operators/deployment/releases/2026-10-06-g7-native26-calibration-progress-verification/root/verification-final.json',
    'docs/operators/deployment/releases/2026-10-06-g7-native26-calibration-progress-verification/root/verification-final.result.json',
    'docs/operators/deployment/releases/2026-10-06-g7-native26-calibration-progress-verification/tools/collect-evidence.mjs',
    'docs/operators/deployment/releases/2026-10-06-g7-native26-calibration-progress-verification/tools/direct-socket-dialect.mjs',
    'docs/operators/deployment/releases/2026-10-06-g7-native26-calibration-progress-verification/tools/evidence-lib.mjs',
    'docs/operators/deployment/releases/2026-10-06-g7-native26-calibration-progress-verification/tools/frozen-data-binding.mjs',
    'docs/operators/deployment/releases/2026-10-06-g7-native26-calibration-progress-verification/tools/frozen-data-original-pins-v3.json',
    'docs/operators/deployment/releases/2026-10-06-g7-native26-calibration-progress-verification/tools/native59-info-binding.mjs',
    'docs/operators/deployment/releases/2026-10-06-g7-native26-calibration-progress-verification/tools/native59-original-receipt-pins.json',
    'docs/operators/deployment/releases/2026-10-06-g7-native26-calibration-progress-verification/tools/verify-evidence.mjs',
    'docs/operators/deployment/releases/2026-10-06-g7-native26-calibration-progress.json',
    'docs/operators/deployment/releases/2026-10-06-g7-native26-calibration-progress/all-frozen-data-reader-source-peer/FINAL-frozen-data-reader-independent-peer-review.json.gz',
    'docs/operators/deployment/releases/2026-10-06-g7-native26-calibration-progress/all-frozen-data-reader-source-peer/STOPWRITE-independent-peer-seal.json',
    'docs/operators/deployment/releases/2026-10-06-g7-native26-calibration-progress/all-frozen-data-reader-source-peer/all-frozen-final-config-v3.json.gz',
    'docs/operators/deployment/releases/2026-10-06-g7-native26-calibration-progress/all-frozen-data-reader-source-peer/direct-socket-dialect.mjs',
    'docs/operators/deployment/releases/2026-10-06-g7-native26-calibration-progress/all-frozen-data-reader-source-peer/evidence-lib.mjs',
    'docs/operators/deployment/releases/2026-10-06-g7-native26-calibration-progress/all-frozen-data-reader-source-peer/exact-source-patches-final.json',
    'docs/operators/deployment/releases/2026-10-06-g7-native26-calibration-progress/all-frozen-data-reader-source-peer/frozen-data-binding-controls.mjs',
    'docs/operators/deployment/releases/2026-10-06-g7-native26-calibration-progress/all-frozen-data-reader-source-peer/frozen-data-binding.mjs',
    'docs/operators/deployment/releases/2026-10-06-g7-native26-calibration-progress/all-frozen-data-reader-source-peer/frozen-data-original-pins-v3.json.gz',
    'docs/operators/deployment/releases/2026-10-06-g7-native26-calibration-progress/all-frozen-data-reader-source-peer/independent-minimal-source-diff.patch',
    'docs/operators/deployment/releases/2026-10-06-g7-native26-calibration-progress/all-frozen-first-admission-owner/FINAL-first-frozen-admission.json',
    'docs/operators/deployment/releases/2026-10-06-g7-native26-calibration-progress/all-frozen-first-admission-owner/PREPARED-all-frozen-config.json',
    'docs/operators/deployment/releases/2026-10-06-g7-native26-calibration-progress/all-frozen-first-admission-owner/STOPWRITE-first-frozen-admission-seal.json',
    'docs/operators/deployment/releases/2026-10-06-g7-native26-calibration-progress/all-frozen-first-admission-owner/all-frozen-config.json',
    'docs/operators/deployment/releases/2026-10-06-g7-native26-calibration-progress/all-frozen-first-admission-owner/all-frozen-input-inventory.json.gz',
    'docs/operators/deployment/releases/2026-10-06-g7-native26-calibration-progress/all-frozen-first-admission-owner/conversation-tool-negative-observations.json',
    'docs/operators/deployment/releases/2026-10-06-g7-native26-calibration-progress/all-frozen-first-admission-owner/finalize-first-admission-owner.mjs',
    'docs/operators/deployment/releases/2026-10-06-g7-native26-calibration-progress/all-frozen-first-admission-owner/finalize-first-admission-owner.result.json',
    'docs/operators/deployment/releases/2026-10-06-g7-native26-calibration-progress/all-frozen-first-admission-owner/original-full-frozen-audit.json.gz',
    'docs/operators/deployment/releases/2026-10-06-g7-native26-calibration-progress/all-frozen-first-admission-owner/original-full-frozen-audit.result.json',
    'docs/operators/deployment/releases/2026-10-06-g7-native26-calibration-progress/all-frozen-first-admission-owner/prepare-data-reader.result.json',
    'docs/operators/deployment/releases/2026-10-06-g7-native26-calibration-progress/all-frozen-first-admission-owner/prepare-final-config.result.json',
    ... 1767 more items
  ],
  expected: [
    '.gitattributes',
    'docs/developers/architecture/web-frontend-migration.md',
    'docs/operators/deployment/releases/2026-10-06-g7-native26-calibration-progress-verification/README.md',
    'docs/operators/deployment/releases/2026-10-06-g7-native26-calibration-progress-verification/admission/FINAL-final42-frozen-capsule-admission.json',
    'docs/operators/deployment/releases/2026-10-06-g7-native26-calibration-progress-verification/admission/STOPWRITE-final42-capsule-admission-seal.json',
    'docs/operators/deployment/releases/2026-10-06-g7-native26-calibration-progress-verification/admission/final-42-capsule-pure-audit.json',
    'docs/operators/deployment/releases/2026-10-06-g7-native26-calibration-progress-verification/admission/final-42-capsule-pure-audit.result.json',
    'docs/operators/deployment/releases/2026-10-06-g7-native26-calibration-progress-verification/admission/final-42-capsule-pure-audit.stderr.log',
    'docs/operators/deployment/releases/2026-10-06-g7-native26-calibration-progress-verification/admission/final-42-capsule-pure-audit.stdout.log',
    'docs/operators/deployment/releases/2026-10-06-g7-native26-calibration-progress-verification/admission/final-capsule-admission-summary.result.json',
    'docs/operators/deployment/releases/2026-10-06-g7-native26-calibration-progress-verification/admission/final-capsule-admission-summary.stderr.log',
    'docs/operators/deployment/releases/2026-10-06-g7-native26-calibration-progress-verification/admission/final-capsule-admission-summary.stdout.log',
    'docs/operators/deployment/releases/2026-10-06-g7-native26-calibration-progress-verification/admission/final-capsule-config-location.json',
    'docs/operators/deployment/releases/2026-10-06-g7-native26-calibration-progress-verification/admission/finalize-capsule-admission.mjs',
    'docs/operators/deployment/releases/2026-10-06-g7-native26-calibration-progress-verification/admission/freeze-original39-failure.mjs',
    'docs/operators/deployment/releases/2026-10-06-g7-native26-calibration-progress-verification/admission/freeze-original39-failure.result.json',
    'docs/operators/deployment/releases/2026-10-06-g7-native26-calibration-progress-verification/admission/freeze-original39-failure.stderr.log',
    'docs/operators/deployment/releases/2026-10-06-g7-native26-calibration-progress-verification/admission/freeze-original39-failure.stdout.log',
    'docs/operators/deployment/releases/2026-10-06-g7-native26-calibration-progress-verification/admission/frozen-tool-byte-verification.json',
    'docs/operators/deployment/releases/2026-10-06-g7-native26-calibration-progress-verification/admission/prepare-capsule-final-config.mjs',
    'docs/operators/deployment/releases/2026-10-06-g7-native26-calibration-progress-verification/admission/prepare-capsule-final-config.result.json',
    'docs/operators/deployment/releases/2026-10-06-g7-native26-calibration-progress-verification/admission/prepare-capsule-final-config.stderr.log',
    'docs/operators/deployment/releases/2026-10-06-g7-native26-calibration-progress-verification/admission/prepare-capsule-final-config.stdout.log',
    'docs/operators/deployment/releases/2026-10-06-g7-native26-calibration-progress-verification/admission/run-tool-closed.mjs',
    'docs/operators/deployment/releases/2026-10-06-g7-native26-calibration-progress-verification/admission/seal-final-capsule-admission.mjs',
    'docs/operators/deployment/releases/2026-10-06-g7-native26-calibration-progress-verification/collection-config.json',
    'docs/operators/deployment/releases/2026-10-06-g7-native26-calibration-progress-verification/copy-manifest.json',
    'docs/operators/deployment/releases/2026-10-06-g7-native26-calibration-progress-verification/independent-peer/FINAL-final42-archive-independent-peer-seal.json',
    'docs/operators/deployment/releases/2026-10-06-g7-native26-calibration-progress-verification/independent-peer/FINAL-final42-archive-independent-peer.json',
    'docs/operators/deployment/releases/2026-10-06-g7-native26-calibration-progress-verification/independent-peer/audit-ee122-capsule.closed.json',
    'docs/operators/deployment/releases/2026-10-06-g7-native26-calibration-progress-verification/independent-peer/audit-ee122-capsule.py',
    'docs/operators/deployment/releases/2026-10-06-g7-native26-calibration-progress-verification/independent-peer/audit-ee122-capsule.stderr.log',
    'docs/operators/deployment/releases/2026-10-06-g7-native26-calibration-progress-verification/independent-peer/audit-ee122-capsule.stdout.log',
    'docs/operators/deployment/releases/2026-10-06-g7-native26-calibration-progress-verification/independent-peer/audit-full42-archive-v2.closed.json',
    'docs/operators/deployment/releases/2026-10-06-g7-native26-calibration-progress-verification/independent-peer/audit-full42-archive-v2.py',
    'docs/operators/deployment/releases/2026-10-06-g7-native26-calibration-progress-verification/independent-peer/audit-full42-archive-v2.stderr.log',
    'docs/operators/deployment/releases/2026-10-06-g7-native26-calibration-progress-verification/independent-peer/audit-full42-archive-v2.stdout.log',
    'docs/operators/deployment/releases/2026-10-06-g7-native26-calibration-progress-verification/independent-peer/audit-full42-archive.closed.json',
    'docs/operators/deployment/releases/2026-10-06-g7-native26-calibration-progress-verification/independent-peer/audit-full42-archive.py',
    'docs/operators/deployment/releases/2026-10-06-g7-native26-calibration-progress-verification/independent-peer/audit-full42-archive.stderr.log',
    'docs/operators/deployment/releases/2026-10-06-g7-native26-calibration-progress-verification/independent-peer/audit-full42-archive.stdout.log',
    'docs/operators/deployment/releases/2026-10-06-g7-native26-calibration-progress-verification/independent-peer/capture-child.mjs',
    'docs/operators/deployment/releases/2026-10-06-g7-native26-calibration-progress-verification/independent-peer/ee122-capsule-independent-audit.json',
    'docs/operators/deployment/releases/2026-10-06-g7-native26-calibration-progress-verification/independent-peer/finalize-independent-archive.closed.json',
    'docs/operators/deployment/releases/2026-10-06-g7-native26-calibration-progress-verification/independent-peer/finalize-independent-archive.mjs',
    'docs/operators/deployment/releases/2026-10-06-g7-native26-calibration-progress-verification/independent-peer/finalize-independent-archive.stderr.log',
    'docs/operators/deployment/releases/2026-10-06-g7-native26-calibration-progress-verification/independent-peer/finalize-independent-archive.stdout.log',
    'docs/operators/deployment/releases/2026-10-06-g7-native26-calibration-progress-verification/independent-peer/full42-archive-independent-audit.json',
    'docs/operators/deployment/releases/2026-10-06-g7-native26-calibration-progress-verification/independent-peer/inspect-archive-report.closed.json',
    'docs/operators/deployment/releases/2026-10-06-g7-native26-calibration-progress-verification/independent-peer/inspect-archive-report.mjs',
    'docs/operators/deployment/releases/2026-10-06-g7-native26-calibration-progress-verification/independent-peer/inspect-archive-report.stderr.log',
    'docs/operators/deployment/releases/2026-10-06-g7-native26-calibration-progress-verification/independent-peer/inspect-archive-report.stdout.log',
    'docs/operators/deployment/releases/2026-10-06-g7-native26-calibration-progress-verification/independent-peer/inspect-binding-schema.closed.json',
    'docs/operators/deployment/releases/2026-10-06-g7-native26-calibration-progress-verification/independent-peer/inspect-binding-schema.mjs',
    'docs/operators/deployment/releases/2026-10-06-g7-native26-calibration-progress-verification/independent-peer/inspect-binding-schema.stderr.log',
    'docs/operators/deployment/releases/2026-10-06-g7-native26-calibration-progress-verification/independent-peer/inspect-binding-schema.stdout.log',
    'docs/operators/deployment/releases/2026-10-06-g7-native26-calibration-progress-verification/independent-peer/inspect-capsule-process-provenance.closed.json',
    'docs/operators/deployment/releases/2026-10-06-g7-native26-calibration-progress-verification/independent-peer/inspect-capsule-process-provenance.mjs',
    'docs/operators/deployment/releases/2026-10-06-g7-native26-calibration-progress-verification/independent-peer/inspect-capsule-process-provenance.stderr.log',
    'docs/operators/deployment/releases/2026-10-06-g7-native26-calibration-progress-verification/independent-peer/inspect-capsule-process-provenance.stdout.log',
    'docs/operators/deployment/releases/2026-10-06-g7-native26-calibration-progress-verification/independent-peer/inspect-capsule-schema-small.closed.json',
    'docs/operators/deployment/releases/2026-10-06-g7-native26-calibration-progress-verification/independent-peer/inspect-capsule-schema-small.py',
    'docs/operators/deployment/releases/2026-10-06-g7-native26-calibration-progress-verification/independent-peer/inspect-capsule-schema-small.stderr.log',
    'docs/operators/deployment/releases/2026-10-06-g7-native26-calibration-progress-verification/independent-peer/inspect-capsule-schema-small.stdout.log',
    'docs/operators/deployment/releases/2026-10-06-g7-native26-calibration-progress-verification/independent-peer/inspect-capsule-schema.closed.json',
    'docs/operators/deployment/releases/2026-10-06-g7-native26-calibration-progress-verification/independent-peer/inspect-capsule-schema.py',
    'docs/operators/deployment/releases/2026-10-06-g7-native26-calibration-progress-verification/independent-peer/inspect-capsule-schema.stderr.log',
    'docs/operators/deployment/releases/2026-10-06-g7-native26-calibration-progress-verification/independent-peer/inspect-capsule-schema.stdout.log',
    'docs/operators/deployment/releases/2026-10-06-g7-native26-calibration-progress-verification/independent-peer/inspect-capsule.closed.json',
    'docs/operators/deployment/releases/2026-10-06-g7-native26-calibration-progress-verification/independent-peer/inspect-capsule.mjs',
    'docs/operators/deployment/releases/2026-10-06-g7-native26-calibration-progress-verification/independent-peer/inspect-capsule.stderr.log',
    'docs/operators/deployment/releases/2026-10-06-g7-native26-calibration-progress-verification/independent-peer/inspect-capsule.stdout.log',
    'docs/operators/deployment/releases/2026-10-06-g7-native26-calibration-progress-verification/independent-peer/inspect-final-admission.closed.json',
    'docs/operators/deployment/releases/2026-10-06-g7-native26-calibration-progress-verification/independent-peer/inspect-final-admission.mjs',
    'docs/operators/deployment/releases/2026-10-06-g7-native26-calibration-progress-verification/independent-peer/inspect-final-admission.stderr.log',
    'docs/operators/deployment/releases/2026-10-06-g7-native26-calibration-progress-verification/independent-peer/inspect-final-admission.stdout.log',
    'docs/operators/deployment/releases/2026-10-06-g7-native26-calibration-progress-verification/independent-peer/inspect-final-config.closed.json',
    'docs/operators/deployment/releases/2026-10-06-g7-native26-calibration-progress-verification/independent-peer/inspect-final-config.mjs',
    'docs/operators/deployment/releases/2026-10-06-g7-native26-calibration-progress-verification/independent-peer/inspect-final-config.stderr.log',
    'docs/operators/deployment/releases/2026-10-06-g7-native26-calibration-progress-verification/independent-peer/inspect-final-config.stdout.log',
    'docs/operators/deployment/releases/2026-10-06-g7-native26-calibration-progress-verification/independent-peer/prepare-archive-audit-continuation.closed.json',
    'docs/operators/deployment/releases/2026-10-06-g7-native26-calibration-progress-verification/independent-peer/prepare-archive-audit-continuation.py',
    'docs/operators/deployment/releases/2026-10-06-g7-native26-calibration-progress-verification/independent-peer/prepare-archive-audit-continuation.stderr.log',
    'docs/operators/deployment/releases/2026-10-06-g7-native26-calibration-progress-verification/independent-peer/prepare-archive-audit-continuation.stdout.log',
    'docs/operators/deployment/releases/2026-10-06-g7-native26-calibration-progress-verification/independent-peer/seal-independent-archive.closed.json',
    'docs/operators/deployment/releases/2026-10-06-g7-native26-calibration-progress-verification/independent-peer/seal-independent-archive.mjs',
    'docs/operators/deployment/releases/2026-10-06-g7-native26-calibration-progress-verification/independent-peer/seal-independent-archive.stderr.log',
    'docs/operators/deployment/releases/2026-10-06-g7-native26-calibration-progress-verification/independent-peer/seal-independent-archive.stdout.log',
    'docs/operators/deployment/releases/2026-10-06-g7-native26-calibration-progress-verification/root/audit-final-archive-stage.mjs',
    'docs/operators/deployment/releases/2026-10-06-g7-native26-calibration-progress-verification/root/collection-final.result.json',
    'docs/operators/deployment/releases/2026-10-06-g7-native26-calibration-progress-verification/root/collection-final.stderr.log',
    'docs/operators/deployment/releases/2026-10-06-g7-native26-calibration-progress-verification/root/collection-final.stdout.log',
    'docs/operators/deployment/releases/2026-10-06-g7-native26-calibration-progress-verification/root/configure-final-collection.mjs',
    'docs/operators/deployment/releases/2026-10-06-g7-native26-calibration-progress-verification/root/configure-final-collection.result.json',
    'docs/operators/deployment/releases/2026-10-06-g7-native26-calibration-progress-verification/root/configure-final-collection.stderr.log',
    'docs/operators/deployment/releases/2026-10-06-g7-native26-calibration-progress-verification/root/configure-final-collection.stdout.log',
    'docs/operators/deployment/releases/2026-10-06-g7-native26-calibration-progress-verification/root/final-archive-checklist-proof.json',
    'docs/operators/deployment/releases/2026-10-06-g7-native26-calibration-progress-verification/root/final-archive-cutover.deployment-guard.json',
    'docs/operators/deployment/releases/2026-10-06-g7-native26-calibration-progress-verification/root/final-cutover-guard.result.json',
    'docs/operators/deployment/releases/2026-10-06-g7-native26-calibration-progress-verification/root/final-cutover-guard.stderr.log',
    ... 3385 more items
  ],
  operator: 'deepStrictEqual',
  diff: 'simple'
}

Node.js v24.14.1
