{
  "version": "2.8.0",
  "name": "cinatoken",
  "private": true,
  "repository": {
    "type": "git",
    "url": "https://github.com/cinagroup/cinatoken.git"
  },
  "type": "module",
  "workspaces": [
    ".",
    "packages/core",
    "packages/tool-engines",
    "packages/proxy",
    "packages/admin",
    "packages/web",
    "packages/chain-worker"
  ],
  "scripts": {
    "postinstall": "npm run gen:wrangler",
    "gen:wrangler": "node scripts/deploy/gen-wrangler.mjs",
    "verify:package-versions": "node scripts/ci/verify-package-versions.mjs",
    "ci:changeset-tag-push": "changeset tag && node scripts/ci/push-root-release-tag.mjs",
    "release:notes": "node scripts/release/render-release-notes.mjs",
    "dev:proxy": "npm run dev -w @octafuse/proxy",
    "dev:proxy:node": "dotenv -c -- npm run dev:node -w @octafuse/proxy",
    "dev:admin": "npm run preview -w @octafuse/admin",
    "dev:admin:node": "dotenv -c -- npm run dev:node -w @octafuse/admin",
    "dev:web": "npm run dev -w @cinatoken/web",
    "build:web": "npm run build:check -w @cinatoken/web",
    "typecheck:web": "npm run typecheck -w @cinatoken/web",
    "test:web": "npm run test:unit -w @cinatoken/web",
    "deploy:proxy": "npm run gen:wrangler -- --remote && npm run deploy -w @octafuse/proxy",
    "deploy:admin": "npm run build -w @octafuse/core && npm run gen:wrangler -- --remote && npm run deploy -w @octafuse/admin",
    "deploy:chain": "npm run build -w @octafuse/core && npm run gen:wrangler -- --remote && npm run deploy -w @cinatoken/chain-worker",
    "preflight:chain": "npm run preflight:contracts -w @cinatoken/chain-worker --",
    "bootstrap:cloudflare": "node scripts/deploy/bootstrap-cloudflare.mjs",
    "deploy:cloudflare": "node scripts/deploy/deploy-instance.mjs",
    "db:migrate": "npm run gen:wrangler && node scripts/deploy/wrangler-d1-cli.mjs migrations apply --local --persist-to .wrangler/state",
    "db:migrate:remote": "npm run gen:wrangler -- --remote && node scripts/deploy/wrangler-d1-cli.mjs migrations apply --remote",
    "db:migrate:pg": "dotenv -c -- tsx packages/core/src/migrate/cli.ts --driver postgres",
    "db:migrate:pg:docker": "node packages/core/dist/migrate/cli.js --driver postgres",
    "db:provision:pg-roles": "dotenv -c -- tsx scripts/db/cutover/provision-postgres-roles.ts",
    "db:grant:pg-runtime": "dotenv -c -- tsx scripts/db/cutover/grant-postgres-runtime.ts",
    "db:preflight:d1-source": "tsx scripts/db/cutover/preflight-d1-source.ts --d1-source=remote",
    "db:endpoint-backfill:plan": "tsx scripts/db/model-endpoints/cli.ts plan",
    "db:endpoint-backfill:apply": "tsx scripts/db/model-endpoints/cli.ts apply",
    "db:migrate:mysql": "dotenv -c -- tsx packages/core/src/migrate/cli.ts --driver mysql",
    "db:migrate:mysql:docker": "node packages/core/dist/migrate/cli.js --driver mysql",
    "db:list:pg": "dotenv -c -- tsx scripts/db/diag/list-pg-databases.ts",
    "predb:retention:provider-attempts": "npm run build:node-index -w @octafuse/core",
    "db:retention:provider-attempts": "dotenv -c -- tsx scripts/db/maintenance/provider-attempt-retention.ts",
    "db:query": "npm run gen:wrangler && node scripts/deploy/wrangler-d1-cli.mjs execute --local --persist-to .wrangler/state --command",
    "db:query:remote": "npm run gen:wrangler -- --remote && node scripts/deploy/wrangler-d1-cli.mjs execute --remote --command",
    "db:export:remote:schema": "tsx scripts/db/d1-remote-export/export-remote-schema.ts",
    "db:export:remote:data": "tsx scripts/db/d1-remote-export/export-remote-data.ts",
    "test:gateway:node-smoke": "dotenv -c -- tsx scripts/smoke/test-node-core-routes.ts",
    "test:gateway:postgres-smoke": "dotenv -c -- tsx scripts/smoke/test-postgres-core-routes.ts",
    "test:gateway:sql-storage-smoke": "dotenv -c -- tsx scripts/smoke/test-storage-concurrent-charge.ts",
    "test:public-catalog-readiness": "tsx scripts/smoke/test-public-catalog-readiness.ts",
    "test:public-catalog-readiness:contract": "tsx --test scripts/smoke/test-public-catalog-readiness.test.ts",
    "test:deploy": "node scripts/ci/run-deploy-unit-tests.mjs",
    "verify:proxy-bundle": "node scripts/ci/verify-proxy-bundle-externals.mjs",
    "test:d1-portal-ledger": "node scripts/ci/verify-d1-portal-ledger.mjs",
    "test:postgres-migration": "node scripts/ci/verify-postgres-migration-contract.mjs",
    "test:mysql-migration": "node scripts/ci/verify-mysql-migration-contract.mjs",
    "test:endpoint-backfill-plan": "tsx --test scripts/db/model-endpoints/*.test.ts",
    "test:postgres-role-provisioning": "tsx --test scripts/db/cutover/postgres-role-provisioning.test.ts scripts/db/cutover/diagnostic-auth.test.ts scripts/db/cutover/preflight-d1-source.test.ts scripts/db/cutover/hyperdrive-bootstrap-worker.test.ts",
    "test:unit": "npm run test:deploy && npm run test:d1-portal-ledger && npm run test:postgres-migration && npm run test:mysql-migration && npm run test:endpoint-backfill-plan && npm run test:public-catalog-readiness:contract && npm run test:postgres-role-provisioning && npm run test:unit -w @octafuse/core && npm run test:unit -w @octafuse/tool-engines && npm run test:unit -w @octafuse/proxy && npm run test:unit -w @octafuse/admin && npm run test:unit -w @cinatoken/chain-worker && npm run test:web",
    "test:public-catalog-boundary": "tsx --tsconfig packages/admin/tsconfig.json --test packages/proxy/src/routes/catalog-public-boundary.test.ts"
  },
  "devDependencies": {
    "@changesets/changelog-github": "^0.5.1",
    "@changesets/cli": "^2.29.8",
    "@types/node": "^25.5.0",
    "dotenv-cli": "^11.0.0",
    "tsx": "^4.21.0",
    "typescript": "^5.7.2",
    "wrangler": "^4.127.1"
  },
  "_id": "cinatoken@2.8.0",
  "extraneous": false,
  "path": "C:\\cinagroup\\cinatoken",
  "_dependencies": {},
  "peerDependencies": {},
  "problems": [
    "extraneous: js-cookie@3.0.8 C:\\cinagroup\\cinatoken\\node_modules\\js-cookie",
    "extraneous: uuid@14.0.2 C:\\cinagroup\\cinatoken\\node_modules\\uuid"
  ],
  "dependencies": {
    "@cinatoken/web": {
      "version": "2.8.0",
      "resolved": "file:../../packages/web",
      "overridden": false,
      "name": "@cinatoken/web",
      "private": true,
      "type": "module",
      "scripts": {
        "dev": "rsbuild dev --environment web",
        "build": "rsbuild build",
        "build:check": "npm run typecheck && rsbuild build",
        "typecheck": "tsc -b && tsc -p edge/tsconfig.json",
        "test:unit": "node scripts/test-unit.mjs",
        "gen:wrangler": "node scripts/gen-web-wrangler.mjs",
        "gen:wrangler:development": "node scripts/gen-web-wrangler.mjs --development",
        "release:package": "node scripts/package-release.mjs",
        "preview:edge": "wrangler dev --config wrangler.web.jsonc --port 8790",
        "lint": "eslint src/main.tsx src/legacy-root.tsx src/cinatoken rsbuild.config.ts edge scripts",
        "preview": "rsbuild preview --environment web",
        "format:check": "prettier --check src/main.tsx src/legacy-root.tsx src/env.d.ts src/cinatoken src/components/ui src/context/theme-provider.tsx src/styles src/lib/utils.ts src/lib/cookies.ts src/hooks/use-mobile.ts src/hooks/use-mobile.tsx index.html package.json rsbuild.config.ts tsconfig*.json eslint.config.js postcss.config.mjs .prettierrc components.json edge scripts ../../docker/web/*.mjs ../../.github/workflows/web-frontend.yml",
        "format": "prettier --write src/main.tsx src/legacy-root.tsx src/env.d.ts src/cinatoken src/components/ui src/context/theme-provider.tsx src/styles src/lib/utils.ts src/lib/cookies.ts src/hooks/use-mobile.ts src/hooks/use-mobile.tsx index.html package.json rsbuild.config.ts tsconfig*.json eslint.config.js postcss.config.mjs .prettierrc components.json edge scripts ../../docker/web/*.mjs ../../.github/workflows/web-frontend.yml",
        "copyright:check": "node scripts/add-copyright.mjs --check",
        "copyright": "node scripts/add-copyright.mjs",
        "i18n:sync": "node scripts/sync-i18n.mjs",
        "knip": "knip"
      },
      "devDependencies": {
        "@eslint/js": "^10.0.1",
        "@rsbuild/core": "^2.0.7",
        "@rsbuild/plugin-react": "^2.0.0",
        "@tanstack/eslint-plugin-query": "^5.100.14",
        "@tanstack/react-query-devtools": "^5.100.14",
        "@tanstack/react-router-devtools": "^1.167.0",
        "@tanstack/router-plugin": "^1.168.11",
        "@trivago/prettier-plugin-sort-imports": "^6.0.2",
        "@types/node": "^25.9.1",
        "@types/react": "^19.2.15",
        "@types/react-dom": "^19.2.3",
        "@xyflow/react": "^12.10.2",
        "embla-carousel-react": "^8.6.0",
        "eslint": "^10.4.0",
        "eslint-plugin-react-hooks": "^7.1.1",
        "eslint-plugin-react-refresh": "^0.5.2",
        "globals": "^17.6.0",
        "knip": "^6.14.2",
        "prettier": "^3.8.3",
        "prettier-plugin-tailwindcss": "^0.8.0",
        "shadcn": "^4.8.0",
        "typescript": "~6.0.3",
        "typescript-eslint": "^8.59.4"
      },
      "overrides": {
        "brace-expansion": "2.1.1",
        "dompurify": "3.4.5",
        "fast-uri": "3.1.2",
        "hono": "4.12.22",
        "ip-address": "10.2.0",
        "js-cookie": "3.0.7",
        "mermaid": "11.15.0",
        "minimist": "1.2.8",
        "postcss": "8.5.15",
        "qs": "6.15.2",
        "uuid": "14.0.0"
      },
      "_id": "@cinatoken/web@2.8.0",
      "extraneous": false,
      "path": "C:\\cinagroup\\cinatoken\\node_modules\\@cinatoken\\web",
      "_dependencies": {
        "@base-ui/react": "^1.5.0",
        "@fontsource-variable/lora": "^5.2.8",
        "@fontsource-variable/public-sans": "^5.2.7",
        "@hookform/resolvers": "^5.4.0",
        "@hugeicons/core-free-icons": "^4.1.4",
        "@hugeicons/react": "^1.1.6",
        "@tailwindcss/postcss": "^4.3.0",
        "@tanstack/react-query": "^5.100.14",
        "@tanstack/react-router": "^1.170.8",
        "@tanstack/react-table": "^8.21.3",
        "@tanstack/react-virtual": "^3.13.25",
        "@visactor/react-vchart": "^2.0.22",
        "@visactor/vchart": "^2.0.22",
        "ai": "^6.0.191",
        "auto-skeleton-react": "^1.0.5",
        "axios": "^1.16.1",
        "class-variance-authority": "^0.7.1",
        "clsx": "^2.1.1",
        "cmdk": "^1.1.1",
        "date-fns": "^4.3.0",
        "dayjs": "^1.11.20",
        "i18next": "^26.2.0",
        "i18next-browser-languagedetector": "^8.2.1",
        "input-otp": "^1.4.2",
        "lucide-react": "^1.16.0",
        "motion": "^12.40.0",
        "nanoid": "^5.1.11",
        "next-themes": "^0.4.6",
        "qrcode.react": "^4.2.0",
        "react": "^19.2.6",
        "react-day-picker": "^10.0.1",
        "react-dom": "^19.2.6",
        "react-hook-form": "^7.76.1",
        "react-i18next": "^17.0.8",
        "react-icons": "^5.6.0",
        "react-markdown": "^10.1.0",
        "react-resizable-panels": "^4.11.2",
        "react-top-loading-bar": "^3.0.2",
        "recharts": "3.8.1",
        "rehype-raw": "^7.0.0",
        "remark-gfm": "^4.0.1",
        "shiki": "^4.1.0",
        "sonner": "^2.0.7",
        "sse.js": "^2.8.0",
        "streamdown": "^2.5.0",
        "tailwind-merge": "^3.6.0",
        "tailwindcss": "^4.3.0",
        "tokenlens": "^1.3.1",
        "tw-animate-css": "^1.4.0",
        "use-stick-to-bottom": "^1.1.4",
        "vaul": "^1.1.2",
        "zod": "^4.4.3",
        "zustand": "^5.0.13"
      },
      "peerDependencies": {},
      "dependencies": {
        "@hookform/resolvers": {
          "version": "5.9.1",
          "resolved": "https://registry.npmjs.org/@hookform/resolvers/-/resolvers-5.9.1.tgz",
          "overridden": false,
          "name": "@hookform/resolvers",
          "amdName": "hookformResolvers",
          "description": "React Hook Form validation resolvers: Yup, Joi, Superstruct, Zod, Vest, Class Validator, io-ts, Nope, computed-types, TypeBox, arktype, Typanion, Effect-TS and VineJS",
          "main": "dist/resolvers.js",
          "module": "dist/resolvers.module.js",
          "umd:main": "dist/resolvers.umd.js",
          "source": "src/index.ts",
          "types": "dist/index.d.ts",
          "exports": {
            ".": {
              "types": "./dist/index.d.ts",
              "umd": "./dist/resolvers.umd.js",
              "import": "./dist/resolvers.mjs",
              "require": "./dist/resolvers.js"
            },
            "./zod": {
              "types": "./zod/dist/index.d.ts",
              "umd": "./zod/dist/zod.umd.js",
              "import": "./zod/dist/zod.mjs",
              "require": "./zod/dist/zod.js"
            },
            "./typebox": {
              "types": "./typebox/dist/index.d.ts",
              "umd": "./typebox/dist/typebox.umd.js",
              "import": "./typebox/dist/typebox.mjs",
              "require": "./typebox/dist/typebox.js"
            },
            "./yup": {
              "types": "./yup/dist/index.d.ts",
              "umd": "./yup/dist/yup.umd.js",
              "import": "./yup/dist/yup.mjs",
              "require": "./yup/dist/yup.js"
            },
            "./joi": {
              "types": "./joi/dist/index.d.ts",
              "umd": "./joi/dist/joi.umd.js",
              "import": "./joi/dist/joi.mjs",
              "require": "./joi/dist/joi.js"
            },
            "./vest": {
              "types": "./vest/dist/index.d.ts",
              "umd": "./vest/dist/vest.umd.js",
              "import": "./vest/dist/vest.mjs",
              "require": "./vest/dist/vest.js"
            },
            "./superstruct": {
              "types": "./superstruct/dist/index.d.ts",
              "umd": "./superstruct/dist/superstruct.umd.js",
              "import": "./superstruct/dist/superstruct.mjs",
              "require": "./superstruct/dist/superstruct.js"
            },
            "./class-validator": {
              "types": "./class-validator/dist/index.d.ts",
              "umd": "./class-validator/dist/class-validator.umd.js",
              "import": "./class-validator/dist/class-validator.mjs",
              "require": "./class-validator/dist/class-validator.js"
            },
            "./io-ts": {
              "types": "./io-ts/dist/index.d.ts",
              "umd": "./io-ts/dist/io-ts.umd.js",
              "import": "./io-ts/dist/io-ts.mjs",
              "require": "./io-ts/dist/io-ts.js"
            },
            "./nope": {
              "types": "./nope/dist/index.d.ts",
              "umd": "./nope/dist/nope.umd.js",
              "import": "./nope/dist/nope.mjs",
              "require": "./nope/dist/nope.js"
            },
            "./computed-types": {
              "types": "./computed-types/dist/index.d.ts",
              "umd": "./computed-types/dist/computed-types.umd.js",
              "import": "./computed-types/dist/computed-types.mjs",
              "require": "./computed-types/dist/computed-types.js"
            },
            "./typanion": {
              "types": "./typanion/dist/index.d.ts",
              "umd": "./typanion/dist/typanion.umd.js",
              "import": "./typanion/dist/typanion.mjs",
              "require": "./typanion/dist/typanion.js"
            },
            "./ajv": {
              "types": "./ajv/dist/index.d.ts",
              "umd": "./ajv/dist/ajv.umd.js",
              "import": "./ajv/dist/ajv.mjs",
              "require": "./ajv/dist/ajv.js"
            },
            "./arktype": {
              "types": "./arktype/dist/index.d.ts",
              "umd": "./arktype/dist/arktype.umd.js",
              "import": "./arktype/dist/arktype.mjs",
              "require": "./arktype/dist/arktype.js"
            },
            "./valibot": {
              "types": "./valibot/dist/index.d.ts",
              "umd": "./valibot/dist/valibot.umd.js",
              "import": "./valibot/dist/valibot.mjs",
              "require": "./valibot/dist/valibot.js"
            },
            "./typeschema": {
              "types": "./typeschema/dist/index.d.ts",
              "umd": "./typeschema/dist/typeschema.umd.js",
              "import": "./typeschema/dist/typeschema.mjs",
              "require": "./typeschema/dist/typeschema.js"
            },
            "./effect-ts": {
              "types": "./effect-ts/dist/index.d.ts",
              "umd": "./effect-ts/dist/effect-ts.umd.js",
              "import": "./effect-ts/dist/effect-ts.mjs",
              "require": "./effect-ts/dist/effect-ts.js"
            },
            "./vine": {
              "types": "./vine/dist/index.d.ts",
              "umd": "./vine/dist/vine.umd.js",
              "import": "./vine/dist/vine.mjs",
              "require": "./vine/dist/vine.js"
            },
            "./fluentvalidation-ts": {
              "types": "./fluentvalidation-ts/dist/index.d.ts",
              "umd": "./fluentvalidation-ts/dist/fluentvalidation-ts.umd.js",
              "import": "./fluentvalidation-ts/dist/fluentvalidation-ts.mjs",
              "require": "./fluentvalidation-ts/dist/fluentvalidation-ts.js"
            },
            "./standard-schema": {
              "types": "./standard-schema/dist/index.d.ts",
              "umd": "./standard-schema/dist/standard-schema.umd.js",
              "import": "./standard-schema/dist/standard-schema.mjs",
              "require": "./standard-schema/dist/standard-schema.js"
            },
            "./ata-validator": {
              "types": "./ata-validator/dist/index.d.ts",
              "umd": "./ata-validator/dist/ata-validator.umd.js",
              "import": "./ata-validator/dist/ata-validator.mjs",
              "require": "./ata-validator/dist/ata-validator.js"
            },
            "./package.json": "./package.json",
            "./*": "./*"
          },
          "files": [
            "dist",
            "yup/package.json",
            "yup/src",
            "yup/dist",
            "zod/package.json",
            "zod/src",
            "zod/dist",
            "vest/package.json",
            "vest/src",
            "vest/dist",
            "joi/package.json",
            "joi/src",
            "joi/dist",
            "superstruct/package.json",
            "superstruct/src",
            "superstruct/dist",
            "class-validator/package.json",
            "class-validator/src",
            "class-validator/dist",
            "io-ts/package.json",
            "io-ts/src",
            "io-ts/dist",
            "nope/package.json",
            "nope/src",
            "nope/dist",
            "computed-types/package.json",
            "computed-types/src",
            "computed-types/dist",
            "typanion/package.json",
            "typanion/src",
            "typanion/dist",
            "ajv/package.json",
            "ajv/src",
            "ajv/dist",
            "typebox/package.json",
            "typebox/src",
            "typebox/dist",
            "arktype/package.json",
            "arktype/src",
            "arktype/dist",
            "valibot/package.json",
            "valibot/src",
            "valibot/dist",
            "typeschema/package.json",
            "typeschema/src",
            "typeschema/dist",
            "effect-ts/package.json",
            "effect-ts/src",
            "effect-ts/dist",
            "effect-ts/package.json",
            "effect-ts/src",
            "effect-ts/dist",
            "vine/package.json",
            "vine/src",
            "vine/dist",
            "fluentvalidation-ts/package.json",
            "fluentvalidation-ts/src",
            "fluentvalidation-ts/dist",
            "standard-schema/package.json",
            "standard-schema/src",
            "standard-schema/dist",
            "ata-validator/package.json",
            "ata-validator/src",
            "ata-validator/dist"
          ],
          "publishConfig": {
            "access": "public"
          },
          "scripts": {
            "prepare": "run-s build:src",
            "build": "cross-env npm-run-all --parallel 'build:*'",
            "build:src": "microbundle build --tsconfig tsconfig.build.json --globals react-hook-form=ReactHookForm",
            "build:zod": "microbundle --cwd zod --globals @hookform/resolvers=hookformResolvers,react-hook-form=ReactHookForm",
            "build:yup": "microbundle --cwd yup --globals @hookform/resolvers=hookformResolvers,react-hook-form=ReactHookForm",
            "build:joi": "microbundle --cwd joi --globals @hookform/resolvers=hookformResolvers,react-hook-form=ReactHookForm",
            "build:superstruct": "microbundle --cwd superstruct --globals @hookform/resolvers=hookformResolvers,react-hook-form=ReactHookForm",
            "build:io-ts": "microbundle --cwd io-ts --globals @hookform/resolvers=hookformResolvers,react-hook-form=ReactHookForm,fp-ts/Either=Either,fp-ts/function=_function,fp-ts/Option=Option,fp-ts/ReadonlyArray=ReadonlyArray,fp-ts/Semigroup=Semigroup,fp-ts/ReadonlyRecord=ReadonlyRecord",
            "build:vest": "microbundle --cwd vest --globals @hookform/resolvers=hookformResolvers,react-hook-form=ReactHookForm",
            "build:class-validator": "microbundle --cwd class-validator --globals @hookform/resolvers=hookformResolvers,react-hook-form=ReactHookForm",
            "build:nope": "microbundle --cwd nope --globals @hookform/resolvers=hookformResolvers,react-hook-form=ReactHookForm",
            "build:computed-types": "microbundle --cwd computed-types --globals @hookform/resolvers=hookformResolvers,react-hook-form=ReactHookForm",
            "build:typanion": "microbundle --cwd typanion --globals @hookform/resolvers=hookformResolvers,react-hook-form=ReactHookForm",
            "build:ajv": "microbundle --cwd ajv --globals @hookform/resolvers=hookformResolvers,react-hook-form=ReactHookForm",
            "build:typebox": "microbundle --cwd typebox --globals @hookform/resolvers=hookformResolvers,react-hook-form=ReactHookForm,@sinclair/typebox/value=value,@sinclair/typebox/compiler=compiler",
            "build:arktype": "microbundle --cwd arktype --globals @hookform/resolvers=hookformResolvers,react-hook-form=ReactHookForm",
            "build:valibot": "microbundle --cwd valibot --globals @hookform/resolvers=hookformResolvers,react-hook-form=ReactHookForm",
            "build:typeschema": "microbundle --cwd typeschema --globals @hookform/resolvers=hookformResolvers,react-hook-form=ReactHookForm,@typeschema/main=main",
            "build:effect-ts": "microbundle --cwd effect-ts --globals @hookform/resolvers=hookformResolvers,react-hook-form=ReactHookForm,effect=Effect,effect/SchemaAST=EffectSchemaAST,effect/ParseResult=EffectParseResult",
            "build:vine": "microbundle --cwd vine --globals @hookform/resolvers=hookformResolvers,react-hook-form=ReactHookForm,@vinejs/vine=vine",
            "build:fluentvalidation-ts": "microbundle --cwd fluentvalidation-ts --globals @hookform/resolvers=hookformResolvers,react-hook-form=ReactHookForm",
            "build:standard-schema": "microbundle --cwd standard-schema --globals @hookform/resolvers=hookformResolvers,react-hook-form=ReactHookForm,@standard-schema/spec=standardSchema",
            "build:ata-validator": "microbundle --cwd ata-validator --globals @hookform/resolvers=hookformResolvers,react-hook-form=ReactHookForm,ata-validator=ataValidator",
            "postbuild": "node ./config/node-13-exports.js && check-export-map && node ./config/check-peer-deps.js",
            "lint": "biome check --write --vcs-use-ignore-file=true .",
            "lint:types": "tsc",
            "test": "vitest run",
            "test:watch": "vitest watch",
            "check:all": "npm-run-all --parallel lint:* test"
          },
          "keywords": [
            "scheme",
            "validation",
            "scheme-validation",
            "hookform",
            "react-hook-form",
            "yup",
            "joi",
            "superstruct",
            "typescript",
            "zod",
            "vest",
            "class-validator",
            "io-ts",
            "effect-ts",
            "nope",
            "computed-types",
            "typanion",
            "ajv",
            "TypeBox",
            "arktype",
            "typeschema",
            "vine",
            "fluentvalidation-ts",
            "standard-schema",
            "ata-validator"
          ],
          "repository": {
            "type": "git",
            "url": "git+https://github.com/react-hook-form/resolvers.git"
          },
          "author": "bluebill1049 <bluebill1049@hotmail.com>",
          "license": "MIT",
          "bugs": {
            "url": "https://github.com/react-hook-form/resolvers/issues"
          },
          "homepage": "https://react-hook-form.com",
          "devDependencies": {
            "@biomejs/biome": "^1.9.4",
            "@sinclair/typebox": "^0.34.52",
            "@standard-schema/spec": "^1.1.0",
            "@testing-library/dom": "^10.4.1",
            "@testing-library/jest-dom": "^6.10.0",
            "@testing-library/react": "^16.3.2",
            "@testing-library/user-event": "^14.6.1",
            "@types/node": "^22.20.1",
            "@types/react": "^19.2.17",
            "@typeschema/core": "^0.14.0",
            "@typeschema/main": "^0.14.1",
            "@typeschema/zod": "^0.14.0",
            "@vinejs/vine": "^4.4.0",
            "@vitejs/plugin-react": "^4.7.0",
            "ajv": "^8.20.0",
            "ata-validator": "^1.2.0",
            "ajv-errors": "^3.0.0",
            "ajv-formats": "^2.1.1",
            "arktype": "2.0.4",
            "check-export-map": "^1.3.1",
            "class-transformer": "^0.5.1",
            "class-validator": "^0.14.4",
            "computed-types": "^1.11.2",
            "cross-env": "^7.0.3",
            "effect": "^3.22.0",
            "fluentvalidation-ts": "^3.3.0",
            "fp-ts": "^2.16.11",
            "io-ts": "^2.2.22",
            "io-ts-types": "^0.5.19",
            "joi": "^18.2.3",
            "jsdom": "^26.1.0",
            "lefthook": "^1.13.6",
            "microbundle": "^0.15.1",
            "monocle-ts": "^2.3.13",
            "newtype-ts": "^0.3.5",
            "nope-validator": "^1.2.2",
            "npm-run-all": "^4.1.5",
            "react": "^19.2.8",
            "react-dom": "^19.2.8",
            "react-hook-form": "^7.83.0",
            "reflect-metadata": "^0.2.2",
            "superstruct": "^2.0.2",
            "typanion": "^3.14.0",
            "typescript": "^6.0.3",
            "valibot": "1.0.0-beta.12",
            "vest": "^6.3.2",
            "vite": "^6.4.3",
            "vite-tsconfig-paths": "^5.1.4",
            "vitest": "^3.2.7",
            "yup": "^1.7.1",
            "zod": "^3.25.76"
          },
          "peerDependencies": {
            "@sinclair/typebox": ">=0.25.24",
            "@standard-schema/spec": "^1.0.0",
            "@typeschema/main": ">=0.13.7",
            "@vinejs/vine": "^2.0.0 || ^3.0.0 || ^4.0.0",
            "ajv": "^8.12.0",
            "ajv-errors": "^3.0.0",
            "ajv-formats": "^2.1.1",
            "arktype": "^2.0.0",
            "ata-validator": "^1.2.0",
            "class-transformer": ">=0.4.0",
            "class-validator": ">=0.12.0",
            "computed-types": "^1.0.0",
            "effect": "^3.10.3",
            "fluentvalidation-ts": "^3.0.0",
            "fp-ts": "^2.7.0",
            "io-ts": "^2.0.0",
            "joi": "^17.0.0 || ^18.0.0",
            "nope-validator": ">=0.12.0",
            "react-hook-form": "^7.55.0",
            "superstruct": ">=0.12.0",
            "typanion": "^3.3.2",
            "valibot": ">=0.31.0 || ^1.0.0-beta.4 || ^1.0.0-rc",
            "vest": ">=6.0.0",
            "yup": "^1.0.0",
            "zod": "^3.25.0 || ^4.0.0"
          },
          "peerDependenciesMeta": {
            "@sinclair/typebox": {
              "optional": true
            },
            "@standard-schema/spec": {
              "optional": true
            },
            "@typeschema/main": {
              "optional": true
            },
            "@vinejs/vine": {
              "optional": true
            },
            "ajv": {
              "optional": true
            },
            "ajv-errors": {
              "optional": true
            },
            "ajv-formats": {
              "optional": true
            },
            "arktype": {
              "optional": true
            },
            "ata-validator": {
              "optional": true
            },
            "class-transformer": {
              "optional": true
            },
            "class-validator": {
              "optional": true
            },
            "computed-types": {
              "optional": true
            },
            "effect": {
              "optional": true
            },
            "fluentvalidation-ts": {
              "optional": true
            },
            "fp-ts": {
              "optional": true
            },
            "io-ts": {
              "optional": true
            },
            "joi": {
              "optional": true
            },
            "nope-validator": {
              "optional": true
            },
            "superstruct": {
              "optional": true
            },
            "typanion": {
              "optional": true
            },
            "valibot": {
              "optional": true
            },
            "vest": {
              "optional": true
            },
            "yup": {
              "optional": true
            },
            "zod": {
              "optional": true
            }
          },
          "overrides": {
            "ajv": "^8.20.0"
          },
          "_id": "@hookform/resolvers@5.9.1",
          "extraneous": false,
          "path": "C:\\cinagroup\\cinatoken\\packages\\web\\node_modules\\@hookform\\resolvers",
          "_dependencies": {
            "@standard-schema/utils": "^0.3.0"
          },
          "dependencies": {
            "ajv-formats": {
              "version": "3.0.1",
              "resolved": "https://registry.npmjs.org/ajv-formats/-/ajv-formats-3.0.1.tgz",
              "overridden": false,
              "name": "ajv-formats",
              "description": "Format validation for Ajv v7+",
              "main": "dist/index.js",
              "types": "dist/index.d.ts",
              "files": [
                "src/",
                "dist/"
              ],
              "scripts": {
                "build": "tsc",
                "prettier:write": "prettier --write \"./**/*.{md,json,yaml,js,ts}\"",
                "prettier:check": "prettier --list-different \"./**/*.{md,json,yaml,js,ts}\"",
                "eslint": "eslint --ext .ts ./src/**/*",
                "test-spec": "jest",
                "test-cov": "jest --coverage",
                "test": "npm run prettier:check && npm run build && npm run eslint && npm run test-cov",
                "ci-test": "npm run test"
              },
              "repository": {
                "type": "git",
                "url": "git+https://github.com/ajv-validator/ajv-formats.git"
              },
              "keywords": [
                "Ajv",
                "JSON-Schema",
                "format",
                "validation"
              ],
              "author": "Evgeny Poberezkin",
              "license": "MIT",
              "bugs": {
                "url": "https://github.com/ajv-validator/ajv-formats/issues"
              },
              "homepage": "https://github.com/ajv-validator/ajv-formats#readme",
              "peerDependencies": {
                "ajv": "^8.0.0"
              },
              "peerDependenciesMeta": {
                "ajv": {
                  "optional": true
                }
              },
              "devDependencies": {
                "@ajv-validator/config": "^0.3.0",
                "@types/jest": "^26.0.5",
                "@types/node": "^14.10.1",
                "@typescript-eslint/eslint-plugin": "^3.7.0",
                "@typescript-eslint/parser": "^3.7.0",
                "ajv": "^8.0.0",
                "eslint": "^7.5.0",
                "eslint-config-prettier": "^6.11.0",
                "husky": "^4.2.5",
                "jest": "^26.1.0",
                "json-schema-test": "^2.0.0",
                "lint-staged": "^10.2.11",
                "prettier": "^2.3.2",
                "ts-jest": "^26.1.3",
                "typescript": "^4.0.0"
              },
              "prettier": "@ajv-validator/config/prettierrc.json",
              "husky": {
                "hooks": {
                  "pre-commit": "lint-staged && npm test"
                }
              },
              "lint-staged": {
                "*.{md,json,yaml,js,ts}": "prettier --write"
              },
              "_id": "ajv-formats@3.0.1",
              "extraneous": false,
              "path": "C:\\cinagroup\\cinatoken\\node_modules\\ajv-formats",
              "_dependencies": {
                "ajv": "^8.0.0"
              },
              "invalid": "\"^2.1.1\" from packages/web/node_modules/@hookform/resolvers",
              "dependencies": {
                "ajv": {
                  "version": "8.20.0",
                  "resolved": "https://registry.npmjs.org/ajv/-/ajv-8.20.0.tgz",
                  "overridden": false,
                  "name": "ajv",
                  "description": "Another JSON Schema Validator",
                  "main": "dist/ajv.js",
                  "types": "dist/ajv.d.ts",
                  "files": [
                    "lib/",
                    "dist/",
                    ".runkit_example.js"
                  ],
                  "sideEffects": false,
                  "scripts": {
                    "eslint": "eslint \"lib/**/*.ts\" \"spec/**/*.*s\" --ignore-pattern spec/JSON-Schema-Test-Suite",
                    "prettier:write": "prettier --write \"./**/*.{json,yaml,js,ts}\"",
                    "prettier:check": "prettier --list-different \"./**/*.{json,yaml,js,ts}\"",
                    "test-spec": "cross-env TS_NODE_PROJECT=spec/tsconfig.json mocha -r ts-node/register \"spec/**/*.spec.{ts,js}\" -R dot",
                    "test-codegen": "nyc cross-env TS_NODE_PROJECT=spec/tsconfig.json mocha -r ts-node/register 'spec/codegen.spec.ts' -R spec",
                    "test-debug": "npm run test-spec -- --inspect-brk",
                    "test-cov": "nyc npm run test-spec",
                    "rollup": "rm -rf bundle && rollup -c",
                    "bundle": "rm -rf bundle && node ./scripts/bundle.js ajv ajv7 ajv7 && node ./scripts/bundle.js 2019 ajv2019 ajv2019 && node ./scripts/bundle.js 2020 ajv2020 ajv2020 && node ./scripts/bundle.js jtd ajvJTD ajvJTD",
                    "build": "rm -rf dist && tsc && cp -r lib/refs dist && rm dist/refs/json-schema-2019-09/index.ts && rm dist/refs/json-schema-2020-12/index.ts && rm dist/refs/jtd-schema.ts",
                    "json-tests": "rm -rf spec/_json/*.js && node scripts/jsontests",
                    "test-karma": "karma start",
                    "test-browser": "rm -rf .browser && npm run bundle && scripts/prepare-tests && karma start",
                    "test-all": "npm run test-cov",
                    "test": "npm run json-tests && npm run prettier:check && npm run eslint && npm link && npm link --legacy-peer-deps ajv && npm run test-cov",
                    "test-ci": "AJV_FULL_TEST=true npm test",
                    "prepublish": "npm run build",
                    "benchmark": "npm i && npm run build && npm link && cd ./benchmark && npm link --legacy-peer-deps ajv && npm i && node ./jtd",
                    "docs:dev": "./scripts/prepare-site && vuepress dev docs",
                    "docs:build": "./scripts/prepare-site && vuepress build docs"
                  },
                  "nyc": {
                    "exclude": [
                      "**/spec/**",
                      "node_modules"
                    ],
                    "reporter": [
                      "lcov",
                      "text-summary"
                    ]
                  },
                  "repository": "ajv-validator/ajv",
                  "keywords": [
                    "JSON",
                    "schema",
                    "validator",
                    "validation",
                    "jsonschema",
                    "json-schema",
                    "json-schema-validator",
                    "json-schema-validation"
                  ],
                  "author": "Evgeny Poberezkin",
                  "license": "MIT",
                  "bugs": "https://github.com/ajv-validator/ajv/issues",
                  "homepage": "https://ajv.js.org",
                  "runkitExampleFilename": ".runkit_example.js",
                  "devDependencies": {
                    "@ajv-validator/config": "^0.5.0",
                    "@rollup/plugin-commonjs": "^25.0.7",
                    "@rollup/plugin-json": "^6.1.0",
                    "@rollup/plugin-node-resolve": "^15.2.3",
                    "@rollup/plugin-typescript": "^11.1.6",
                    "@types/chai": "^4.3.11",
                    "@types/mocha": "^10.0.6",
                    "@types/node": "^20.11.30",
                    "@types/require-from-string": "^1.2.3",
                    "@typescript-eslint/eslint-plugin": "^7.3.1",
                    "@typescript-eslint/parser": "^7.3.1",
                    "ajv-formats": "^3.0.1",
                    "browserify": "^17.0.0",
                    "chai": "^4.4.1",
                    "cross-env": "^7.0.3",
                    "dayjs": "^1.11.10",
                    "dayjs-plugin-utc": "^0.1.2",
                    "eslint": "^8.57.0",
                    "eslint-config-prettier": "^9.1.0",
                    "glob": "^10.3.10",
                    "husky": "^9.0.11",
                    "jimp": "^0.22.10",
                    "js-beautify": "^1.15.1",
                    "json-schema-test": "^2.0.0",
                    "karma": "^6.4.2",
                    "karma-chrome-launcher": "^3.2.0",
                    "karma-mocha": "^2.0.1",
                    "lint-staged": "^15.2.2",
                    "mocha": "^10.3.0",
                    "module-from-string": "^3.3.0",
                    "node-fetch": "^3.3.2",
                    "nyc": "^15.1.0",
                    "prettier": "3.0.3",
                    "re2": "^1.20.9",
                    "rollup": "^2.79.1",
                    "rollup-plugin-terser": "^7.0.2",
                    "ts-node": "^10.9.2",
                    "tsify": "^5.0.4",
                    "typescript": "5.3.3",
                    "uri-js": "^4.4.1"
                  },
                  "collective": {
                    "type": "opencollective",
                    "url": "https://opencollective.com/ajv"
                  },
                  "funding": {
                    "type": "github",
                    "url": "https://github.com/sponsors/epoberezkin"
                  },
                  "prettier": "@ajv-validator/config/prettierrc.json",
                  "husky": {
                    "hooks": {
                      "pre-commit": "lint-staged && npm test"
                    }
                  },
                  "lint-staged": {
                    "*.{json,yaml,js,ts}": "prettier --write"
                  },
                  "_id": "ajv@8.20.0",
                  "extraneous": false,
                  "path": "C:\\cinagroup\\cinatoken\\node_modules\\ajv-formats\\node_modules\\ajv",
                  "_dependencies": {
                    "fast-deep-equal": "^3.1.3",
                    "fast-uri": "^3.0.1",
                    "json-schema-traverse": "^1.0.0",
                    "require-from-string": "^2.0.2"
                  },
                  "peerDependencies": {},
                  "dependencies": {
                    "fast-uri": {
                      "version": "3.1.8",
                      "resolved": "https://registry.npmjs.org/fast-uri/-/fast-uri-3.1.8.tgz",
                      "overridden": false,
                      "name": "fast-uri",
                      "description": "Dependency-free RFC 3986 URI toolbox",
                      "main": "index.js",
                      "type": "commonjs",
                      "types": "types/index.d.ts",
                      "license": "BSD-3-Clause",
                      "author": "Vincent Le Goff <vince.legoff@gmail.com> (https://github.com/zekth)",
                      "contributors": [
                        {
                          "name": "Matteo Collina",
                          "email": "hello@matteocollina.com"
                        },
                        {
                          "name": "Gürgün Dayıoğlu",
                          "email": "hey@gurgun.day",
                          "url": "https://heyhey.to/G"
                        },
                        {
                          "name": "Aras Abbasi",
                          "email": "aras.abbasi@gmail.com"
                        },
                        {
                          "name": "Frazer Smith",
                          "email": "frazer.dev@icloud.com",
                          "url": "https://github.com/fdawgs"
                        }
                      ],
                      "repository": {
                        "type": "git",
                        "url": "git+https://github.com/fastify/fast-uri.git"
                      },
                      "bugs": {
                        "url": "https://github.com/fastify/fast-uri/issues"
                      },
                      "homepage": "https://github.com/fastify/fast-uri",
                      "funding": [
                        {
                          "type": "github",
                          "url": "https://github.com/sponsors/fastify"
                        },
                        {
                          "type": "opencollective",
                          "url": "https://opencollective.com/fastify"
                        }
                      ],
                      "scripts": {
                        "lint": "eslint",
                        "lint:fix": "eslint --fix",
                        "test": "npm run test:unit && npm run test:typescript",
                        "test:browser:chromium": "playwright-test ./test/* --runner tape --browser=chromium",
                        "test:browser:firefox": "playwright-test ./test/* --runner tape --browser=firefox",
                        "test:browser:webkit": "playwright-test ./test/* --runner tape --browser=webkit",
                        "test:browser": "npm run test:browser:chromium && npm run test:browser:firefox && npm run test:browser:webkit",
                        "test:unit": "tape test/**/*.js",
                        "test:unit:dev": "npm run test:unit -- --coverage-report=html",
                        "test:typescript": "tsd"
                      },
                      "devDependencies": {
                        "ajv": "^8.16.0",
                        "eslint": "^9.17.0",
                        "neostandard": "^0.13.0",
                        "playwright-test": "^14.1.12",
                        "tape": "^5.8.1",
                        "tsd": "^0.33.0"
                      },
                      "_id": "fast-uri@3.1.8",
                      "extraneous": false,
                      "path": "C:\\cinagroup\\cinatoken\\node_modules\\fast-uri",
                      "_dependencies": {},
                      "peerDependencies": {}
                    }
                  }
                }
              }
            }
          }
        },
        "@tailwindcss/postcss": {
          "version": "4.3.3",
          "resolved": "https://registry.npmjs.org/@tailwindcss/postcss/-/postcss-4.3.3.tgz",
          "overridden": false,
          "name": "@tailwindcss/postcss",
          "description": "PostCSS plugin for Tailwind CSS, a utility-first CSS framework for rapidly building custom user interfaces",
          "license": "MIT",
          "repository": {
            "type": "git",
            "url": "https://github.com/tailwindlabs/tailwindcss.git",
            "directory": "packages/@tailwindcss-postcss"
          },
          "bugs": "https://github.com/tailwindlabs/tailwindcss/issues",
          "homepage": "https://tailwindcss.com",
          "files": [
            "dist/"
          ],
          "publishConfig": {
            "provenance": true,
            "access": "public"
          },
          "exports": {
            ".": {
              "import": {
                "types": "./dist/index.d.mts",
                "default": "./dist/index.mjs"
              },
              "require": {
                "types": "./dist/index.d.ts",
                "default": "./dist/index.js"
              }
            }
          },
          "devDependencies": {
            "@types/node": "22.19.21",
            "@types/postcss-import": "14.0.3",
            "dedent": "1.7.2",
            "postcss-import": "^16.1.1",
            "internal-example-plugin": "0.0.0"
          },
          "scripts": {
            "lint": "tsc --noEmit",
            "build": "tsup-node",
            "dev": "pnpm run build -- --watch"
          },
          "_id": "@tailwindcss/postcss@4.3.3",
          "extraneous": false,
          "path": "C:\\cinagroup\\cinatoken\\node_modules\\@tailwindcss\\postcss",
          "_dependencies": {
            "@alloc/quick-lru": "^5.2.0",
            "postcss": "^8.5.16",
            "@tailwindcss/node": "4.3.3",
            "@tailwindcss/oxide": "4.3.3",
            "tailwindcss": "4.3.3"
          },
          "peerDependencies": {},
          "dependencies": {
            "postcss": {
              "version": "8.5.28",
              "resolved": "https://registry.npmjs.org/postcss/-/postcss-8.5.28.tgz",
              "overridden": false,
              "name": "postcss",
              "description": "Tool for transforming styles with JS plugins",
              "keywords": [
                "css",
                "manipulation",
                "parser",
                "postcss",
                "preprocessor",
                "rework",
                "source map",
                "transform",
                "transpiler"
              ],
              "homepage": "https://postcss.org/",
              "bugs": {
                "url": "https://github.com/postcss/postcss/issues"
              },
              "license": "MIT",
              "author": "Andrey Sitnik <andrey@sitnik.es>",
              "repository": "postcss/postcss",
              "funding": [
                {
                  "type": "opencollective",
                  "url": "https://opencollective.com/postcss/"
                },
                {
                  "type": "tidelift",
                  "url": "https://tidelift.com/funding/github/npm/postcss"
                },
                {
                  "type": "github",
                  "url": "https://github.com/sponsors/ai"
                }
              ],
              "main": "./lib/postcss.js",
              "browser": {
                "./lib/terminal-highlight": false,
                "source-map-js": false,
                "path": false,
                "url": false,
                "fs": false
              },
              "types": "./lib/postcss.d.ts",
              "exports": {
                ".": {
                  "import": "./lib/postcss.mjs",
                  "require": "./lib/postcss.js"
                },
                "./lib/at-rule": "./lib/at-rule.js",
                "./lib/comment": "./lib/comment.js",
                "./lib/container": "./lib/container.js",
                "./lib/css-syntax-error": "./lib/css-syntax-error.js",
                "./lib/declaration": "./lib/declaration.js",
                "./lib/fromJSON": "./lib/fromJSON.js",
                "./lib/input": "./lib/input.js",
                "./lib/lazy-result": "./lib/lazy-result.js",
                "./lib/no-work-result": "./lib/no-work-result.js",
                "./lib/list": "./lib/list.js",
                "./lib/map-generator": "./lib/map-generator.js",
                "./lib/node": "./lib/node.js",
                "./lib/parse": "./lib/parse.js",
                "./lib/parser": "./lib/parser.js",
                "./lib/postcss": "./lib/postcss.js",
                "./lib/previous-map": "./lib/previous-map.js",
                "./lib/processor": "./lib/processor.js",
                "./lib/result": "./lib/result.js",
                "./lib/root": "./lib/root.js",
                "./lib/rule": "./lib/rule.js",
                "./lib/stringifier": "./lib/stringifier.js",
                "./lib/stringify": "./lib/stringify.js",
                "./lib/symbols": "./lib/symbols.js",
                "./lib/terminal-highlight": "./lib/terminal-highlight.js",
                "./lib/tokenize": "./lib/tokenize.js",
                "./lib/warn-once": "./lib/warn-once.js",
                "./lib/warning": "./lib/warning.js",
                "./package.json": "./package.json"
              },
              "engines": {
                "node": "^10 || ^12 || >=14"
              },
              "_id": "postcss@8.5.28",
              "extraneous": false,
              "path": "C:\\cinagroup\\cinatoken\\node_modules\\postcss",
              "_dependencies": {
                "nanoid": "^3.3.18",
                "picocolors": "^1.1.1",
                "source-map-js": "^1.2.1"
              },
              "devDependencies": {},
              "peerDependencies": {}
            }
          }
        },
        "@tanstack/eslint-plugin-query": {
          "version": "5.104.0",
          "resolved": "https://registry.npmjs.org/@tanstack/eslint-plugin-query/-/eslint-plugin-query-5.104.0.tgz",
          "overridden": false,
          "name": "@tanstack/eslint-plugin-query",
          "description": "ESLint plugin for TanStack Query",
          "author": "Eliya Cohen",
          "license": "MIT",
          "repository": {
            "type": "git",
            "url": "git+https://github.com/TanStack/query.git",
            "directory": "packages/eslint-plugin-query"
          },
          "homepage": "https://tanstack.com/query",
          "funding": {
            "type": "github",
            "url": "https://github.com/sponsors/tannerlinsley"
          },
          "type": "module",
          "types": "build/legacy/index.d.ts",
          "main": "build/legacy/index.cjs",
          "module": "build/legacy/index.js",
          "react-native": "src/index.ts",
          "exports": {
            ".": {
              "@tanstack/custom-condition": "./src/index.ts",
              "import": {
                "types": "./build/modern/index.d.ts",
                "default": "./build/modern/index.js"
              },
              "require": {
                "types": "./build/modern/index.d.cts",
                "default": "./build/modern/index.cjs"
              }
            },
            "./package.json": "./package.json"
          },
          "sideEffects": false,
          "files": [
            "build",
            "src",
            "!src/__tests__"
          ],
          "devDependencies": {
            "@typescript-eslint/parser": "^8.70.1",
            "@typescript-eslint/rule-tester": "^8.70.1",
            "combinate": "^1.1.11",
            "eslint": "^9.36.0",
            "npm-run-all2": "^9.0.3"
          },
          "peerDependencies": {
            "eslint": "^8.57.0 || ^9.0.0 || ^10.0.0",
            "typescript": "^5.6.0 || ^6.0.0 || ^7.0.0"
          },
          "peerDependenciesMeta": {
            "typescript": {
              "optional": true
            }
          },
          "scripts": {
            "clean": "premove ./dist ./coverage ./dist-ts ./.cache/test-types",
            "compile": "tsc --project tsconfig.json",
            "test:eslint": "eslint --concurrency=auto ./src",
            "test:types": "npm-run-all --serial test:types:*",
            "test:types:ts56": "node ../../node_modules/typescript56/lib/tsc.js --project tsconfig.json --outDir .cache/test-types/ts56 --tsBuildInfoFile .cache/test-types/ts56.tsbuildinfo",
            "test:types:ts57": "node ../../node_modules/typescript57/lib/tsc.js --project tsconfig.json --outDir .cache/test-types/ts57 --tsBuildInfoFile .cache/test-types/ts57.tsbuildinfo",
            "test:types:ts58": "node ../../node_modules/typescript58/lib/tsc.js --project tsconfig.json --outDir .cache/test-types/ts58 --tsBuildInfoFile .cache/test-types/ts58.tsbuildinfo",
            "test:types:ts59": "node ../../node_modules/typescript59/lib/tsc.js --project tsconfig.json --outDir .cache/test-types/ts59 --tsBuildInfoFile .cache/test-types/ts59.tsbuildinfo",
            "test:types:tscurrent": "tsc --project tsconfig.json --outDir .cache/test-types/tscurrent --tsBuildInfoFile .cache/test-types/tscurrent.tsbuildinfo",
            "test:types:ts70": "node ../../node_modules/typescript70/lib/tsc.js --project tsconfig.json --outDir .cache/test-types/ts70 --tsBuildInfoFile .cache/test-types/ts70.tsbuildinfo",
            "test:lib": "vitest",
            "test:lib:dev": "pnpm run test:lib --watch",
            "test:build": "publint --strict && attw --pack",
            "build": "tsdown --tsconfig tsconfig.prod.json"
          },
          "_id": "@tanstack/eslint-plugin-query@5.104.0",
          "extraneous": false,
          "path": "C:\\cinagroup\\cinatoken\\node_modules\\@tanstack\\eslint-plugin-query",
          "_dependencies": {
            "@typescript-eslint/utils": "^8.70.1"
          },
          "dependencies": {
            "eslint": {
              "version": "9.39.4",
              "resolved": "https://registry.npmjs.org/eslint/-/eslint-9.39.4.tgz",
              "overridden": false,
              "name": "eslint",
              "author": "Nicholas C. Zakas <nicholas+npm@nczconsulting.com>",
              "description": "An AST-based pattern checker for JavaScript.",
              "type": "commonjs",
              "bin": {
                "eslint": "bin/eslint.js"
              },
              "main": "./lib/api.js",
              "types": "./lib/types/index.d.ts",
              "exports": {
                ".": {
                  "types": "./lib/types/index.d.ts",
                  "default": "./lib/api.js"
                },
                "./config": {
                  "types": "./lib/types/config-api.d.ts",
                  "default": "./lib/config-api.js"
                },
                "./package.json": "./package.json",
                "./use-at-your-own-risk": {
                  "types": "./lib/types/use-at-your-own-risk.d.ts",
                  "default": "./lib/unsupported-api.js"
                },
                "./rules": {
                  "types": "./lib/types/rules.d.ts"
                },
                "./universal": {
                  "types": "./lib/types/universal.d.ts",
                  "default": "./lib/universal.js"
                }
              },
              "typesVersions": {
                "*": {
                  "use-at-your-own-risk": [
                    "./lib/types/use-at-your-own-risk.d.ts"
                  ],
                  "rules": [
                    "./lib/types/rules.d.ts"
                  ],
                  "universal": [
                    "./lib/types/universal.d.ts"
                  ],
                  "config": [
                    "./lib/types/config-api.d.ts"
                  ]
                }
              },
              "scripts": {
                "build:docs:update-links": "node tools/fetch-docs-links.js",
                "build:site": "node Makefile.js gensite",
                "build:webpack": "node Makefile.js webpack",
                "build:readme": "node tools/update-readme.js",
                "build:rules-index": "node Makefile.js generateRuleIndexPage",
                "lint": "trunk check --no-fix --ignore=docs/**/*.js -a --filter=eslint && trunk check --no-fix --ignore=docs/**/*.js",
                "lint:docs:js": "trunk check --no-fix --ignore=** --ignore=!docs/**/*.js -a --filter=eslint && trunk check --no-fix --ignore=** --ignore=!docs/**/*.js",
                "lint:docs:rule-examples": "node Makefile.js checkRuleExamples",
                "lint:unused": "knip",
                "lint:fix": "trunk check -y --ignore=docs/**/*.js -a --filter=eslint && trunk check -y --ignore=docs/**/*.js",
                "lint:fix:docs:js": "trunk check -y --ignore=** --ignore=!docs/**/*.js -a --filter=eslint && trunk check -y --ignore=** --ignore=!docs/**/*.js",
                "lint:rule-types": "node tools/update-rule-type-headers.js --check",
                "lint:types": "attw --pack",
                "release:generate:alpha": "node Makefile.js generatePrerelease -- alpha",
                "release:generate:beta": "node Makefile.js generatePrerelease -- beta",
                "release:generate:latest": "node Makefile.js generateRelease -- latest",
                "release:generate:maintenance": "node Makefile.js generateRelease -- maintenance",
                "release:generate:rc": "node Makefile.js generatePrerelease -- rc",
                "release:publish": "node Makefile.js publishRelease",
                "test": "node Makefile.js test",
                "test:browser": "node Makefile.js cypress",
                "test:cli": "mocha",
                "test:emfile": "node tools/check-emfile-handling.js",
                "test:fuzz": "node Makefile.js fuzz",
                "test:performance": "node Makefile.js perf",
                "test:pnpm": "cd tests/pnpm && node check.js && pnpm install && pnpm exec tsc",
                "test:types": "tsc -p tests/lib/types/tsconfig.json"
              },
              "gitHooks": {
                "pre-commit": "lint-staged"
              },
              "lint-staged": {
                "*": "trunk check --fix",
                "lib/rules/*.js": [
                  "node tools/update-eslint-all.js",
                  "node tools/update-eslint-recommended.js",
                  "node tools/update-rule-type-headers.js",
                  "git add packages/js/src/configs/*.js lib/types/rules.d.ts"
                ],
                "docs/src/rules/*.md": [
                  "node tools/check-rule-examples.js",
                  "node tools/fetch-docs-links.js",
                  "git add docs/src/_data/further_reading_links.json"
                ]
              },
              "files": [
                "LICENSE",
                "README.md",
                "bin",
                "conf",
                "lib",
                "messages"
              ],
              "repository": "eslint/eslint",
              "funding": {
                "url": "https://eslint.org/donate"
              },
              "homepage": "https://eslint.org",
              "bugs": "https://github.com/eslint/eslint/issues/",
              "devDependencies": {
                "@arethetypeswrong/cli": "^0.18.0",
                "@babel/core": "^7.4.3",
                "@babel/preset-env": "^7.4.3",
                "@cypress/webpack-preprocessor": "^6.0.2",
                "@eslint/json": "^0.13.2",
                "@trunkio/launcher": "^1.3.4",
                "@types/esquery": "^1.5.4",
                "@types/node": "^22.13.14",
                "@typescript-eslint/parser": "^8.4.0",
                "babel-loader": "^8.0.5",
                "c8": "^7.12.0",
                "chai": "^4.0.1",
                "cheerio": "^0.22.0",
                "common-tags": "^1.8.0",
                "core-js": "^3.1.3",
                "cypress": "^14.1.0",
                "ejs": "^3.0.2",
                "eslint": "file:.",
                "eslint-config-eslint": "file:packages/eslint-config-eslint",
                "eslint-plugin-eslint-plugin": "^6.0.0",
                "eslint-plugin-expect-type": "^0.6.0",
                "eslint-plugin-yml": "^1.14.0",
                "eslint-release": "^3.3.0",
                "eslint-rule-composer": "^0.3.0",
                "eslump": "^3.0.0",
                "esprima": "^4.0.1",
                "fast-glob": "^3.2.11",
                "fs-teardown": "^0.1.3",
                "glob": "^10.0.0",
                "globals": "^16.2.0",
                "got": "^11.8.3",
                "gray-matter": "^4.0.3",
                "jiti": "^2.6.1",
                "jiti-v2.0": "npm:jiti@2.0.x",
                "jiti-v2.1": "npm:jiti@2.1.x",
                "knip": "^5.60.2",
                "lint-staged": "^11.0.0",
                "markdown-it": "^12.2.0",
                "markdown-it-container": "^3.0.0",
                "marked": "^4.0.8",
                "metascraper": "^5.25.7",
                "metascraper-description": "^5.25.7",
                "metascraper-image": "^5.29.3",
                "metascraper-logo": "^5.25.7",
                "metascraper-logo-favicon": "^5.25.7",
                "metascraper-title": "^5.25.7",
                "mocha": "^11.7.1",
                "node-polyfill-webpack-plugin": "^1.0.3",
                "npm-license": "^0.3.3",
                "pirates": "^4.0.5",
                "progress": "^2.0.3",
                "proxyquire": "^2.0.1",
                "recast": "^0.23.0",
                "regenerator-runtime": "^0.14.0",
                "semver": "^7.5.3",
                "shelljs": "^0.10.0",
                "sinon": "^11.0.0",
                "typescript": "^5.3.3",
                "webpack": "^5.23.0",
                "webpack-cli": "^4.5.0",
                "yorkie": "^2.0.0"
              },
              "peerDependencies": {
                "jiti": "*"
              },
              "peerDependenciesMeta": {
                "jiti": {
                  "optional": true
                }
              },
              "keywords": [
                "ast",
                "lint",
                "javascript",
                "ecmascript",
                "espree"
              ],
              "license": "MIT",
              "engines": {
                "node": "^18.18.0 || ^20.9.0 || >=21.1.0"
              },
              "_id": "eslint@9.39.4",
              "extraneous": false,
              "path": "C:\\cinagroup\\cinatoken\\node_modules\\eslint",
              "_dependencies": {
                "@eslint-community/eslint-utils": "^4.8.0",
                "@eslint-community/regexpp": "^4.12.1",
                "@eslint/config-array": "^0.21.2",
                "@eslint/config-helpers": "^0.4.2",
                "@eslint/core": "^0.17.0",
                "@eslint/eslintrc": "^3.3.5",
                "@eslint/js": "9.39.4",
                "@eslint/plugin-kit": "^0.4.1",
                "@humanfs/node": "^0.16.6",
                "@humanwhocodes/module-importer": "^1.0.1",
                "@humanwhocodes/retry": "^0.4.2",
                "@types/estree": "^1.0.6",
                "ajv": "^6.14.0",
                "chalk": "^4.0.0",
                "cross-spawn": "^7.0.6",
                "debug": "^4.3.2",
                "escape-string-regexp": "^4.0.0",
                "eslint-scope": "^8.4.0",
                "eslint-visitor-keys": "^4.2.1",
                "espree": "^10.4.0",
                "esquery": "^1.5.0",
                "esutils": "^2.0.2",
                "fast-deep-equal": "^3.1.3",
                "file-entry-cache": "^8.0.0",
                "find-up": "^5.0.0",
                "glob-parent": "^6.0.2",
                "ignore": "^5.2.0",
                "imurmurhash": "^0.1.4",
                "is-glob": "^4.0.0",
                "json-stable-stringify-without-jsonify": "^1.0.1",
                "lodash.merge": "^4.6.2",
                "minimatch": "^3.1.5",
                "natural-compare": "^1.4.0",
                "optionator": "^0.9.3"
              },
              "dependencies": {
                "minimatch": {
                  "version": "3.1.5",
                  "resolved": "https://registry.npmjs.org/minimatch/-/minimatch-3.1.5.tgz",
                  "overridden": false,
                  "name": "minimatch",
                  "author": "Isaac Z. Schlueter <i@izs.me> (http://blog.izs.me)",
                  "description": "a glob matcher in javascript",
                  "publishConfig": {
                    "tag": "legacy-v3"
                  },
                  "repository": {
                    "type": "git",
                    "url": "git://github.com/isaacs/minimatch.git"
                  },
                  "main": "minimatch.js",
                  "scripts": {
                    "test": "tap",
                    "preversion": "npm test",
                    "postversion": "npm publish",
                    "postpublish": "git push origin --all; git push origin --tags"
                  },
                  "engines": {
                    "node": "*"
                  },
                  "devDependencies": {
                    "tap": "^15.1.6"
                  },
                  "license": "ISC",
                  "files": [
                    "minimatch.js"
                  ],
                  "_id": "minimatch@3.1.5",
                  "extraneous": false,
                  "path": "C:\\cinagroup\\cinatoken\\node_modules\\minimatch",
                  "_dependencies": {
                    "brace-expansion": "^1.1.7"
                  },
                  "peerDependencies": {},
                  "dependencies": {
                    "brace-expansion": {
                      "version": "1.1.14",
                      "resolved": "https://registry.npmjs.org/brace-expansion/-/brace-expansion-1.1.14.tgz",
                      "overridden": false,
                      "name": "brace-expansion",
                      "description": "Brace expansion as known from sh/bash",
                      "repository": {
                        "type": "git",
                        "url": "git://github.com/juliangruber/brace-expansion.git"
                      },
                      "homepage": "https://github.com/juliangruber/brace-expansion",
                      "main": "index.js",
                      "scripts": {
                        "test": "tape test/*.js",
                        "gentest": "bash test/generate.sh",
                        "bench": "matcha test/perf/bench.js"
                      },
                      "devDependencies": {
                        "matcha": "^0.7.0",
                        "tape": "^4.6.0"
                      },
                      "keywords": [],
                      "author": {
                        "name": "Julian Gruber",
                        "email": "mail@juliangruber.com",
                        "url": "http://juliangruber.com"
                      },
                      "license": "MIT",
                      "testling": {
                        "files": "test/*.js",
                        "browsers": [
                          "ie/8..latest",
                          "firefox/20..latest",
                          "firefox/nightly",
                          "chrome/25..latest",
                          "chrome/canary",
                          "opera/12..latest",
                          "opera/next",
                          "safari/5.1..latest",
                          "ipad/6.0..latest",
                          "iphone/6.0..latest",
                          "android-browser/4.2..latest"
                        ]
                      },
                      "publishConfig": {
                        "tag": "1.x"
                      },
                      "_id": "brace-expansion@1.1.14",
                      "extraneous": false,
                      "path": "C:\\cinagroup\\cinatoken\\node_modules\\brace-expansion",
                      "_dependencies": {
                        "balanced-match": "^1.0.0",
                        "concat-map": "0.0.1"
                      },
                      "peerDependencies": {}
                    }
                  }
                }
              }
            }
          }
        },
        "@trivago/prettier-plugin-sort-imports": {
          "version": "6.0.2",
          "resolved": "https://registry.npmjs.org/@trivago/prettier-plugin-sort-imports/-/prettier-plugin-sort-imports-6.0.2.tgz",
          "overridden": false,
          "name": "@trivago/prettier-plugin-sort-imports",
          "description": "A prettier plugins to sort imports in provided RegEx order",
          "main": "lib/src/index.js",
          "type": "module",
          "types": "types/index.d.ts",
          "repository": {
            "url": "https://github.com/trivago/prettier-plugin-sort-imports",
            "type": "git"
          },
          "homepage": "https://github.com/trivago/prettier-plugin-sort-imports#readme",
          "scripts": {
            "prepare": "yarn run compile",
            "compile": "tsc",
            "preexample": "yarn run compile",
            "example": "prettier --config ./examples/.prettierrc",
            "test": "vitest run",
            "type-check": "tsc --noEmit",
            "prepublishOnly": "npm run compile && npm run test",
            "prettify": "yarn prettier --write ."
          },
          "keywords": [
            "prettier",
            "plugin",
            "sort",
            "import",
            "typescript",
            "javascript"
          ],
          "author": {
            "name": "Ayush Sharma",
            "email": "ayush.sharma@trivago.com",
            "url": "https://github.com/ayusharma"
          },
          "license": "Apache-2.0",
          "devDependencies": {
            "@babel/core": "^7.26.7",
            "@types/babel__core": "^7.20.5",
            "@types/babel__generator": "^7.27.0",
            "@types/babel__traverse": "^7.20.7",
            "@types/lodash-es": "^4.17.12",
            "@types/minimatch": "^5.1.2",
            "@types/node": "^22.10.10",
            "@vue/compiler-sfc": "^3.5.13",
            "prettier": "^3.7.4",
            "prettier-plugin-ember-template-tag": "^2.1.2",
            "prettier-plugin-svelte": "^3.4.1",
            "svelte": "^5.46.0",
            "typescript": "^5.7.3",
            "vitest": "^3.2.4"
          },
          "peerDependencies": {
            "@vue/compiler-sfc": "3.x",
            "prettier": "2.x - 3.x",
            "prettier-plugin-ember-template-tag": ">= 2.0.0",
            "prettier-plugin-svelte": "3.x",
            "svelte": "4.x || 5.x"
          },
          "engines": {
            "node": ">= 20"
          },
          "peerDependenciesMeta": {
            "@vue/compiler-sfc": {
              "optional": true
            },
            "prettier-plugin-ember-template-tag": {
              "optional": true
            },
            "prettier-plugin-svelte": {
              "optional": true
            },
            "svelte": {
              "optional": true
            }
          },
          "_id": "@trivago/prettier-plugin-sort-imports@6.0.2",
          "extraneous": false,
          "path": "C:\\cinagroup\\cinatoken\\packages\\web\\node_modules\\@trivago\\prettier-plugin-sort-imports",
          "_dependencies": {
            "@babel/generator": "^7.28.0",
            "@babel/parser": "^7.28.0",
            "@babel/traverse": "^7.28.0",
            "@babel/types": "^7.28.0",
            "javascript-natural-sort": "^0.7.1",
            "lodash-es": "^4.17.21",
            "minimatch": "^9.0.0",
            "parse-imports-exports": "^0.2.4"
          },
          "dependencies": {
            "minimatch": {
              "version": "9.0.9",
              "resolved": "https://registry.npmjs.org/minimatch/-/minimatch-9.0.9.tgz",
              "overridden": false,
              "name": "minimatch",
              "author": "Isaac Z. Schlueter <i@izs.me> (http://blog.izs.me)",
              "description": "a glob matcher in javascript",
              "repository": {
                "type": "git",
                "url": "git://github.com/isaacs/minimatch.git"
              },
              "main": "./dist/commonjs/index.js",
              "types": "./dist/commonjs/index.d.ts",
              "exports": {
                "./package.json": "./package.json",
                ".": {
                  "import": {
                    "types": "./dist/esm/index.d.ts",
                    "default": "./dist/esm/index.js"
                  },
                  "require": {
                    "types": "./dist/commonjs/index.d.ts",
                    "default": "./dist/commonjs/index.js"
                  }
                }
              },
              "files": [
                "dist"
              ],
              "scripts": {
                "preversion": "npm test",
                "postversion": "npm publish",
                "prepublishOnly": "git push origin --follow-tags",
                "prepare": "tshy",
                "pretest": "npm run prepare",
                "presnap": "npm run prepare",
                "test": "tap",
                "snap": "tap",
                "format": "prettier --write . --loglevel warn",
                "benchmark": "node benchmark/index.js",
                "typedoc": "typedoc --tsconfig tsconfig-esm.json ./src/*.ts"
              },
              "prettier": {
                "semi": false,
                "printWidth": 80,
                "tabWidth": 2,
                "useTabs": false,
                "singleQuote": true,
                "jsxSingleQuote": false,
                "bracketSameLine": true,
                "arrowParens": "avoid",
                "endOfLine": "lf"
              },
              "engines": {
                "node": ">=16 || 14 >=14.17"
              },
              "devDependencies": {
                "@types/brace-expansion": "^1.1.2",
                "@types/node": "^25.3.0",
                "mkdirp": "^3.0.1",
                "prettier": "^3.8.1",
                "tap": "^21.6.1",
                "tshy": "^3.3.2",
                "typescript": "^5.5.3"
              },
              "funding": {
                "url": "https://github.com/sponsors/isaacs"
              },
              "license": "ISC",
              "tshy": {
                "exports": {
                  "./package.json": "./package.json",
                  ".": "./src/index.ts"
                }
              },
              "type": "module",
              "publishConfig": {
                "tag": "legacy-v9"
              },
              "module": "./dist/esm/index.js",
              "_id": "minimatch@9.0.9",
              "extraneous": false,
              "path": "C:\\cinagroup\\cinatoken\\packages\\web\\node_modules\\minimatch",
              "_dependencies": {
                "brace-expansion": "^2.0.2"
              },
              "peerDependencies": {},
              "dependencies": {
                "brace-expansion": {
                  "version": "2.1.7",
                  "resolved": "https://registry.npmjs.org/brace-expansion/-/brace-expansion-2.1.7.tgz",
                  "overridden": false,
                  "name": "brace-expansion",
                  "description": "Brace expansion as known from sh/bash",
                  "repository": {
                    "type": "git",
                    "url": "git://github.com/juliangruber/brace-expansion.git"
                  },
                  "homepage": "https://github.com/juliangruber/brace-expansion",
                  "main": "index.js",
                  "scripts": {
                    "test": "tape test/*.js",
                    "gentest": "bash test/generate.sh",
                    "bench": "matcha test/perf/bench.js"
                  },
                  "devDependencies": {
                    "@c4312/matcha": "^1.3.1",
                    "tape": "^4.6.0"
                  },
                  "keywords": [],
                  "author": {
                    "name": "Julian Gruber",
                    "email": "mail@juliangruber.com",
                    "url": "http://juliangruber.com"
                  },
                  "license": "MIT",
                  "testling": {
                    "files": "test/*.js",
                    "browsers": [
                      "ie/8..latest",
                      "firefox/20..latest",
                      "firefox/nightly",
                      "chrome/25..latest",
                      "chrome/canary",
                      "opera/12..latest",
                      "opera/next",
                      "safari/5.1..latest",
                      "ipad/6.0..latest",
                      "iphone/6.0..latest",
                      "android-browser/4.2..latest"
                    ]
                  },
                  "publishConfig": {
                    "tag": "2.x"
                  },
                  "_id": "brace-expansion@2.1.7",
                  "extraneous": false,
                  "path": "C:\\cinagroup\\cinatoken\\packages\\web\\node_modules\\brace-expansion",
                  "_dependencies": {
                    "balanced-match": "^1.0.0"
                  },
                  "peerDependencies": {}
                }
              }
            }
          }
        },
        "@visactor/vchart": {
          "version": "2.1.7",
          "resolved": "https://registry.npmjs.org/@visactor/vchart/-/vchart-2.1.7.tgz",
          "overridden": false,
          "name": "@visactor/vchart",
          "description": "charts lib based @visactor/VGrammar",
          "main": "cjs/index.js",
          "module": "esm/index.js",
          "browser": "esm/index.js",
          "types": "esm/index.d.ts",
          "unpkg": "build/index.min.js",
          "unpkgFiles": [
            "build/index.js",
            "build/index.min.js"
          ],
          "sideEffects": [
            "./*/index-lark.js",
            "./*/index-wx-simple.js",
            "./*/index-wx.js",
            "./*/vchart-all.js",
            "./*/vchart-simple.js"
          ],
          "files": [
            "esm",
            "cjs",
            "build"
          ],
          "keywords": [
            "charts",
            "visualization",
            "VChart",
            "animation",
            "storytelling",
            "VisActor",
            "graphics",
            "interaction"
          ],
          "homepage": "https://www.visactor.io/vchart",
          "bugs": "https://github.com/VisActor/VChart/issues",
          "repository": {
            "type": "git",
            "url": "https://github.com/VisActor/VChart",
            "directory": "packages/vchart"
          },
          "author": {
            "name": "VisActor",
            "url": "https://www.visactor.io/"
          },
          "license": "MIT",
          "devDependencies": {
            "@rushstack/eslint-patch": "~1.1.4",
            "@types/jest": "^26.0.0",
            "@types/node": "*",
            "@types/offscreencanvas": "2019.6.4",
            "eslint": "~8.18.0",
            "husky": "7.0.4",
            "jest": "^26.0.0",
            "jest-electron": "^0.1.12",
            "lint-staged": "12.3.7",
            "magic-string": "^0.25.7",
            "prettier": "2.6.1",
            "react-device-detect": "^2.2.2",
            "ts-jest": "^26.0.0",
            "ts-loader": "8.0.2",
            "ts-node": "10.9.0",
            "tslib": "2.3.1",
            "tslint": "5.12.1",
            "typescript": "4.9.5",
            "d3-dsv": "^3.0.1",
            "d3-array": "^1.2.4",
            "d3-geo": "^1.12.1",
            "d3-hexbin": "^0.2.2",
            "d3-hierarchy": "^3.1.1",
            "vite": "3.2.6",
            "@esbuild-plugins/node-globals-polyfill": "0.1.1",
            "@esbuild-plugins/node-modules-polyfill": "0.1.4",
            "rollup-plugin-node-polyfills": "0.2.1",
            "rollup-plugin-visualizer": "5.9.2",
            "rollup-plugin-gzip": "3.1.0",
            "rollup-plugin-bundle-size": "1.0.3",
            "rollup-plugin-sizes": "1.0.5",
            "rollup": "3.20.5",
            "node-fetch": "2.6.7",
            "form-data": "~4.0.0",
            "canvas": "2.11.2",
            "size-limit": "9.0.0",
            "@size-limit/file": "9.0.0",
            "rimraf": "3.0.2",
            "cross-env": "^7.0.3",
            "@internal/typescript-json-schema": "0.0.1",
            "@internal/ts-config": "0.0.1",
            "@internal/bundler": "0.0.1",
            "@internal/eslint-config": "0.0.1"
          },
          "publishConfig": {
            "access": "public",
            "registry": "https://registry.npmjs.org/"
          },
          "scripts": {
            "build": "cross-env DEBUG='Bundler*' bundle --clean && npm run build:schema && npm run build:types && npm run build:es5",
            "build:es5": "rimraf lib && rollup -c --bundleConfigAsCjs",
            "build:schema": "schema src/typings/spec/chart.ts ISpec --useTypeOfKeyword --ignoreErrors --required > ../vchart-schema/vchart.json",
            "build:types": "tsc --declaration --emitDeclarationOnly --outDir ../vchart-types/types",
            "build:spec-types": "rimraf ./spec-types && tsc -p ./tsconfig.spec.json --declaration --emitDeclarationOnly --outDir ./spec-types",
            "build:umd": "cross-env DEBUG='Bundler*' IGNORE_ENTRIES='true' bundle -f umd",
            "build:cjs": "cross-env DEBUG='Bundler*' IGNORE_ENTRIES='true' bundle --clean -f cjs --ignorePostTasks --ignoreUmdEntries",
            "build:es": "cross-env DEBUG='Bundler*' IGNORE_ENTRIES='true'  bundle --clean -f es --ignorePostTasks",
            "analyze": "npm run analyze-full && npm run analyze-line && npm run analyze-simple",
            "analyze-full": "cross-env BUNDLE_ANALYZE='full' DEBUG='Bundler*' bundle -f umd ",
            "analyze-line": "cross-env BUNDLE_ANALYZE='line' DEBUG='Bundler*' bundle -f umd",
            "analyze-simple": "cross-env BUNDLE_ANALYZE='simple' DEBUG='Bundler*' bundle -f umd",
            "analyze-pie": "cross-env BUNDLE_ANALYZE='pie' DEBUG='Bundler*' bundle -f umd",
            "analyze-empty": "cross-env BUNDLE_ANALYZE='empty' DEBUG='Bundler*' bundle -f umd",
            "dev": "cross-env DEBUG='Bundler*' bundle --clean -f es -w",
            "compile": "tsc --noEmit",
            "start": "ts-node __tests__/runtime/browser/scripts/initVite.ts && vite serve __tests__/runtime/browser",
            "perf:render": "ts-node --transpileOnly scripts/render-performance.ts",
            "clear": "rimraf build && rimraf esm && rimraf cjs",
            "prettier": "prettier --write --ignore-unknown .",
            "prettier:check": "prettier --check .",
            "eslint": "eslint --debug --fix src/",
            "eslint:check": "eslint .",
            "eslint:err": "eslint . --quiet",
            "test": "jest",
            "test-cov": "jest -w 16 --coverage",
            "test-live": "npm run test-watch __tests__/unit",
            "test-watch": "cross-env DEBUG_MODE=1 jest --watch",
            "ci": "ts-node --transpileOnly --skipProject ./scripts/trigger-test.ts",
            "size": "size-limit"
          },
          "_id": "@visactor/vchart@2.1.7",
          "extraneous": false,
          "path": "C:\\cinagroup\\cinatoken\\node_modules\\@visactor\\vchart",
          "_dependencies": {
            "@visactor/vutils": "~1.0.24",
            "@visactor/vdataset": "~1.0.24",
            "@visactor/vscale": "~1.0.24",
            "@visactor/vlayouts": "~1.0.24",
            "@visactor/vrender": "1.1.11",
            "@visactor/vrender-core": "1.1.11",
            "@visactor/vrender-kits": "1.1.11",
            "@visactor/vrender-components": "1.1.11",
            "@visactor/vrender-animate": "1.1.11",
            "@visactor/vutils-extension": "2.1.7"
          },
          "peerDependencies": {},
          "dependencies": {
            "@visactor/vdataset": {
              "version": "1.0.24",
              "resolved": "https://registry.npmjs.org/@visactor/vdataset/-/vdataset-1.0.24.tgz",
              "overridden": false,
              "name": "@visactor/vdataset",
              "main": "cjs/index.js",
              "module": "es/index.js",
              "types": "es/index.d.ts",
              "files": [
                "cjs",
                "es",
                "dist"
              ],
              "exports": {
                ".": {
                  "import": "./es/index.js",
                  "require": "./dist/index.js"
                }
              },
              "sideEffects": false,
              "description": "data processing tool",
              "author": {
                "name": "VisActor",
                "url": "https://VisActor.io/"
              },
              "repository": {
                "type": "git",
                "url": "git+https://github.com/VisActor/VUtil.git",
                "directory": "packages/vdataset"
              },
              "license": "MIT",
              "keywords": [
                "visual",
                "util",
                "dataset"
              ],
              "devDependencies": {
                "@rushstack/eslint-patch": "~1.1.4",
                "eslint": "~8.18.0",
                "vite": "3.2.6",
                "jest": "~29.5.0",
                "@jest/globals": "~29.5.0",
                "ts-jest": "~29.1.0",
                "@types/jest": "~29.5.0",
                "typescript": "4.9.5",
                "@types/node": "*",
                "@types/d3-dsv": "^2.0.0",
                "@types/d3-geo": "^1.11.1",
                "@types/d3-hexbin": "^0.2.3",
                "@types/d3-hierarchy": "^3.0.2",
                "@types/geobuf": "^3.0.1",
                "@types/pbf": "^3.0.2",
                "@types/topojson-client": "^3.1.0",
                "@types/topojson-specification": "^1.0.2",
                "d3-array": "3.2.3",
                "@internal/bundler": "0.0.1",
                "@internal/ts-config": "0.0.1",
                "@internal/jest-config": "0.0.1",
                "@internal/eslint-config": "0.0.1"
              },
              "publishConfig": {
                "access": "public"
              },
              "scripts": {
                "compile": "tsc --noEmit",
                "eslint": "eslint --debug --fix src/",
                "build": "bundle",
                "dev": "bundle --clean -f es -w",
                "start": "vite ./vite",
                "test": "jest --passWithNoTests",
                "test-check": "DEBUG=jest jest --passWithNoTests --forceExit --detectOpenHandles --silent false --verbose false --runInBand",
                "test-cov": "jest -w 16 --coverage"
              },
              "_id": "@visactor/vdataset@1.0.24",
              "extraneous": false,
              "path": "C:\\cinagroup\\cinatoken\\node_modules\\@visactor\\vdataset",
              "_dependencies": {
                "@visactor/vutils": "1.0.24",
                "@turf/flatten": "^6.5.0",
                "@turf/helpers": "^6.5.0",
                "@turf/rewind": "^6.5.0",
                "d3-dsv": "^2.0.0",
                "d3-geo": "^1.12.1",
                "d3-hexbin": "^0.2.2",
                "d3-hierarchy": "^3.1.1",
                "eventemitter3": "^4.0.7",
                "geobuf": "^3.0.1",
                "geojson-dissolve": "^3.1.0",
                "path-browserify": "^1.0.1",
                "pbf": "^3.2.1",
                "point-at-length": "^1.1.0",
                "simple-statistics": "^7.7.3",
                "simplify-geojson": "^1.0.4",
                "topojson-client": "^3.1.0"
              },
              "peerDependencies": {},
              "dependencies": {
                "geojson-dissolve": {
                  "version": "3.1.0",
                  "resolved": "https://registry.npmjs.org/geojson-dissolve/-/geojson-dissolve-3.1.0.tgz",
                  "overridden": false,
                  "name": "geojson-dissolve",
                  "description": "Dissolve contiguous GeoJSON LineStrings and Polygons into single units.",
                  "author": "Stephen Whitmore <sww@eight.net>",
                  "repository": {
                    "url": "git://github.com/noffle/geojson-dissolve.git"
                  },
                  "homepage": "https://github.com/noffle/geojson-dissolve",
                  "bugs": "https://github.com/noffle/geojson-dissolve/issues",
                  "main": "index.js",
                  "scripts": {
                    "test": "tape test/*.js",
                    "lint": "standard"
                  },
                  "keywords": [
                    "geojson",
                    "dissolve",
                    "merge",
                    "linestring",
                    "lines",
                    "polygon",
                    "multilinestring",
                    "multipolygon"
                  ],
                  "devDependencies": {
                    "@mapbox/geojsonhint": "^2.0.1",
                    "benchmark": "^2.1.3",
                    "glob": "^7.1.1",
                    "standard": "~8.3.0",
                    "tape": "~4.6.2"
                  },
                  "license": "ISC",
                  "_id": "geojson-dissolve@3.1.0",
                  "extraneous": false,
                  "path": "C:\\cinagroup\\cinatoken\\node_modules\\geojson-dissolve",
                  "_dependencies": {
                    "@turf/meta": "^3.7.5",
                    "geojson-flatten": "^0.2.1",
                    "geojson-linestring-dissolve": "0.0.1",
                    "topojson-client": "^3.0.0",
                    "topojson-server": "^3.0.0"
                  },
                  "peerDependencies": {},
                  "dependencies": {
                    "geojson-flatten": {
                      "version": "0.2.4",
                      "resolved": "https://registry.npmjs.org/geojson-flatten/-/geojson-flatten-0.2.4.tgz",
                      "overridden": false,
                      "name": "geojson-flatten",
                      "description": "transform geojson into single-parts",
                      "source": "index.js",
                      "main": "dist/index.js",
                      "files": [
                        "index.js",
                        "dist",
                        "geojson-flatten"
                      ],
                      "directories": {
                        "test": "test"
                      },
                      "bin": {
                        "geojson-flatten": "geojson-flatten"
                      },
                      "scripts": {
                        "test": "eslint index.js && tap test/flatten.js",
                        "pretest": "microbundle --name geojsonFlatten",
                        "prepare": "microbundle --name geojsonFlatten",
                        "release": "standard-version"
                      },
                      "repository": {
                        "type": "git",
                        "url": "git://github.com/node-geojson/geojson-flatten.git"
                      },
                      "keywords": [
                        "geojson",
                        "maps",
                        "flatten"
                      ],
                      "author": "Tom MacWright",
                      "license": "BSD-2-Clause",
                      "bugs": {
                        "url": "https://github.com/node-geojson/geojson-flatten/issues"
                      },
                      "homepage": "https://github.com/node-geojson/geojson-flatten",
                      "devDependencies": {
                        "eslint": "^5.12.1",
                        "microbundle": "^0.9.0",
                        "standard-version": "^4.4.0",
                        "tap": "^12.5.0"
                      },
                      "_id": "geojson-flatten@0.2.4",
                      "extraneous": false,
                      "path": "C:\\cinagroup\\cinatoken\\node_modules\\geojson-flatten",
                      "_dependencies": {
                        "get-stdin": "^6.0.0",
                        "minimist": "1.2.0"
                      },
                      "peerDependencies": {},
                      "dependencies": {
                        "minimist": {
                          "version": "1.2.0",
                          "resolved": "https://registry.npmjs.org/minimist/-/minimist-1.2.0.tgz",
                          "overridden": false,
                          "name": "minimist",
                          "description": "parse argument options",
                          "main": "index.js",
                          "devDependencies": {
                            "covert": "^1.0.0",
                            "tap": "~0.4.0",
                            "tape": "^3.5.0"
                          },
                          "scripts": {
                            "test": "tap test/*.js",
                            "coverage": "covert test/*.js"
                          },
                          "testling": {
                            "files": "test/*.js",
                            "browsers": [
                              "ie/6..latest",
                              "ff/5",
                              "firefox/latest",
                              "chrome/10",
                              "chrome/latest",
                              "safari/5.1",
                              "safari/latest",
                              "opera/12"
                            ]
                          },
                          "repository": {
                            "type": "git",
                            "url": "git://github.com/substack/minimist.git"
                          },
                          "homepage": "https://github.com/substack/minimist",
                          "keywords": [
                            "argv",
                            "getopt",
                            "parser",
                            "optimist"
                          ],
                          "author": {
                            "name": "James Halliday",
                            "email": "mail@substack.net",
                            "url": "http://substack.net"
                          },
                          "license": "MIT",
                          "_id": "minimist@1.2.0",
                          "extraneous": false,
                          "path": "C:\\cinagroup\\cinatoken\\node_modules\\geojson-flatten\\node_modules\\minimist",
                          "_dependencies": {},
                          "peerDependencies": {}
                        }
                      }
                    }
                  }
                },
                "simplify-geojson": {
                  "version": "1.0.5",
                  "resolved": "https://registry.npmjs.org/simplify-geojson/-/simplify-geojson-1.0.5.tgz",
                  "overridden": false,
                  "name": "simplify-geojson",
                  "description": "Apply Ramer-Douglas-Peucker line simplification to GeoJSON features or feature collections in JS or on the CLI",
                  "author": "max ogden",
                  "bin": {
                    "simplify-geojson": "cli.js"
                  },
                  "bugs": {
                    "url": "https://github.com/maxogden/simplify-geojson/issues"
                  },
                  "devDependencies": {
                    "standard": "^8.3.0",
                    "tape": "^4.4.0"
                  },
                  "homepage": "https://github.com/maxogden/simplify-geojson",
                  "keywords": [
                    "Ramer-Douglas-Peucker",
                    "feature",
                    "featurecollection",
                    "geojson",
                    "line",
                    "linestring",
                    "multilinestring",
                    "multipolygon",
                    "polygon",
                    "simplification",
                    "simplify"
                  ],
                  "license": "BSD-2-Clause",
                  "main": "index.js",
                  "repository": {
                    "type": "git",
                    "url": "https://github.com/maxogden/simplify-geojson.git"
                  },
                  "scripts": {
                    "test": "standard && node test.js"
                  },
                  "_id": "simplify-geojson@1.0.5",
                  "extraneous": false,
                  "path": "C:\\cinagroup\\cinatoken\\node_modules\\simplify-geojson",
                  "_dependencies": {
                    "concat-stream": "~1.4.1",
                    "minimist": "1.2.6",
                    "simplify-geometry": "0.0.2"
                  },
                  "peerDependencies": {},
                  "dependencies": {
                    "minimist": {
                      "version": "1.2.6",
                      "resolved": "https://registry.npmjs.org/minimist/-/minimist-1.2.6.tgz",
                      "overridden": false,
                      "name": "minimist",
                      "description": "parse argument options",
                      "main": "index.js",
                      "devDependencies": {
                        "covert": "^1.0.0",
                        "tap": "~0.4.0",
                        "tape": "^3.5.0"
                      },
                      "scripts": {
                        "test": "tap test/*.js",
                        "coverage": "covert test/*.js"
                      },
                      "testling": {
                        "files": "test/*.js",
                        "browsers": [
                          "ie/6..latest",
                          "ff/5",
                          "firefox/latest",
                          "chrome/10",
                          "chrome/latest",
                          "safari/5.1",
                          "safari/latest",
                          "opera/12"
                        ]
                      },
                      "repository": {
                        "type": "git",
                        "url": "git://github.com/substack/minimist.git"
                      },
                      "homepage": "https://github.com/substack/minimist",
                      "keywords": [
                        "argv",
                        "getopt",
                        "parser",
                        "optimist"
                      ],
                      "author": {
                        "name": "James Halliday",
                        "email": "mail@substack.net",
                        "url": "http://substack.net"
                      },
                      "license": "MIT",
                      "_id": "minimist@1.2.6",
                      "extraneous": false,
                      "path": "C:\\cinagroup\\cinatoken\\node_modules\\simplify-geojson\\node_modules\\minimist",
                      "_dependencies": {},
                      "peerDependencies": {}
                    }
                  }
                }
              }
            }
          }
        },
        "eslint": {
          "version": "10.11.0",
          "resolved": "https://registry.npmjs.org/eslint/-/eslint-10.11.0.tgz",
          "overridden": false,
          "name": "eslint",
          "author": "Nicholas C. Zakas <nicholas+npm@nczconsulting.com>",
          "description": "An AST-based pattern checker for JavaScript.",
          "type": "commonjs",
          "bin": {
            "eslint": "bin/eslint.js"
          },
          "main": "./lib/api.js",
          "types": "./lib/types/index.d.ts",
          "exports": {
            ".": {
              "types": "./lib/types/index.d.ts",
              "default": "./lib/api.js"
            },
            "./config": {
              "types": "./lib/types/config-api.d.ts",
              "default": "./lib/config-api.js"
            },
            "./package.json": "./package.json",
            "./use-at-your-own-risk": {
              "types": "./lib/types/use-at-your-own-risk.d.ts",
              "default": "./lib/unsupported-api.js"
            },
            "./rules": {
              "types": "./lib/types/rules.d.ts"
            },
            "./universal": {
              "types": "./lib/types/universal.d.ts",
              "default": "./lib/universal.js"
            }
          },
          "typesVersions": {
            "*": {
              "use-at-your-own-risk": [
                "./lib/types/use-at-your-own-risk.d.ts"
              ],
              "rules": [
                "./lib/types/rules.d.ts"
              ],
              "universal": [
                "./lib/types/universal.d.ts"
              ],
              "config": [
                "./lib/types/config-api.d.ts"
              ]
            }
          },
          "scripts": {
            "build:docs:update-links": "node tools/fetch-docs-links.js",
            "build:site": "node Makefile.js gensite",
            "build:webpack": "node Makefile.js webpack",
            "build:readme": "node tools/update-readme.js",
            "build:rules-index": "node Makefile.js generateRuleIndexPage",
            "fmt": "prettier --write .",
            "fmt:check": "prettier --check .",
            "lint": "node Makefile.js lint",
            "lint:docs:js": "node Makefile.js lintDocsJS",
            "lint:docs:rule-examples": "node Makefile.js checkRuleExamples",
            "lint:unused": "knip",
            "lint:fix": "node Makefile.js lint -- fix",
            "lint:fix:docs:js": "node Makefile.js lintDocsJS -- fix",
            "lint:rule-types": "node tools/update-rule-type-headers.js --check",
            "lint:types": "attw --pack",
            "release:generate:alpha": "node Makefile.js generatePrerelease -- alpha",
            "release:generate:beta": "node Makefile.js generatePrerelease -- beta",
            "release:generate:latest": "node Makefile.js generateRelease -- latest",
            "release:generate:maintenance": "node Makefile.js generateRelease -- maintenance",
            "release:generate:rc": "node Makefile.js generatePrerelease -- rc",
            "release:publish": "node Makefile.js publishRelease",
            "test": "node Makefile.js test",
            "test:browser": "node Makefile.js cypress",
            "test:cli": "mocha",
            "test:ecosystem": "node tools/test-ecosystem/index.mjs",
            "test:ecosystem:update": "node tools/test-ecosystem/update.mjs",
            "test:emfile": "node tools/check-emfile-handling.js",
            "test:fuzz": "node Makefile.js fuzz",
            "test:performance": "node Makefile.js perf",
            "test:pnpm": "cd tests/pnpm && node check.js && pnpm install && pnpm exec tsc",
            "test:types": "tsc -p tests/lib/types/tsconfig.json && npm run test:types --workspaces --if-present",
            "test:types:5.3": "npx -p typescript@5.3 -y -- tsc -p tsconfig.types-legacy.json",
            "test:types:5.x": "npx -p typescript@5.x -y -- tsc -p tsconfig.types.json",
            "test:types:7.x": "npx -p @typescript/native-preview@latest -y -- tsgo -p tsconfig.types.json",
            "test:types:all": "npm run test:types && npm run test:types:5.3 && npm run test:types:5.x && npm run test:types:7.x"
          },
          "allowScripts": {
            "core-js": false,
            "cypress": false,
            "re2": true,
            "yorkie": true
          },
          "workspaces": [
            "packages/*"
          ],
          "gitHooks": {
            "pre-commit": "lint-staged"
          },
          "lint-staged": {
            "*.{js,json,jsonc,json5,yml,yaml}": [
              "eslint --fix",
              "prettier --write"
            ],
            "docs/src/**/*.md": [
              "markdownlint-cli2 --fix",
              "prettier --write"
            ],
            "!({{*.,**/*.}{js,json,jsonc,json5,yml,yaml},docs/src/**/*.md})": "prettier --write --ignore-unknown",
            "lib/rules/*.js": [
              "node tools/update-eslint-all.js",
              "node tools/update-eslint-recommended.js",
              "node tools/update-rule-type-headers.js",
              "git add packages/js/src/configs/*.js lib/types/rules.d.ts"
            ],
            "docs/src/rules/*.md": [
              "node tools/check-rule-examples.js",
              "node tools/fetch-docs-links.js",
              "git add docs/src/_data/further_reading_links.json"
            ],
            "docs/**/*.svg": "npx -y svgo -r --multipass"
          },
          "files": [
            "LICENSE",
            "README.md",
            "bin",
            "conf",
            "lib",
            "messages"
          ],
          "repository": "eslint/eslint",
          "funding": {
            "url": "https://eslint.org/donate"
          },
          "homepage": "https://eslint.org",
          "bugs": "https://github.com/eslint/eslint/issues/",
          "devDependencies": {
            "@arethetypeswrong/cli": "^0.18.3",
            "@babel/core": "^7.4.3",
            "@babel/preset-env": "^7.4.3",
            "@cypress/webpack-preprocessor": "^6.0.2",
            "@eslint/eslintrc": "^3.3.7",
            "@eslint/json": "^2.1.0",
            "@types/esquery": "^1.5.4",
            "@types/node": "^22.13.14",
            "@typescript-eslint/parser": "^8.58.2",
            "babel-loader": "^8.0.5",
            "c8": "^11.0.0",
            "chai": "^4.0.1",
            "cheerio": "^0.22.0",
            "common-tags": "^1.8.0",
            "core-js": "^3.1.3",
            "cypress": "^14.1.0",
            "ejs": "^3.0.2",
            "eslint": "file:.",
            "eslint-config-eslint": "file:packages/eslint-config-eslint",
            "eslint-plugin-eslint-plugin": "^7.3.2",
            "eslint-plugin-expect-type": "^0.6.0",
            "eslint-plugin-yml": "^1.14.0",
            "eslint-release": "^3.3.0",
            "eslint-rule-extender": "^0.0.1",
            "eslump": "^3.0.0",
            "esprima": "^4.0.1",
            "fs-teardown": "^0.1.3",
            "glob": "^10.0.0",
            "globals": "^16.2.0",
            "got": "^11.8.3",
            "gray-matter": "^4.0.3",
            "jiti": "^2.6.1",
            "knip": "^6.13.1",
            "lint-staged": "^11.0.0",
            "markdown-it": "^14.2.0",
            "markdown-it-container": "^4.0.0",
            "markdownlint-cli2": "^0.22.0",
            "marked": "^4.0.8",
            "metascraper": "^5.25.7",
            "metascraper-description": "^5.25.7",
            "metascraper-image": "^5.29.3",
            "metascraper-logo": "^5.25.7",
            "metascraper-logo-favicon": "^5.25.7",
            "metascraper-title": "^5.25.7",
            "mocha": "^11.7.1",
            "node-polyfill-webpack-plugin": "^1.0.3",
            "npm-license": "^0.3.3",
            "prettier": "3.9.6",
            "progress": "^2.0.3",
            "proxyquire": "^2.0.1",
            "regenerator-runtime": "^0.14.0",
            "semver": "^7.5.3",
            "shelljs": "^0.10.0",
            "sinon": "^11.0.0",
            "typescript": "^6.0.3",
            "webpack": "^5.109.2",
            "webpack-cli": "^4.5.0",
            "yorkie": "^2.0.0"
          },
          "peerDependencies": {
            "jiti": "*"
          },
          "peerDependenciesMeta": {
            "jiti": {
              "optional": true
            }
          },
          "keywords": [
            "ast",
            "lint",
            "javascript",
            "ecmascript",
            "espree"
          ],
          "license": "MIT",
          "engines": {
            "node": "^20.19.0 || ^22.13.0 || >=24"
          },
          "_id": "eslint@10.11.0",
          "extraneous": false,
          "path": "C:\\cinagroup\\cinatoken\\packages\\web\\node_modules\\eslint",
          "_dependencies": {
            "@eslint-community/eslint-utils": "^4.8.0",
            "@eslint-community/regexpp": "^4.12.2",
            "@eslint/config-array": "^0.23.5",
            "@eslint/config-helpers": "^0.7.0",
            "@eslint/core": "^1.2.1",
            "@eslint/plugin-kit": "^0.7.3",
            "@humanfs/node": "^0.16.6",
            "@humanwhocodes/module-importer": "^1.0.1",
            "@humanwhocodes/retry": "^0.4.2",
            "@types/estree": "^1.0.6",
            "ajv": "^6.14.0",
            "cross-spawn": "^7.0.6",
            "debug": "^4.3.2",
            "escape-string-regexp": "^4.0.0",
            "eslint-scope": "^9.1.2",
            "eslint-visitor-keys": "^5.0.1",
            "espree": "^11.2.0",
            "esquery": "^1.7.0",
            "esutils": "^2.0.2",
            "fast-deep-equal": "^3.1.3",
            "file-entry-cache": "11.1.5 || >11.1.6 <12",
            "find-up": "^5.0.0",
            "glob-parent": "^6.0.2",
            "ignore": "^5.2.0",
            "imurmurhash": "^0.1.4",
            "is-glob": "^4.0.0",
            "json-stable-stringify-without-jsonify": "^1.0.1",
            "minimatch": "^10.2.5",
            "natural-compare": "^1.4.0",
            "optionator": "^0.9.3"
          },
          "dependencies": {
            "@eslint/config-array": {
              "version": "0.23.5",
              "resolved": "https://registry.npmjs.org/@eslint/config-array/-/config-array-0.23.5.tgz",
              "overridden": false,
              "name": "@eslint/config-array",
              "description": "General purpose glob-based configuration matching.",
              "author": "Nicholas C. Zakas",
              "type": "module",
              "main": "dist/esm/index.js",
              "types": "dist/esm/index.d.ts",
              "exports": {
                "require": {
                  "types": "./dist/cjs/index.d.cts",
                  "default": "./dist/cjs/index.cjs"
                },
                "import": {
                  "types": "./dist/esm/index.d.ts",
                  "default": "./dist/esm/index.js"
                }
              },
              "files": [
                "dist"
              ],
              "publishConfig": {
                "access": "public"
              },
              "repository": {
                "type": "git",
                "url": "git+https://github.com/eslint/rewrite.git",
                "directory": "packages/config-array"
              },
              "bugs": {
                "url": "https://github.com/eslint/rewrite/issues"
              },
              "homepage": "https://github.com/eslint/rewrite/tree/main/packages/config-array#readme",
              "scripts": {
                "build:dedupe-types": "node ../../tools/dedupe-types.js dist/cjs/index.cjs dist/esm/index.js",
                "build:cts": "node ../../tools/build-cts.js dist/esm/index.d.ts dist/cjs/index.d.cts",
                "build:std__path": "rollup -c rollup.std__path-config.js && node fix-std__path-imports",
                "build": "rollup -c && npm run build:dedupe-types && tsc -p tsconfig.esm.json && npm run build:cts && npm run build:std__path",
                "lint:types": "attw --pack",
                "pretest": "npm run build",
                "test": "npm run test:types && npm run test:unit",
                "test:coverage": "npm run build && c8 npm run test:unit",
                "test:jsr": "npx -y jsr@latest publish --dry-run",
                "test:types": "tsc -p tests/types/tsconfig.json",
                "test:unit": "mocha \"tests/**/*.test.js\""
              },
              "keywords": [
                "configuration",
                "configarray",
                "config file"
              ],
              "license": "Apache-2.0",
              "devDependencies": {
                "@jsr/std__path": "^1.0.4",
                "rollup-plugin-copy": "^3.5.0"
              },
              "engines": {
                "node": "^20.19.0 || ^22.13.0 || >=24"
              },
              "_id": "@eslint/config-array@0.23.5",
              "extraneous": false,
              "path": "C:\\cinagroup\\cinatoken\\packages\\web\\node_modules\\@eslint\\config-array",
              "_dependencies": {
                "@eslint/object-schema": "^3.0.5",
                "debug": "^4.3.1",
                "minimatch": "^10.2.4"
              },
              "peerDependencies": {},
              "dependencies": {
                "minimatch": {
                  "version": "10.2.6",
                  "resolved": "https://registry.npmjs.org/minimatch/-/minimatch-10.2.6.tgz",
                  "overridden": false,
                  "name": "minimatch",
                  "author": "Isaac Z. Schlueter <i@izs.me> (http://blog.izs.me)",
                  "description": "a glob matcher in javascript",
                  "repository": {
                    "type": "git",
                    "url": "git@github.com:isaacs/minimatch"
                  },
                  "main": "./dist/commonjs/index.js",
                  "types": "./dist/commonjs/index.d.ts",
                  "exports": {
                    "./package.json": "./package.json",
                    ".": {
                      "import": {
                        "types": "./dist/esm/index.d.ts",
                        "default": "./dist/esm/index.js"
                      },
                      "require": {
                        "types": "./dist/commonjs/index.d.ts",
                        "default": "./dist/commonjs/index.js"
                      }
                    }
                  },
                  "files": [
                    "dist"
                  ],
                  "scripts": {
                    "preversion": "npm test",
                    "postversion": "npm publish",
                    "prepublishOnly": "git push origin --follow-tags",
                    "prepare": "tshy",
                    "pretest": "npm run prepare",
                    "presnap": "npm run prepare",
                    "test": "tap",
                    "snap": "tap",
                    "format": "prettier --write .",
                    "benchmark": "node benchmark/index.js",
                    "typedoc": "typedoc --tsconfig .tshy/esm.json ./src/*.ts",
                    "lint": "oxlint --fix src test",
                    "postsnap": "npm run lint",
                    "postlint": "npm run format"
                  },
                  "engines": {
                    "node": "18 || 20 || >=22"
                  },
                  "devDependencies": {
                    "@types/node": "^26.1.2",
                    "mkdirp": "^3.0.1",
                    "oxlint": "^1.76.0",
                    "oxlint-tsgolint": "^7.0.2001",
                    "prettier": "^3.9.6",
                    "tap": "^21.7.5",
                    "tshy": "^4.1.3",
                    "typedoc": "^0.28.20"
                  },
                  "funding": {
                    "url": "https://github.com/sponsors/isaacs"
                  },
                  "license": "BlueOak-1.0.0",
                  "tshy": {
                    "exports": {
                      "./package.json": "./package.json",
                      ".": "./src/index.ts"
                    },
                    "selfLink": false
                  },
                  "type": "module",
                  "module": "./dist/esm/index.js",
                  "_id": "minimatch@10.2.6",
                  "extraneous": false,
                  "path": "C:\\cinagroup\\cinatoken\\packages\\web\\node_modules\\@eslint\\config-array\\node_modules\\minimatch",
                  "_dependencies": {
                    "brace-expansion": "^5.0.8"
                  },
                  "peerDependencies": {},
                  "dependencies": {
                    "brace-expansion": {
                      "version": "5.0.12",
                      "resolved": "https://registry.npmjs.org/brace-expansion/-/brace-expansion-5.0.12.tgz",
                      "overridden": false,
                      "name": "brace-expansion",
                      "description": "Brace expansion as known from sh/bash",
                      "files": [
                        "dist"
                      ],
                      "exports": {
                        "./package.json": "./package.json",
                        ".": {
                          "import": {
                            "types": "./dist/esm/index.d.ts",
                            "default": "./dist/esm/index.js"
                          },
                          "require": {
                            "types": "./dist/commonjs/index.d.ts",
                            "default": "./dist/commonjs/index.js"
                          }
                        }
                      },
                      "type": "module",
                      "scripts": {
                        "preversion": "npm test",
                        "postversion": "npm publish",
                        "prepublishOnly": "git push origin --follow-tags",
                        "prepare": "tshy",
                        "pretest": "npm run prepare",
                        "presnap": "npm run prepare",
                        "test": "tap",
                        "snap": "tap",
                        "format": "prettier --write .",
                        "format:check": "prettier --check .",
                        "benchmark": "node benchmark/index.js",
                        "typedoc": "typedoc --tsconfig .tshy/esm.json ./src/*.ts"
                      },
                      "devDependencies": {
                        "@types/brace-expansion": "^1.1.2",
                        "@types/node": "^25.2.1",
                        "mkdirp": "^3.0.1",
                        "prettier": "^3.3.2",
                        "tap": "^21.6.2",
                        "tshy": "^3.0.2",
                        "typedoc": "^0.28.5"
                      },
                      "license": "MIT",
                      "engines": {
                        "node": "20 || >=22"
                      },
                      "tshy": {
                        "exports": {
                          "./package.json": "./package.json",
                          ".": "./src/index.ts"
                        }
                      },
                      "main": "./dist/commonjs/index.js",
                      "types": "./dist/commonjs/index.d.ts",
                      "module": "./dist/esm/index.js",
                      "repository": {
                        "type": "git",
                        "url": "git+https://github.com/juliangruber/brace-expansion.git"
                      },
                      "_id": "brace-expansion@5.0.12",
                      "extraneous": false,
                      "path": "C:\\cinagroup\\cinatoken\\packages\\web\\node_modules\\@eslint\\config-array\\node_modules\\brace-expansion",
                      "_dependencies": {
                        "balanced-match": "^4.0.2"
                      },
                      "peerDependencies": {}
                    }
                  }
                }
              }
            },
            "minimatch": {
              "version": "10.2.6",
              "resolved": "https://registry.npmjs.org/minimatch/-/minimatch-10.2.6.tgz",
              "overridden": false,
              "name": "minimatch",
              "author": "Isaac Z. Schlueter <i@izs.me> (http://blog.izs.me)",
              "description": "a glob matcher in javascript",
              "repository": {
                "type": "git",
                "url": "git@github.com:isaacs/minimatch"
              },
              "main": "./dist/commonjs/index.js",
              "types": "./dist/commonjs/index.d.ts",
              "exports": {
                "./package.json": "./package.json",
                ".": {
                  "import": {
                    "types": "./dist/esm/index.d.ts",
                    "default": "./dist/esm/index.js"
                  },
                  "require": {
                    "types": "./dist/commonjs/index.d.ts",
                    "default": "./dist/commonjs/index.js"
                  }
                }
              },
              "files": [
                "dist"
              ],
              "scripts": {
                "preversion": "npm test",
                "postversion": "npm publish",
                "prepublishOnly": "git push origin --follow-tags",
                "prepare": "tshy",
                "pretest": "npm run prepare",
                "presnap": "npm run prepare",
                "test": "tap",
                "snap": "tap",
                "format": "prettier --write .",
                "benchmark": "node benchmark/index.js",
                "typedoc": "typedoc --tsconfig .tshy/esm.json ./src/*.ts",
                "lint": "oxlint --fix src test",
                "postsnap": "npm run lint",
                "postlint": "npm run format"
              },
              "engines": {
                "node": "18 || 20 || >=22"
              },
              "devDependencies": {
                "@types/node": "^26.1.2",
                "mkdirp": "^3.0.1",
                "oxlint": "^1.76.0",
                "oxlint-tsgolint": "^7.0.2001",
                "prettier": "^3.9.6",
                "tap": "^21.7.5",
                "tshy": "^4.1.3",
                "typedoc": "^0.28.20"
              },
              "funding": {
                "url": "https://github.com/sponsors/isaacs"
              },
              "license": "BlueOak-1.0.0",
              "tshy": {
                "exports": {
                  "./package.json": "./package.json",
                  ".": "./src/index.ts"
                },
                "selfLink": false
              },
              "type": "module",
              "module": "./dist/esm/index.js",
              "_id": "minimatch@10.2.6",
              "extraneous": false,
              "path": "C:\\cinagroup\\cinatoken\\packages\\web\\node_modules\\eslint\\node_modules\\minimatch",
              "_dependencies": {
                "brace-expansion": "^5.0.8"
              },
              "peerDependencies": {},
              "dependencies": {
                "brace-expansion": {
                  "version": "5.0.12",
                  "resolved": "https://registry.npmjs.org/brace-expansion/-/brace-expansion-5.0.12.tgz",
                  "overridden": false,
                  "name": "brace-expansion",
                  "description": "Brace expansion as known from sh/bash",
                  "files": [
                    "dist"
                  ],
                  "exports": {
                    "./package.json": "./package.json",
                    ".": {
                      "import": {
                        "types": "./dist/esm/index.d.ts",
                        "default": "./dist/esm/index.js"
                      },
                      "require": {
                        "types": "./dist/commonjs/index.d.ts",
                        "default": "./dist/commonjs/index.js"
                      }
                    }
                  },
                  "type": "module",
                  "scripts": {
                    "preversion": "npm test",
                    "postversion": "npm publish",
                    "prepublishOnly": "git push origin --follow-tags",
                    "prepare": "tshy",
                    "pretest": "npm run prepare",
                    "presnap": "npm run prepare",
                    "test": "tap",
                    "snap": "tap",
                    "format": "prettier --write .",
                    "format:check": "prettier --check .",
                    "benchmark": "node benchmark/index.js",
                    "typedoc": "typedoc --tsconfig .tshy/esm.json ./src/*.ts"
                  },
                  "devDependencies": {
                    "@types/brace-expansion": "^1.1.2",
                    "@types/node": "^25.2.1",
                    "mkdirp": "^3.0.1",
                    "prettier": "^3.3.2",
                    "tap": "^21.6.2",
                    "tshy": "^3.0.2",
                    "typedoc": "^0.28.5"
                  },
                  "license": "MIT",
                  "engines": {
                    "node": "20 || >=22"
                  },
                  "tshy": {
                    "exports": {
                      "./package.json": "./package.json",
                      ".": "./src/index.ts"
                    }
                  },
                  "main": "./dist/commonjs/index.js",
                  "types": "./dist/commonjs/index.d.ts",
                  "module": "./dist/esm/index.js",
                  "repository": {
                    "type": "git",
                    "url": "git+https://github.com/juliangruber/brace-expansion.git"
                  },
                  "_id": "brace-expansion@5.0.12",
                  "extraneous": false,
                  "path": "C:\\cinagroup\\cinatoken\\packages\\web\\node_modules\\eslint\\node_modules\\brace-expansion",
                  "_dependencies": {
                    "balanced-match": "^4.0.2"
                  },
                  "peerDependencies": {}
                }
              }
            }
          }
        },
        "shadcn": {
          "version": "4.21.0",
          "resolved": "https://registry.npmjs.org/shadcn/-/shadcn-4.21.0.tgz",
          "overridden": false,
          "name": "shadcn",
          "description": "Add components to your apps.",
          "homepage": "https://ui.shadcn.com",
          "publishConfig": {
            "access": "public"
          },
          "license": "MIT",
          "author": {
            "name": "shadcn",
            "url": "https://twitter.com/shadcn"
          },
          "repository": {
            "type": "git",
            "url": "https://github.com/shadcn-ui/ui.git",
            "directory": "packages/shadcn"
          },
          "files": [
            "dist"
          ],
          "keywords": [
            "components",
            "ui",
            "tailwind",
            "radix-ui",
            "base-ui",
            "shadcn"
          ],
          "type": "module",
          "exports": {
            ".": {
              "types": "./dist/index.d.ts",
              "default": "./dist/index.js"
            },
            "./registry": {
              "types": "./dist/registry/index.d.ts",
              "default": "./dist/registry/index.js"
            },
            "./schema": {
              "types": "./dist/schema/index.d.ts",
              "default": "./dist/schema/index.js"
            },
            "./mcp": {
              "types": "./dist/mcp/index.d.ts",
              "default": "./dist/mcp/index.js"
            },
            "./utils": {
              "types": "./dist/utils/index.d.ts",
              "default": "./dist/utils/index.js"
            },
            "./icons": {
              "types": "./dist/icons/index.d.ts",
              "default": "./dist/icons/index.js"
            },
            "./preset": {
              "types": "./dist/preset/index.d.ts",
              "default": "./dist/preset/index.js"
            },
            "./tailwind.css": "./dist/tailwind.css"
          },
          "sideEffects": [
            "./dist/tailwind.css"
          ],
          "bin": {
            "shadcn": "dist/index.js"
          },
          "engines": {
            "node": ">=20.18.1"
          },
          "devDependencies": {
            "@antfu/ni": "^25.0.0",
            "@types/babel__core": "^7.20.5",
            "@types/fs-extra": "^11.0.4",
            "@types/prompts": "^2.4.9",
            "@types/stringify-object": "^4.0.5",
            "msw": "^2.10.4",
            "rimraf": "^6.0.1",
            "tsup": "^8.5.0",
            "type-fest": "^4.41.0",
            "typescript": "^5.9.2"
          },
          "scripts": {
            "dev": "tsup --watch",
            "build": "tsup",
            "typecheck": "tsc --noEmit",
            "clean": "rimraf dist && rimraf components",
            "start:dev": "cross-env REGISTRY_URL=http://localhost:4000/r SHADCN_TEMPLATE_DIR=../../templates node dist/index.js",
            "start:prod": "cross-env REGISTRY_URL=https://ui.shadcn.com/r node dist/index.js",
            "start": "node dist/index.js",
            "format:write": "prettier --write \"**/*.{ts,tsx,mdx}\" --cache",
            "format:check": "prettier --check \"**/*.{ts,tsx,mdx}\" --cache",
            "release": "changeset version",
            "pub:beta": "pnpm build && pnpm publish --no-git-checks --access public --tag beta",
            "pub:rc": "pnpm build && pnpm publish --no-git-checks --access public --tag rc",
            "pub:next": "pnpm build && pnpm publish --no-git-checks --access public --tag next",
            "pub:release": "pnpm build && pnpm publish --access public",
            "test": "vitest run",
            "test:dev": "REGISTRY_URL=http://localhost:4000/r SHADCN_TEMPLATE_DIR=../../templates vitest run",
            "mcp:inspect": "pnpm dlx @modelcontextprotocol/inspector node dist/index.js mcp"
          },
          "_id": "shadcn@4.21.0",
          "extraneous": false,
          "path": "C:\\cinagroup\\cinatoken\\node_modules\\shadcn",
          "_dependencies": {
            "@babel/core": "^7.28.0",
            "@babel/parser": "^7.28.0",
            "@babel/plugin-transform-typescript": "^7.28.0",
            "@babel/preset-typescript": "^7.27.1",
            "@dotenvx/dotenvx": "^1.48.4",
            "@modelcontextprotocol/sdk": "^1.26.0",
            "@types/validate-npm-package-name": "^4.0.2",
            "browserslist": "^4.26.2",
            "cn": "^0.2.4",
            "commander": "^14.0.0",
            "cosmiconfig": "^9.0.0",
            "dedent": "^1.6.0",
            "deepmerge": "^4.3.1",
            "diff": "^8.0.2",
            "execa": "^9.6.0",
            "fast-glob": "^3.3.3",
            "fs-extra": "^11.3.1",
            "fuzzysort": "^3.1.0",
            "kleur": "^4.1.5",
            "open": "^11.0.0",
            "ora": "^8.2.0",
            "postcss": "^8.5.6",
            "postcss-selector-parser": "^7.1.0",
            "prompts": "^2.4.2",
            "recast": "^0.23.11",
            "socks": "^2.8.8",
            "stringify-object": "^5.0.0",
            "ts-morph": "^26.0.0",
            "tsconfig-paths": "^4.2.0",
            "undici": "^7.27.2",
            "validate-npm-package-name": "^7.0.1",
            "zod": "^3.24.1",
            "zod-to-json-schema": "^3.24.6"
          },
          "peerDependencies": {},
          "dependencies": {
            "@dotenvx/dotenvx": {
              "version": "1.75.1",
              "resolved": "https://registry.npmjs.org/@dotenvx/dotenvx/-/dotenvx-1.75.1.tgz",
              "overridden": false,
              "name": "@dotenvx/dotenvx",
              "description": "a secure dotenv–from the creator of `dotenv`",
              "author": "@motdotla",
              "keywords": [
                "dotenv",
                "env"
              ],
              "homepage": "https://github.com/dotenvx/dotenvx",
              "repository": {
                "type": "git",
                "url": "git+https://github.com/dotenvx/dotenvx.git"
              },
              "license": "BSD-3-Clause",
              "files": [
                "src/**/*",
                "CHANGELOG.md"
              ],
              "main": "src/lib/main.js",
              "types": "src/lib/main.d.ts",
              "exports": {
                ".": {
                  "types": "./src/lib/main.d.ts",
                  "require": "./src/lib/main.js",
                  "default": "./src/lib/main.js"
                },
                "./config": "./src/lib/config.js",
                "./config.js": "./src/lib/config.js",
                "./package.json": "./package.json"
              },
              "bin": {
                "dotenvx": "src/cli/dotenvx.js"
              },
              "scripts": {
                "standard": "standard",
                "standard:fix": "standard --fix",
                "test": "tap run --test-env=DOTENVX_NO_ARMOR=true --allow-empty-coverage --disable-coverage --timeout=60000",
                "testshell": "bash shellspec",
                "release:check": "npm test && npm run testshell",
                "prerelease": "npm run release:check",
                "release": "npm run release:check && standard-version"
              },
              "funding": {
                "url": "https://dotenvx.com"
              },
              "devDependencies": {
                "@yao-pkg/pkg": "^6.12.0",
                "capture-console": "^1.0.2",
                "esbuild": "^0.28.1",
                "proxyquire": "^2.1.3",
                "sinon": "^14.0.1",
                "standard": "^17.1.0",
                "standard-version": "^9.5.0",
                "tap": "^21.0.1"
              },
              "publishConfig": {
                "access": "public",
                "provenance": true
              },
              "_id": "@dotenvx/dotenvx@1.75.1",
              "extraneous": false,
              "path": "C:\\cinagroup\\cinatoken\\node_modules\\shadcn\\node_modules\\@dotenvx\\dotenvx",
              "_dependencies": {
                "@dotenvx/primitives": "^0.8.0",
                "commander": "^11.1.0",
                "conf": "^10.2.0",
                "dotenv": "^17.2.1",
                "enquirer": "^2.4.1",
                "env-paths": "^2.2.1",
                "execa": "^5.1.1",
                "fdir": "^6.2.0",
                "ignore": "^5.3.0",
                "object-treeify": "1.1.33",
                "open": "^8.4.2",
                "picomatch": "^4.0.4",
                "systeminformation": "^5.22.11",
                "undici": "^7.11.0",
                "which": "^4.0.0",
                "yocto-spinner": "^1.1.0"
              },
              "peerDependencies": {},
              "dependencies": {
                "conf": {
                  "version": "10.2.0",
                  "resolved": "https://registry.npmjs.org/conf/-/conf-10.2.0.tgz",
                  "overridden": false,
                  "name": "conf",
                  "description": "Simple config handling for your app or module",
                  "license": "MIT",
                  "repository": "sindresorhus/conf",
                  "funding": {
                    "url": "https://github.com/sponsors/sindresorhus"
                  },
                  "author": {
                    "name": "Sindre Sorhus",
                    "email": "sindresorhus@gmail.com",
                    "url": "https://sindresorhus.com"
                  },
                  "main": "dist/source",
                  "engines": {
                    "node": ">=12"
                  },
                  "scripts": {
                    "test": "xo && npm run build && nyc ava",
                    "build": "del-cli dist && tsc",
                    "prepack": "npm run build"
                  },
                  "files": [
                    "dist/source"
                  ],
                  "keywords": [
                    "config",
                    "store",
                    "app",
                    "storage",
                    "conf",
                    "configuration",
                    "settings",
                    "preferences",
                    "json",
                    "data",
                    "persist",
                    "persistent",
                    "save",
                    "load",
                    "read",
                    "write",
                    "cache"
                  ],
                  "devDependencies": {
                    "@ava/typescript": "^1.1.1",
                    "@sindresorhus/tsconfig": "^0.7.0",
                    "@types/node": "^14.14.41",
                    "@types/semver": "^7.3.4",
                    "@types/write-file-atomic": "^3.0.1",
                    "ava": "^3.15.0",
                    "clear-module": "^4.1.1",
                    "del": "^6.0.0",
                    "del-cli": "^3.0.1",
                    "delay": "^5.0.0",
                    "nyc": "^15.1.0",
                    "p-event": "^4.2.0",
                    "tempy": "^1.0.1",
                    "tsd": "^0.14.0",
                    "typescript": "^4.4.3",
                    "xo": "^0.38.2"
                  },
                  "types": "dist/source",
                  "ava": {
                    "files": [
                      "test/*",
                      "!test/index.test-d.ts"
                    ],
                    "timeout": "1m",
                    "typescript": {
                      "rewritePaths": {
                        "test/": "dist/test/"
                      }
                    }
                  },
                  "xo": {
                    "rules": {
                      "@typescript-eslint/no-implicit-any-catch": "off"
                    }
                  },
                  "nyc": {
                    "extension": [
                      ".ts"
                    ],
                    "exclude": [
                      "**/test/**"
                    ]
                  },
                  "_id": "conf@10.2.0",
                  "extraneous": false,
                  "path": "C:\\cinagroup\\cinatoken\\node_modules\\conf",
                  "_dependencies": {
                    "ajv": "^8.6.3",
                    "ajv-formats": "^2.1.1",
                    "atomically": "^1.7.0",
                    "debounce-fn": "^4.0.0",
                    "dot-prop": "^6.0.1",
                    "env-paths": "^2.2.1",
                    "json-schema-typed": "^7.0.3",
                    "onetime": "^5.1.2",
                    "pkg-up": "^3.1.0",
                    "semver": "^7.3.5"
                  },
                  "peerDependencies": {},
                  "dependencies": {
                    "ajv": {
                      "version": "8.20.0",
                      "resolved": "https://registry.npmjs.org/ajv/-/ajv-8.20.0.tgz",
                      "overridden": false,
                      "name": "ajv",
                      "description": "Another JSON Schema Validator",
                      "main": "dist/ajv.js",
                      "types": "dist/ajv.d.ts",
                      "files": [
                        "lib/",
                        "dist/",
                        ".runkit_example.js"
                      ],
                      "sideEffects": false,
                      "scripts": {
                        "eslint": "eslint \"lib/**/*.ts\" \"spec/**/*.*s\" --ignore-pattern spec/JSON-Schema-Test-Suite",
                        "prettier:write": "prettier --write \"./**/*.{json,yaml,js,ts}\"",
                        "prettier:check": "prettier --list-different \"./**/*.{json,yaml,js,ts}\"",
                        "test-spec": "cross-env TS_NODE_PROJECT=spec/tsconfig.json mocha -r ts-node/register \"spec/**/*.spec.{ts,js}\" -R dot",
                        "test-codegen": "nyc cross-env TS_NODE_PROJECT=spec/tsconfig.json mocha -r ts-node/register 'spec/codegen.spec.ts' -R spec",
                        "test-debug": "npm run test-spec -- --inspect-brk",
                        "test-cov": "nyc npm run test-spec",
                        "rollup": "rm -rf bundle && rollup -c",
                        "bundle": "rm -rf bundle && node ./scripts/bundle.js ajv ajv7 ajv7 && node ./scripts/bundle.js 2019 ajv2019 ajv2019 && node ./scripts/bundle.js 2020 ajv2020 ajv2020 && node ./scripts/bundle.js jtd ajvJTD ajvJTD",
                        "build": "rm -rf dist && tsc && cp -r lib/refs dist && rm dist/refs/json-schema-2019-09/index.ts && rm dist/refs/json-schema-2020-12/index.ts && rm dist/refs/jtd-schema.ts",
                        "json-tests": "rm -rf spec/_json/*.js && node scripts/jsontests",
                        "test-karma": "karma start",
                        "test-browser": "rm -rf .browser && npm run bundle && scripts/prepare-tests && karma start",
                        "test-all": "npm run test-cov",
                        "test": "npm run json-tests && npm run prettier:check && npm run eslint && npm link && npm link --legacy-peer-deps ajv && npm run test-cov",
                        "test-ci": "AJV_FULL_TEST=true npm test",
                        "prepublish": "npm run build",
                        "benchmark": "npm i && npm run build && npm link && cd ./benchmark && npm link --legacy-peer-deps ajv && npm i && node ./jtd",
                        "docs:dev": "./scripts/prepare-site && vuepress dev docs",
                        "docs:build": "./scripts/prepare-site && vuepress build docs"
                      },
                      "nyc": {
                        "exclude": [
                          "**/spec/**",
                          "node_modules"
                        ],
                        "reporter": [
                          "lcov",
                          "text-summary"
                        ]
                      },
                      "repository": "ajv-validator/ajv",
                      "keywords": [
                        "JSON",
                        "schema",
                        "validator",
                        "validation",
                        "jsonschema",
                        "json-schema",
                        "json-schema-validator",
                        "json-schema-validation"
                      ],
                      "author": "Evgeny Poberezkin",
                      "license": "MIT",
                      "bugs": "https://github.com/ajv-validator/ajv/issues",
                      "homepage": "https://ajv.js.org",
                      "runkitExampleFilename": ".runkit_example.js",
                      "devDependencies": {
                        "@ajv-validator/config": "^0.5.0",
                        "@rollup/plugin-commonjs": "^25.0.7",
                        "@rollup/plugin-json": "^6.1.0",
                        "@rollup/plugin-node-resolve": "^15.2.3",
                        "@rollup/plugin-typescript": "^11.1.6",
                        "@types/chai": "^4.3.11",
                        "@types/mocha": "^10.0.6",
                        "@types/node": "^20.11.30",
                        "@types/require-from-string": "^1.2.3",
                        "@typescript-eslint/eslint-plugin": "^7.3.1",
                        "@typescript-eslint/parser": "^7.3.1",
                        "ajv-formats": "^3.0.1",
                        "browserify": "^17.0.0",
                        "chai": "^4.4.1",
                        "cross-env": "^7.0.3",
                        "dayjs": "^1.11.10",
                        "dayjs-plugin-utc": "^0.1.2",
                        "eslint": "^8.57.0",
                        "eslint-config-prettier": "^9.1.0",
                        "glob": "^10.3.10",
                        "husky": "^9.0.11",
                        "jimp": "^0.22.10",
                        "js-beautify": "^1.15.1",
                        "json-schema-test": "^2.0.0",
                        "karma": "^6.4.2",
                        "karma-chrome-launcher": "^3.2.0",
                        "karma-mocha": "^2.0.1",
                        "lint-staged": "^15.2.2",
                        "mocha": "^10.3.0",
                        "module-from-string": "^3.3.0",
                        "node-fetch": "^3.3.2",
                        "nyc": "^15.1.0",
                        "prettier": "3.0.3",
                        "re2": "^1.20.9",
                        "rollup": "^2.79.1",
                        "rollup-plugin-terser": "^7.0.2",
                        "ts-node": "^10.9.2",
                        "tsify": "^5.0.4",
                        "typescript": "5.3.3",
                        "uri-js": "^4.4.1"
                      },
                      "collective": {
                        "type": "opencollective",
                        "url": "https://opencollective.com/ajv"
                      },
                      "funding": {
                        "type": "github",
                        "url": "https://github.com/sponsors/epoberezkin"
                      },
                      "prettier": "@ajv-validator/config/prettierrc.json",
                      "husky": {
                        "hooks": {
                          "pre-commit": "lint-staged && npm test"
                        }
                      },
                      "lint-staged": {
                        "*.{json,yaml,js,ts}": "prettier --write"
                      },
                      "_id": "ajv@8.20.0",
                      "extraneous": false,
                      "path": "C:\\cinagroup\\cinatoken\\node_modules\\conf\\node_modules\\ajv",
                      "_dependencies": {
                        "fast-deep-equal": "^3.1.3",
                        "fast-uri": "^3.0.1",
                        "json-schema-traverse": "^1.0.0",
                        "require-from-string": "^2.0.2"
                      },
                      "peerDependencies": {},
                      "dependencies": {
                        "fast-uri": {
                          "version": "3.1.8",
                          "name": "fast-uri",
                          "description": "Dependency-free RFC 3986 URI toolbox",
                          "main": "index.js",
                          "type": "commonjs",
                          "types": "types/index.d.ts",
                          "license": "BSD-3-Clause",
                          "author": "Vincent Le Goff <vince.legoff@gmail.com> (https://github.com/zekth)",
                          "contributors": [
                            {
                              "name": "Matteo Collina",
                              "email": "hello@matteocollina.com"
                            },
                            {
                              "name": "Gürgün Dayıoğlu",
                              "email": "hey@gurgun.day",
                              "url": "https://heyhey.to/G"
                            },
                            {
                              "name": "Aras Abbasi",
                              "email": "aras.abbasi@gmail.com"
                            },
                            {
                              "name": "Frazer Smith",
                              "email": "frazer.dev@icloud.com",
                              "url": "https://github.com/fdawgs"
                            }
                          ],
                          "repository": {
                            "type": "git",
                            "url": "git+https://github.com/fastify/fast-uri.git"
                          },
                          "bugs": {
                            "url": "https://github.com/fastify/fast-uri/issues"
                          },
                          "homepage": "https://github.com/fastify/fast-uri",
                          "funding": [
                            {
                              "type": "github",
                              "url": "https://github.com/sponsors/fastify"
                            },
                            {
                              "type": "opencollective",
                              "url": "https://opencollective.com/fastify"
                            }
                          ],
                          "scripts": {
                            "lint": "eslint",
                            "lint:fix": "eslint --fix",
                            "test": "npm run test:unit && npm run test:typescript",
                            "test:browser:chromium": "playwright-test ./test/* --runner tape --browser=chromium",
                            "test:browser:firefox": "playwright-test ./test/* --runner tape --browser=firefox",
                            "test:browser:webkit": "playwright-test ./test/* --runner tape --browser=webkit",
                            "test:browser": "npm run test:browser:chromium && npm run test:browser:firefox && npm run test:browser:webkit",
                            "test:unit": "tape test/**/*.js",
                            "test:unit:dev": "npm run test:unit -- --coverage-report=html",
                            "test:typescript": "tsd"
                          },
                          "devDependencies": {
                            "ajv": "^8.16.0",
                            "eslint": "^9.17.0",
                            "neostandard": "^0.13.0",
                            "playwright-test": "^14.1.12",
                            "tape": "^5.8.1",
                            "tsd": "^0.33.0"
                          },
                          "_id": "fast-uri@3.1.8",
                          "extraneous": false,
                          "path": "C:\\cinagroup\\cinatoken\\node_modules\\fast-uri",
                          "_dependencies": {},
                          "peerDependencies": {}
                        }
                      }
                    }
                  }
                }
              }
            },
            "@modelcontextprotocol/sdk": {
              "version": "1.30.1",
              "resolved": "https://registry.npmjs.org/@modelcontextprotocol/sdk/-/sdk-1.30.1.tgz",
              "overridden": false,
              "name": "@modelcontextprotocol/sdk",
              "description": "Model Context Protocol implementation for TypeScript",
              "license": "MIT",
              "author": "Anthropic, PBC (https://anthropic.com)",
              "homepage": "https://modelcontextprotocol.io",
              "bugs": "https://github.com/modelcontextprotocol/typescript-sdk/issues",
              "type": "module",
              "repository": {
                "type": "git",
                "url": "git+https://github.com/modelcontextprotocol/typescript-sdk.git"
              },
              "engines": {
                "node": ">=18"
              },
              "keywords": [
                "modelcontextprotocol",
                "mcp"
              ],
              "exports": {
                ".": {
                  "types": "./dist/esm/index.d.ts",
                  "import": "./dist/esm/index.js",
                  "require": "./dist/cjs/index.js"
                },
                "./client": {
                  "types": "./dist/esm/client/index.d.ts",
                  "import": "./dist/esm/client/index.js",
                  "require": "./dist/cjs/client/index.js"
                },
                "./server": {
                  "types": "./dist/esm/server/index.d.ts",
                  "import": "./dist/esm/server/index.js",
                  "require": "./dist/cjs/server/index.js"
                },
                "./validation": {
                  "types": "./dist/esm/validation/index.d.ts",
                  "import": "./dist/esm/validation/index.js",
                  "require": "./dist/cjs/validation/index.js"
                },
                "./validation/ajv": {
                  "types": "./dist/esm/validation/ajv-provider.d.ts",
                  "import": "./dist/esm/validation/ajv-provider.js",
                  "require": "./dist/cjs/validation/ajv-provider.js"
                },
                "./validation/cfworker": {
                  "types": "./dist/esm/validation/cfworker-provider.d.ts",
                  "import": "./dist/esm/validation/cfworker-provider.js",
                  "require": "./dist/cjs/validation/cfworker-provider.js"
                },
                "./experimental": {
                  "types": "./dist/esm/experimental/index.d.ts",
                  "import": "./dist/esm/experimental/index.js",
                  "require": "./dist/cjs/experimental/index.js"
                },
                "./experimental/tasks": {
                  "types": "./dist/esm/experimental/tasks/index.d.ts",
                  "import": "./dist/esm/experimental/tasks/index.js",
                  "require": "./dist/cjs/experimental/tasks/index.js"
                },
                "./*": {
                  "types": "./dist/esm/*.d.ts",
                  "import": "./dist/esm/*",
                  "require": "./dist/cjs/*"
                }
              },
              "typesVersions": {
                "*": {
                  "*": [
                    "./dist/esm/*"
                  ]
                }
              },
              "files": [
                "dist"
              ],
              "scripts": {
                "fetch:spec-types": "tsx scripts/fetch-spec-types.ts",
                "typecheck": "tsgo --noEmit",
                "build": "npm run build:esm && npm run build:cjs",
                "build:esm": "mkdir -p dist/esm && echo '{\"type\": \"module\"}' > dist/esm/package.json && tsc -p tsconfig.prod.json",
                "build:esm:w": "npm run build:esm -- -w",
                "build:cjs": "mkdir -p dist/cjs && echo '{\"type\": \"commonjs\"}' > dist/cjs/package.json && tsc -p tsconfig.cjs.json",
                "build:cjs:w": "npm run build:cjs -- -w",
                "examples:simple-server:w": "tsx --watch src/examples/server/simpleStreamableHttp.ts --oauth",
                "prepack": "npm run build:esm && npm run build:cjs",
                "lint": "eslint src/ && prettier --check .",
                "lint:fix": "eslint src/ --fix && prettier --write .",
                "check": "npm run typecheck && npm run lint",
                "test": "vitest run --exclude \"test/e2e/**\"",
                "test:e2e": "vitest run test/e2e",
                "test:watch": "vitest",
                "start": "npm run server",
                "server": "tsx watch --clear-screen=false scripts/cli.ts server",
                "client": "tsx scripts/cli.ts client",
                "test:conformance:server": "test/conformance/scripts/run-server-conformance.sh --expected-failures test/conformance/conformance-baseline.yml",
                "test:conformance:server:all": "test/conformance/scripts/run-server-conformance.sh --suite all --expected-failures test/conformance/conformance-baseline.yml",
                "test:conformance:server:run": "npx tsx test/conformance/src/everythingServer.ts",
                "test:conformance:client": "npx @modelcontextprotocol/conformance client --command 'npx tsx test/conformance/src/everythingClient.ts' --expected-failures test/conformance/conformance-baseline.yml",
                "test:conformance:client:all": "npx @modelcontextprotocol/conformance client --command 'npx tsx test/conformance/src/everythingClient.ts' --suite all --expected-failures test/conformance/conformance-baseline.yml"
              },
              "peerDependencies": {
                "@cfworker/json-schema": "^4.1.1",
                "zod": "^3.25 || ^4.0"
              },
              "peerDependenciesMeta": {
                "@cfworker/json-schema": {
                  "optional": true
                },
                "zod": {
                  "optional": false
                }
              },
              "devDependencies": {
                "@cfworker/json-schema": "^4.1.1",
                "@eslint/js": "^9.39.1",
                "@modelcontextprotocol/conformance": "^0.1.14",
                "@types/content-type": "^1.1.8",
                "@types/cors": "^2.8.17",
                "@types/cross-spawn": "^6.0.6",
                "@types/eventsource": "^1.1.15",
                "@types/express": "^5.0.0",
                "@types/express-serve-static-core": "^5.1.0",
                "@types/node": "^22.12.0",
                "@types/supertest": "^6.0.2",
                "@types/ws": "^8.5.12",
                "@typescript/native-preview": "^7.0.0-dev.20251103.1",
                "eslint": "^9.8.0",
                "eslint-config-prettier": "^10.1.8",
                "eslint-plugin-n": "^17.23.1",
                "prettier": "3.6.2",
                "supertest": "^7.0.0",
                "tsx": "^4.16.5",
                "typescript": "^5.5.4",
                "typescript-eslint": "^8.48.1",
                "vitest": "^4.0.8",
                "ws": "^8.18.0"
              },
              "resolutions": {
                "strip-ansi": "6.0.1"
              },
              "overrides": {
                "qs": "6.14.1"
              },
              "_id": "@modelcontextprotocol/sdk@1.30.1",
              "extraneous": false,
              "path": "C:\\cinagroup\\cinatoken\\node_modules\\@modelcontextprotocol\\sdk",
              "_dependencies": {
                "@hono/node-server": "^1.19.9 || ^2.0.5",
                "ajv": "^8.17.1",
                "ajv-formats": "^3.0.1",
                "content-type": "^1.0.5",
                "cors": "^2.8.5",
                "cross-spawn": "^7.0.5",
                "eventsource": "^3.0.2",
                "eventsource-parser": "^3.0.0",
                "express": "^5.2.1",
                "express-rate-limit": "^8.2.1",
                "hono": "^4.11.4",
                "jose": "^6.1.3",
                "json-schema-typed": "^8.0.2",
                "pkce-challenge": "^5.0.0",
                "raw-body": "^3.0.0",
                "zod": "^3.25 || ^4.0",
                "zod-to-json-schema": "^3.25.1"
              },
              "dependencies": {
                "@hono/node-server": {
                  "version": "1.19.14",
                  "resolved": "https://registry.npmjs.org/@hono/node-server/-/node-server-1.19.14.tgz",
                  "overridden": false,
                  "name": "@hono/node-server",
                  "description": "Node.js Adapter for Hono",
                  "main": "dist/index.js",
                  "types": "dist/index.d.ts",
                  "files": [
                    "dist"
                  ],
                  "exports": {
                    ".": {
                      "types": "./dist/index.d.ts",
                      "require": "./dist/index.js",
                      "import": "./dist/index.mjs"
                    },
                    "./serve-static": {
                      "types": "./dist/serve-static.d.ts",
                      "require": "./dist/serve-static.js",
                      "import": "./dist/serve-static.mjs"
                    },
                    "./vercel": {
                      "types": "./dist/vercel.d.ts",
                      "require": "./dist/vercel.js",
                      "import": "./dist/vercel.mjs"
                    },
                    "./utils/*": {
                      "types": "./dist/utils/*.d.ts",
                      "require": "./dist/utils/*.js",
                      "import": "./dist/utils/*.mjs"
                    },
                    "./conninfo": {
                      "types": "./dist/conninfo.d.ts",
                      "require": "./dist/conninfo.js",
                      "import": "./dist/conninfo.mjs"
                    }
                  },
                  "typesVersions": {
                    "*": {
                      ".": [
                        "./dist/index.d.ts"
                      ],
                      "serve-static": [
                        "./dist/serve-static.d.ts"
                      ],
                      "vercel": [
                        "./dist/vercel.d.ts"
                      ],
                      "utils/*": [
                        "./dist/utils/*.d.ts"
                      ],
                      "conninfo": [
                        "./dist/conninfo.d.ts"
                      ]
                    }
                  },
                  "scripts": {
                    "test": "node --expose-gc node_modules/jest/bin/jest.js",
                    "build": "tsup --external hono",
                    "watch": "tsup --watch",
                    "postbuild": "publint",
                    "prerelease": "bun run build && bun run test",
                    "release": "np",
                    "lint": "eslint src test",
                    "lint:fix": "eslint src test --fix",
                    "format": "prettier --check \"src/**/*.{js,ts}\" \"test/**/*.{js,ts}\"",
                    "format:fix": "prettier --write \"src/**/*.{js,ts}\" \"test/**/*.{js,ts}\""
                  },
                  "license": "MIT",
                  "repository": {
                    "type": "git",
                    "url": "https://github.com/honojs/node-server.git"
                  },
                  "homepage": "https://github.com/honojs/node-server",
                  "author": "Yusuke Wada <yusuke@kamawada.com> (https://github.com/yusukebe)",
                  "publishConfig": {
                    "registry": "https://registry.npmjs.org",
                    "access": "public"
                  },
                  "engines": {
                    "node": ">=18.14.1"
                  },
                  "devDependencies": {
                    "@hono/eslint-config": "^1.0.1",
                    "@types/jest": "^29.5.3",
                    "@types/node": "^20.10.0",
                    "@types/supertest": "^2.0.12",
                    "@whatwg-node/fetch": "^0.9.14",
                    "eslint": "^9.10.0",
                    "hono": "^4.4.10",
                    "jest": "^29.6.1",
                    "np": "^7.7.0",
                    "prettier": "^3.2.4",
                    "publint": "^0.1.16",
                    "supertest": "^6.3.3",
                    "ts-jest": "^29.1.1",
                    "tsup": "^7.2.0",
                    "typescript": "^5.3.2"
                  },
                  "peerDependencies": {
                    "hono": "^4"
                  },
                  "packageManager": "bun@1.2.20",
                  "_id": "@hono/node-server@1.19.14",
                  "extraneous": false,
                  "path": "C:\\cinagroup\\cinatoken\\node_modules\\@hono\\node-server",
                  "_dependencies": {},
                  "dependencies": {
                    "hono": {
                      "version": "4.12.12",
                      "name": "hono",
                      "description": "Web framework built on Web Standards",
                      "main": "dist/cjs/index.js",
                      "type": "module",
                      "module": "dist/index.js",
                      "types": "dist/types/index.d.ts",
                      "files": [
                        "dist"
                      ],
                      "scripts": {
                        "test": "tsc --noEmit && vitest --run",
                        "test:watch": "vitest --watch",
                        "test:deno": "deno test --allow-read --allow-env --allow-write --allow-net -c runtime-tests/deno/deno.json runtime-tests/deno && deno test --no-lock -c runtime-tests/deno-jsx/deno.precompile.json runtime-tests/deno-jsx && deno test --no-lock -c runtime-tests/deno-jsx/deno.react-jsx.json runtime-tests/deno-jsx",
                        "test:bun": "bun test --jsx-import-source ../../src/jsx runtime-tests/bun/*",
                        "test:fastly": "vitest --run --project fastly",
                        "test:node": "vitest --run --project node",
                        "test:workerd": "vitest --run --project workerd",
                        "test:lambda": "vitest --run --project lambda",
                        "test:lambda-edge": "vitest --run --project lambda-edge",
                        "test:all": "bun run test && bun test:deno && bun test:bun",
                        "lint": "eslint src runtime-tests build perf-measures benchmarks",
                        "lint:fix": "eslint src runtime-tests build perf-measures benchmarks --fix",
                        "format": "prettier --check --cache \"src/**/*.{js,ts,tsx}\" \"runtime-tests/**/*.{js,ts,tsx}\" \"build/**/*.{js,ts,tsx}\" \"perf-measures/**/*.{js,ts,tsx}\" \"benchmarks/**/*.{js,ts,tsx}\"",
                        "format:fix": "prettier --write --cache --cache-strategy metadata \"src/**/*.{js,ts,tsx}\" \"runtime-tests/**/*.{js,ts,tsx}\" \"build/**/*.{js,ts,tsx}\" \"perf-measures/**/*.{js,ts,tsx}\" \"benchmarks/**/*.{js,ts,tsx}\"",
                        "editorconfig-checker": "editorconfig-checker",
                        "copy:package.cjs.json": "cp ./package.cjs.json ./dist/cjs/package.json && cp ./package.cjs.json ./dist/types/package.json",
                        "build": "bun run --shell bun remove-dist && bun ./build/build.ts && bun run copy:package.cjs.json",
                        "postbuild": "publint",
                        "watch": "bun run --shell bun remove-dist && bun ./build/build.ts --watch && bun run copy:package.cjs.json",
                        "coverage": "vitest --run --coverage",
                        "prerelease": "bun test:deno && bun run build",
                        "release": "np",
                        "remove-dist": "rm -rf dist"
                      },
                      "exports": {
                        ".": {
                          "types": "./dist/types/index.d.ts",
                          "import": "./dist/index.js",
                          "require": "./dist/cjs/index.js"
                        },
                        "./request": {
                          "types": "./dist/types/request.d.ts",
                          "import": "./dist/request.js",
                          "require": "./dist/cjs/request.js"
                        },
                        "./types": {
                          "types": "./dist/types/types.d.ts",
                          "import": "./dist/types.js",
                          "require": "./dist/cjs/types.js"
                        },
                        "./hono-base": {
                          "types": "./dist/types/hono-base.d.ts",
                          "import": "./dist/hono-base.js",
                          "require": "./dist/cjs/hono-base.js"
                        },
                        "./tiny": {
                          "types": "./dist/types/preset/tiny.d.ts",
                          "import": "./dist/preset/tiny.js",
                          "require": "./dist/cjs/preset/tiny.js"
                        },
                        "./quick": {
                          "types": "./dist/types/preset/quick.d.ts",
                          "import": "./dist/preset/quick.js",
                          "require": "./dist/cjs/preset/quick.js"
                        },
                        "./http-exception": {
                          "types": "./dist/types/http-exception.d.ts",
                          "import": "./dist/http-exception.js",
                          "require": "./dist/cjs/http-exception.js"
                        },
                        "./basic-auth": {
                          "types": "./dist/types/middleware/basic-auth/index.d.ts",
                          "import": "./dist/middleware/basic-auth/index.js",
                          "require": "./dist/cjs/middleware/basic-auth/index.js"
                        },
                        "./bearer-auth": {
                          "types": "./dist/types/middleware/bearer-auth/index.d.ts",
                          "import": "./dist/middleware/bearer-auth/index.js",
                          "require": "./dist/cjs/middleware/bearer-auth/index.js"
                        },
                        "./body-limit": {
                          "types": "./dist/types/middleware/body-limit/index.d.ts",
                          "import": "./dist/middleware/body-limit/index.js",
                          "require": "./dist/cjs/middleware/body-limit/index.js"
                        },
                        "./ip-restriction": {
                          "types": "./dist/types/middleware/ip-restriction/index.d.ts",
                          "import": "./dist/middleware/ip-restriction/index.js",
                          "require": "./dist/cjs/middleware/ip-restriction/index.js"
                        },
                        "./cache": {
                          "types": "./dist/types/middleware/cache/index.d.ts",
                          "import": "./dist/middleware/cache/index.js",
                          "require": "./dist/cjs/middleware/cache/index.js"
                        },
                        "./route": {
                          "types": "./dist/types/helper/route/index.d.ts",
                          "import": "./dist/helper/route/index.js",
                          "require": "./dist/cjs/helper/route/index.js"
                        },
                        "./cookie": {
                          "types": "./dist/types/helper/cookie/index.d.ts",
                          "import": "./dist/helper/cookie/index.js",
                          "require": "./dist/cjs/helper/cookie/index.js"
                        },
                        "./accepts": {
                          "types": "./dist/types/helper/accepts/index.d.ts",
                          "import": "./dist/helper/accepts/index.js",
                          "require": "./dist/cjs/helper/accepts/index.js"
                        },
                        "./compress": {
                          "types": "./dist/types/middleware/compress/index.d.ts",
                          "import": "./dist/middleware/compress/index.js",
                          "require": "./dist/cjs/middleware/compress/index.js"
                        },
                        "./context-storage": {
                          "types": "./dist/types/middleware/context-storage/index.d.ts",
                          "import": "./dist/middleware/context-storage/index.js",
                          "require": "./dist/cjs/middleware/context-storage/index.js"
                        },
                        "./cors": {
                          "types": "./dist/types/middleware/cors/index.d.ts",
                          "import": "./dist/middleware/cors/index.js",
                          "require": "./dist/cjs/middleware/cors/index.js"
                        },
                        "./csrf": {
                          "types": "./dist/types/middleware/csrf/index.d.ts",
                          "import": "./dist/middleware/csrf/index.js",
                          "require": "./dist/cjs/middleware/csrf/index.js"
                        },
                        "./etag": {
                          "types": "./dist/types/middleware/etag/index.d.ts",
                          "import": "./dist/middleware/etag/index.js",
                          "require": "./dist/cjs/middleware/etag/index.js"
                        },
                        "./trailing-slash": {
                          "types": "./dist/types/middleware/trailing-slash/index.d.ts",
                          "import": "./dist/middleware/trailing-slash/index.js",
                          "require": "./dist/cjs/middleware/trailing-slash/index.js"
                        },
                        "./html": {
                          "types": "./dist/types/helper/html/index.d.ts",
                          "import": "./dist/helper/html/index.js",
                          "require": "./dist/cjs/helper/html/index.js"
                        },
                        "./css": {
                          "types": "./dist/types/helper/css/index.d.ts",
                          "import": "./dist/helper/css/index.js",
                          "require": "./dist/cjs/helper/css/index.js"
                        },
                        "./jsx": {
                          "types": "./dist/types/jsx/index.d.ts",
                          "import": "./dist/jsx/index.js",
                          "require": "./dist/cjs/jsx/index.js"
                        },
                        "./jsx/jsx-dev-runtime": {
                          "types": "./dist/types/jsx/jsx-dev-runtime.d.ts",
                          "import": "./dist/jsx/jsx-dev-runtime.js",
                          "require": "./dist/cjs/jsx/jsx-dev-runtime.js"
                        },
                        "./jsx/jsx-runtime": {
                          "types": "./dist/types/jsx/jsx-runtime.d.ts",
                          "import": "./dist/jsx/jsx-runtime.js",
                          "require": "./dist/cjs/jsx/jsx-runtime.js"
                        },
                        "./jsx/streaming": {
                          "types": "./dist/types/jsx/streaming.d.ts",
                          "import": "./dist/jsx/streaming.js",
                          "require": "./dist/cjs/jsx/streaming.js"
                        },
                        "./jsx-renderer": {
                          "types": "./dist/types/middleware/jsx-renderer/index.d.ts",
                          "import": "./dist/middleware/jsx-renderer/index.js",
                          "require": "./dist/cjs/middleware/jsx-renderer/index.js"
                        },
                        "./jsx/dom": {
                          "types": "./dist/types/jsx/dom/index.d.ts",
                          "import": "./dist/jsx/dom/index.js",
                          "require": "./dist/cjs/jsx/dom/index.js"
                        },
                        "./jsx/dom/jsx-dev-runtime": {
                          "types": "./dist/types/jsx/dom/jsx-dev-runtime.d.ts",
                          "import": "./dist/jsx/dom/jsx-dev-runtime.js",
                          "require": "./dist/cjs/jsx/dom/jsx-dev-runtime.js"
                        },
                        "./jsx/dom/jsx-runtime": {
                          "types": "./dist/types/jsx/dom/jsx-runtime.d.ts",
                          "import": "./dist/jsx/dom/jsx-runtime.js",
                          "require": "./dist/cjs/jsx/dom/jsx-runtime.js"
                        },
                        "./jsx/dom/client": {
                          "types": "./dist/types/jsx/dom/client.d.ts",
                          "import": "./dist/jsx/dom/client.js",
                          "require": "./dist/cjs/jsx/dom/client.js"
                        },
                        "./jsx/dom/css": {
                          "types": "./dist/types/jsx/dom/css.d.ts",
                          "import": "./dist/jsx/dom/css.js",
                          "require": "./dist/cjs/jsx/dom/css.js"
                        },
                        "./jsx/dom/server": {
                          "types": "./dist/types/jsx/dom/server.d.ts",
                          "import": "./dist/jsx/dom/server.js",
                          "require": "./dist/cjs/jsx/dom/server.js"
                        },
                        "./jwt": {
                          "types": "./dist/types/middleware/jwt/index.d.ts",
                          "import": "./dist/middleware/jwt/index.js",
                          "require": "./dist/cjs/middleware/jwt/index.js"
                        },
                        "./jwk": {
                          "types": "./dist/types/middleware/jwk/index.d.ts",
                          "import": "./dist/middleware/jwk/index.js",
                          "require": "./dist/cjs/middleware/jwk/index.js"
                        },
                        "./timeout": {
                          "types": "./dist/types/middleware/timeout/index.d.ts",
                          "import": "./dist/middleware/timeout/index.js",
                          "require": "./dist/cjs/middleware/timeout/index.js"
                        },
                        "./timing": {
                          "types": "./dist/types/middleware/timing/index.d.ts",
                          "import": "./dist/middleware/timing/index.js",
                          "require": "./dist/cjs/middleware/timing/index.js"
                        },
                        "./logger": {
                          "types": "./dist/types/middleware/logger/index.d.ts",
                          "import": "./dist/middleware/logger/index.js",
                          "require": "./dist/cjs/middleware/logger/index.js"
                        },
                        "./method-override": {
                          "types": "./dist/types/middleware/method-override/index.d.ts",
                          "import": "./dist/middleware/method-override/index.js",
                          "require": "./dist/cjs/middleware/method-override/index.js"
                        },
                        "./powered-by": {
                          "types": "./dist/types/middleware/powered-by/index.d.ts",
                          "import": "./dist/middleware/powered-by/index.js",
                          "require": "./dist/cjs/middleware/powered-by/index.js"
                        },
                        "./pretty-json": {
                          "types": "./dist/types/middleware/pretty-json/index.d.ts",
                          "import": "./dist/middleware/pretty-json/index.js",
                          "require": "./dist/cjs/middleware/pretty-json/index.js"
                        },
                        "./request-id": {
                          "types": "./dist/types/middleware/request-id/index.d.ts",
                          "import": "./dist/middleware/request-id/index.js",
                          "require": "./dist/cjs/middleware/request-id/index.js"
                        },
                        "./language": {
                          "types": "./dist/types/middleware/language/index.d.ts",
                          "import": "./dist/middleware/language/index.js",
                          "require": "./dist/cjs/middleware/language/index.js"
                        },
                        "./secure-headers": {
                          "types": "./dist/types/middleware/secure-headers/index.d.ts",
                          "import": "./dist/middleware/secure-headers/index.js",
                          "require": "./dist/cjs/middleware/secure-headers/index.js"
                        },
                        "./combine": {
                          "types": "./dist/types/middleware/combine/index.d.ts",
                          "import": "./dist/middleware/combine/index.js",
                          "require": "./dist/cjs/middleware/combine/index.js"
                        },
                        "./ssg": {
                          "types": "./dist/types/helper/ssg/index.d.ts",
                          "import": "./dist/helper/ssg/index.js",
                          "require": "./dist/cjs/helper/ssg/index.js"
                        },
                        "./streaming": {
                          "types": "./dist/types/helper/streaming/index.d.ts",
                          "import": "./dist/helper/streaming/index.js",
                          "require": "./dist/cjs/helper/streaming/index.js"
                        },
                        "./validator": {
                          "types": "./dist/types/validator/index.d.ts",
                          "import": "./dist/validator/index.js",
                          "require": "./dist/cjs/validator/index.js"
                        },
                        "./router": {
                          "types": "./dist/types/router.d.ts",
                          "import": "./dist/router.js",
                          "require": "./dist/cjs/router.js"
                        },
                        "./router/reg-exp-router": {
                          "types": "./dist/types/router/reg-exp-router/index.d.ts",
                          "import": "./dist/router/reg-exp-router/index.js",
                          "require": "./dist/cjs/router/reg-exp-router/index.js"
                        },
                        "./router/smart-router": {
                          "types": "./dist/types/router/smart-router/index.d.ts",
                          "import": "./dist/router/smart-router/index.js",
                          "require": "./dist/cjs/router/smart-router/index.js"
                        },
                        "./router/trie-router": {
                          "types": "./dist/types/router/trie-router/index.d.ts",
                          "import": "./dist/router/trie-router/index.js",
                          "require": "./dist/cjs/router/trie-router/index.js"
                        },
                        "./router/pattern-router": {
                          "types": "./dist/types/router/pattern-router/index.d.ts",
                          "import": "./dist/router/pattern-router/index.js",
                          "require": "./dist/cjs/router/pattern-router/index.js"
                        },
                        "./router/linear-router": {
                          "types": "./dist/types/router/linear-router/index.d.ts",
                          "import": "./dist/router/linear-router/index.js",
                          "require": "./dist/cjs/router/linear-router/index.js"
                        },
                        "./utils/jwt": {
                          "types": "./dist/types/utils/jwt/index.d.ts",
                          "import": "./dist/utils/jwt/index.js",
                          "require": "./dist/cjs/utils/jwt/index.js"
                        },
                        "./utils/*": {
                          "types": "./dist/types/utils/*.d.ts",
                          "import": "./dist/utils/*.js",
                          "require": "./dist/cjs/utils/*.js"
                        },
                        "./client": {
                          "types": "./dist/types/client/index.d.ts",
                          "import": "./dist/client/index.js",
                          "require": "./dist/cjs/client/index.js"
                        },
                        "./adapter": {
                          "types": "./dist/types/helper/adapter/index.d.ts",
                          "import": "./dist/helper/adapter/index.js",
                          "require": "./dist/cjs/helper/adapter/index.js"
                        },
                        "./factory": {
                          "types": "./dist/types/helper/factory/index.d.ts",
                          "import": "./dist/helper/factory/index.js",
                          "require": "./dist/cjs/helper/factory/index.js"
                        },
                        "./serve-static": {
                          "types": "./dist/types/middleware/serve-static/index.d.ts",
                          "import": "./dist/middleware/serve-static/index.js",
                          "require": "./dist/cjs/middleware/serve-static/index.js"
                        },
                        "./cloudflare-workers": {
                          "types": "./dist/types/adapter/cloudflare-workers/index.d.ts",
                          "import": "./dist/adapter/cloudflare-workers/index.js",
                          "require": "./dist/cjs/adapter/cloudflare-workers/index.js"
                        },
                        "./cloudflare-pages": {
                          "types": "./dist/types/adapter/cloudflare-pages/index.d.ts",
                          "import": "./dist/adapter/cloudflare-pages/index.js",
                          "require": "./dist/cjs/adapter/cloudflare-pages/index.js"
                        },
                        "./deno": {
                          "types": "./dist/types/adapter/deno/index.d.ts",
                          "import": "./dist/adapter/deno/index.js",
                          "require": "./dist/cjs/adapter/deno/index.js"
                        },
                        "./bun": {
                          "types": "./dist/types/adapter/bun/index.d.ts",
                          "import": "./dist/adapter/bun/index.js",
                          "require": "./dist/cjs/adapter/bun/index.js"
                        },
                        "./aws-lambda": {
                          "types": "./dist/types/adapter/aws-lambda/index.d.ts",
                          "import": "./dist/adapter/aws-lambda/index.js",
                          "require": "./dist/cjs/adapter/aws-lambda/index.js"
                        },
                        "./vercel": {
                          "types": "./dist/types/adapter/vercel/index.d.ts",
                          "import": "./dist/adapter/vercel/index.js",
                          "require": "./dist/cjs/adapter/vercel/index.js"
                        },
                        "./netlify": {
                          "types": "./dist/types/adapter/netlify/index.d.ts",
                          "import": "./dist/adapter/netlify/index.js",
                          "require": "./dist/cjs/adapter/netlify/index.js"
                        },
                        "./lambda-edge": {
                          "types": "./dist/types/adapter/lambda-edge/index.d.ts",
                          "import": "./dist/adapter/lambda-edge/index.js",
                          "require": "./dist/cjs/adapter/lambda-edge/index.js"
                        },
                        "./service-worker": {
                          "types": "./dist/types/adapter/service-worker/index.d.ts",
                          "import": "./dist/adapter/service-worker/index.js",
                          "require": "./dist/cjs/adapter/service-worker/index.js"
                        },
                        "./testing": {
                          "types": "./dist/types/helper/testing/index.d.ts",
                          "import": "./dist/helper/testing/index.js",
                          "require": "./dist/cjs/helper/testing/index.js"
                        },
                        "./dev": {
                          "types": "./dist/types/helper/dev/index.d.ts",
                          "import": "./dist/helper/dev/index.js",
                          "require": "./dist/cjs/helper/dev/index.js"
                        },
                        "./ws": {
                          "types": "./dist/types/helper/websocket/index.d.ts",
                          "import": "./dist/helper/websocket/index.js",
                          "require": "./dist/cjs/helper/websocket/index.js"
                        },
                        "./conninfo": {
                          "types": "./dist/types/helper/conninfo/index.d.ts",
                          "import": "./dist/helper/conninfo/index.js",
                          "require": "./dist/cjs/helper/conninfo/index.js"
                        },
                        "./proxy": {
                          "types": "./dist/types/helper/proxy/index.d.ts",
                          "import": "./dist/helper/proxy/index.js",
                          "require": "./dist/cjs/helper/proxy/index.js"
                        }
                      },
                      "typesVersions": {
                        "*": {
                          "request": [
                            "./dist/types/request"
                          ],
                          "types": [
                            "./dist/types/types"
                          ],
                          "hono-base": [
                            "./dist/types/hono-base"
                          ],
                          "tiny": [
                            "./dist/types/preset/tiny"
                          ],
                          "quick": [
                            "./dist/types/preset/quick"
                          ],
                          "http-exception": [
                            "./dist/types/http-exception"
                          ],
                          "basic-auth": [
                            "./dist/types/middleware/basic-auth"
                          ],
                          "bearer-auth": [
                            "./dist/types/middleware/bearer-auth"
                          ],
                          "body-limit": [
                            "./dist/types/middleware/body-limit"
                          ],
                          "ip-restriction": [
                            "./dist/types/middleware/ip-restriction"
                          ],
                          "cache": [
                            "./dist/types/middleware/cache"
                          ],
                          "route": [
                            "./dist/types/helper/route"
                          ],
                          "cookie": [
                            "./dist/types/helper/cookie"
                          ],
                          "accepts": [
                            "./dist/types/helper/accepts"
                          ],
                          "compress": [
                            "./dist/types/middleware/compress"
                          ],
                          "context-storage": [
                            "./dist/types/middleware/context-storage"
                          ],
                          "cors": [
                            "./dist/types/middleware/cors"
                          ],
                          "csrf": [
                            "./dist/types/middleware/csrf"
                          ],
                          "etag": [
                            "./dist/types/middleware/etag"
                          ],
                          "trailing-slash": [
                            "./dist/types/middleware/trailing-slash"
                          ],
                          "html": [
                            "./dist/types/helper/html"
                          ],
                          "css": [
                            "./dist/types/helper/css"
                          ],
                          "jsx": [
                            "./dist/types/jsx"
                          ],
                          "jsx/jsx-runtime": [
                            "./dist/types/jsx/jsx-runtime.d.ts"
                          ],
                          "jsx/jsx-dev-runtime": [
                            "./dist/types/jsx/jsx-dev-runtime.d.ts"
                          ],
                          "jsx/streaming": [
                            "./dist/types/jsx/streaming.d.ts"
                          ],
                          "jsx-renderer": [
                            "./dist/types/middleware/jsx-renderer"
                          ],
                          "jsx/dom": [
                            "./dist/types/jsx/dom"
                          ],
                          "jsx/dom/client": [
                            "./dist/types/jsx/dom/client.d.ts"
                          ],
                          "jsx/dom/css": [
                            "./dist/types/jsx/dom/css.d.ts"
                          ],
                          "jsx/dom/server": [
                            "./dist/types/jsx/dom/server.d.ts"
                          ],
                          "jwt": [
                            "./dist/types/middleware/jwt"
                          ],
                          "timeout": [
                            "./dist/types/middleware/timeout"
                          ],
                          "timing": [
                            "./dist/types/middleware/timing"
                          ],
                          "logger": [
                            "./dist/types/middleware/logger"
                          ],
                          "method-override": [
                            "./dist/types/middleware/method-override"
                          ],
                          "powered-by": [
                            "./dist/types/middleware/powered-by"
                          ],
                          "pretty-json": [
                            "./dist/types/middleware/pretty-json"
                          ],
                          "request-id": [
                            "./dist/types/middleware/request-id"
                          ],
                          "language": [
                            "./dist/types/middleware/language"
                          ],
                          "streaming": [
                            "./dist/types/helper/streaming"
                          ],
                          "ssg": [
                            "./dist/types/helper/ssg"
                          ],
                          "secure-headers": [
                            "./dist/types/middleware/secure-headers"
                          ],
                          "combine": [
                            "./dist/types/middleware/combine"
                          ],
                          "validator": [
                            "./dist/types/validator/index.d.ts"
                          ],
                          "router": [
                            "./dist/types/router.d.ts"
                          ],
                          "router/reg-exp-router": [
                            "./dist/types/router/reg-exp-router/router.d.ts"
                          ],
                          "router/smart-router": [
                            "./dist/types/router/smart-router/router.d.ts"
                          ],
                          "router/trie-router": [
                            "./dist/types/router/trie-router/router.d.ts"
                          ],
                          "router/pattern-router": [
                            "./dist/types/router/pattern-router/router.d.ts"
                          ],
                          "router/linear-router": [
                            "./dist/types/router/linear-router/router.d.ts"
                          ],
                          "utils/jwt": [
                            "./dist/types/utils/jwt/index.d.ts"
                          ],
                          "utils/*": [
                            "./dist/types/utils/*"
                          ],
                          "client": [
                            "./dist/types/client/index.d.ts"
                          ],
                          "adapter": [
                            "./dist/types/helper/adapter/index.d.ts"
                          ],
                          "factory": [
                            "./dist/types/helper/factory/index.d.ts"
                          ],
                          "serve-static": [
                            "./dist/types/middleware/serve-static"
                          ],
                          "cloudflare-workers": [
                            "./dist/types/adapter/cloudflare-workers"
                          ],
                          "cloudflare-pages": [
                            "./dist/types/adapter/cloudflare-pages"
                          ],
                          "deno": [
                            "./dist/types/adapter/deno"
                          ],
                          "bun": [
                            "./dist/types/adapter/bun"
                          ],
                          "nextjs": [
                            "./dist/types/adapter/nextjs"
                          ],
                          "aws-lambda": [
                            "./dist/types/adapter/aws-lambda"
                          ],
                          "vercel": [
                            "./dist/types/adapter/vercel"
                          ],
                          "lambda-edge": [
                            "./dist/types/adapter/lambda-edge"
                          ],
                          "service-worker": [
                            "./dist/types/adapter/service-worker"
                          ],
                          "testing": [
                            "./dist/types/helper/testing"
                          ],
                          "dev": [
                            "./dist/types/helper/dev"
                          ],
                          "ws": [
                            "./dist/types/helper/websocket"
                          ],
                          "conninfo": [
                            "./dist/types/helper/conninfo"
                          ],
                          "proxy": [
                            "./dist/types/helper/proxy"
                          ]
                        }
                      },
                      "author": "Yusuke Wada <yusuke@kamawada.com> (https://github.com/yusukebe)",
                      "license": "MIT",
                      "repository": {
                        "type": "git",
                        "url": "git+https://github.com/honojs/hono.git"
                      },
                      "publishConfig": {
                        "registry": "https://registry.npmjs.org"
                      },
                      "homepage": "https://hono.dev",
                      "keywords": [
                        "hono",
                        "web",
                        "app",
                        "http",
                        "application",
                        "framework",
                        "router",
                        "cloudflare",
                        "workers",
                        "fastly",
                        "compute",
                        "deno",
                        "bun",
                        "lambda",
                        "nodejs"
                      ],
                      "devDependencies": {
                        "@hono/eslint-config": "^2.1.0",
                        "@hono/node-server": "^1.13.5",
                        "@types/glob": "^9.0.0",
                        "@types/jsdom": "^21.1.7",
                        "@types/node": "^24.3.0",
                        "@types/ws": "^8.18.1",
                        "@typescript/native-preview": "7.0.0-dev.20260210.1",
                        "@vitest/coverage-v8": "^3.2.4",
                        "arg": "^5.0.2",
                        "bun-types": "^1.2.20",
                        "editorconfig-checker": "6.1.1",
                        "esbuild": "^0.27.1",
                        "eslint": "^9.39.3",
                        "glob": "^11.0.0",
                        "jsdom": "22.1.0",
                        "msw": "^2.6.0",
                        "np": "10.2.0",
                        "oxc-parser": "^0.96.0",
                        "pkg-pr-new": "^0.0.53",
                        "prettier": "3.7.4",
                        "publint": "0.3.15",
                        "typescript": "^5.9.2",
                        "undici": "^6.21.3",
                        "vite-plugin-fastly-js-compute": "^0.4.2",
                        "vitest": "^3.2.4",
                        "wrangler": "4.12.0",
                        "ws": "^8.18.0",
                        "zod": "^3.23.8"
                      },
                      "packageManager": "bun@1.2.20",
                      "engines": {
                        "node": ">=16.9.0"
                      },
                      "_id": "hono@4.12.12",
                      "extraneous": false,
                      "path": "C:\\cinagroup\\cinatoken\\node_modules\\hono",
                      "_dependencies": {},
                      "peerDependencies": {}
                    }
                  }
                },
                "ajv": {
                  "version": "8.20.0",
                  "resolved": "https://registry.npmjs.org/ajv/-/ajv-8.20.0.tgz",
                  "overridden": false,
                  "name": "ajv",
                  "description": "Another JSON Schema Validator",
                  "main": "dist/ajv.js",
                  "types": "dist/ajv.d.ts",
                  "files": [
                    "lib/",
                    "dist/",
                    ".runkit_example.js"
                  ],
                  "sideEffects": false,
                  "scripts": {
                    "eslint": "eslint \"lib/**/*.ts\" \"spec/**/*.*s\" --ignore-pattern spec/JSON-Schema-Test-Suite",
                    "prettier:write": "prettier --write \"./**/*.{json,yaml,js,ts}\"",
                    "prettier:check": "prettier --list-different \"./**/*.{json,yaml,js,ts}\"",
                    "test-spec": "cross-env TS_NODE_PROJECT=spec/tsconfig.json mocha -r ts-node/register \"spec/**/*.spec.{ts,js}\" -R dot",
                    "test-codegen": "nyc cross-env TS_NODE_PROJECT=spec/tsconfig.json mocha -r ts-node/register 'spec/codegen.spec.ts' -R spec",
                    "test-debug": "npm run test-spec -- --inspect-brk",
                    "test-cov": "nyc npm run test-spec",
                    "rollup": "rm -rf bundle && rollup -c",
                    "bundle": "rm -rf bundle && node ./scripts/bundle.js ajv ajv7 ajv7 && node ./scripts/bundle.js 2019 ajv2019 ajv2019 && node ./scripts/bundle.js 2020 ajv2020 ajv2020 && node ./scripts/bundle.js jtd ajvJTD ajvJTD",
                    "build": "rm -rf dist && tsc && cp -r lib/refs dist && rm dist/refs/json-schema-2019-09/index.ts && rm dist/refs/json-schema-2020-12/index.ts && rm dist/refs/jtd-schema.ts",
                    "json-tests": "rm -rf spec/_json/*.js && node scripts/jsontests",
                    "test-karma": "karma start",
                    "test-browser": "rm -rf .browser && npm run bundle && scripts/prepare-tests && karma start",
                    "test-all": "npm run test-cov",
                    "test": "npm run json-tests && npm run prettier:check && npm run eslint && npm link && npm link --legacy-peer-deps ajv && npm run test-cov",
                    "test-ci": "AJV_FULL_TEST=true npm test",
                    "prepublish": "npm run build",
                    "benchmark": "npm i && npm run build && npm link && cd ./benchmark && npm link --legacy-peer-deps ajv && npm i && node ./jtd",
                    "docs:dev": "./scripts/prepare-site && vuepress dev docs",
                    "docs:build": "./scripts/prepare-site && vuepress build docs"
                  },
                  "nyc": {
                    "exclude": [
                      "**/spec/**",
                      "node_modules"
                    ],
                    "reporter": [
                      "lcov",
                      "text-summary"
                    ]
                  },
                  "repository": "ajv-validator/ajv",
                  "keywords": [
                    "JSON",
                    "schema",
                    "validator",
                    "validation",
                    "jsonschema",
                    "json-schema",
                    "json-schema-validator",
                    "json-schema-validation"
                  ],
                  "author": "Evgeny Poberezkin",
                  "license": "MIT",
                  "bugs": "https://github.com/ajv-validator/ajv/issues",
                  "homepage": "https://ajv.js.org",
                  "runkitExampleFilename": ".runkit_example.js",
                  "devDependencies": {
                    "@ajv-validator/config": "^0.5.0",
                    "@rollup/plugin-commonjs": "^25.0.7",
                    "@rollup/plugin-json": "^6.1.0",
                    "@rollup/plugin-node-resolve": "^15.2.3",
                    "@rollup/plugin-typescript": "^11.1.6",
                    "@types/chai": "^4.3.11",
                    "@types/mocha": "^10.0.6",
                    "@types/node": "^20.11.30",
                    "@types/require-from-string": "^1.2.3",
                    "@typescript-eslint/eslint-plugin": "^7.3.1",
                    "@typescript-eslint/parser": "^7.3.1",
                    "ajv-formats": "^3.0.1",
                    "browserify": "^17.0.0",
                    "chai": "^4.4.1",
                    "cross-env": "^7.0.3",
                    "dayjs": "^1.11.10",
                    "dayjs-plugin-utc": "^0.1.2",
                    "eslint": "^8.57.0",
                    "eslint-config-prettier": "^9.1.0",
                    "glob": "^10.3.10",
                    "husky": "^9.0.11",
                    "jimp": "^0.22.10",
                    "js-beautify": "^1.15.1",
                    "json-schema-test": "^2.0.0",
                    "karma": "^6.4.2",
                    "karma-chrome-launcher": "^3.2.0",
                    "karma-mocha": "^2.0.1",
                    "lint-staged": "^15.2.2",
                    "mocha": "^10.3.0",
                    "module-from-string": "^3.3.0",
                    "node-fetch": "^3.3.2",
                    "nyc": "^15.1.0",
                    "prettier": "3.0.3",
                    "re2": "^1.20.9",
                    "rollup": "^2.79.1",
                    "rollup-plugin-terser": "^7.0.2",
                    "ts-node": "^10.9.2",
                    "tsify": "^5.0.4",
                    "typescript": "5.3.3",
                    "uri-js": "^4.4.1"
                  },
                  "collective": {
                    "type": "opencollective",
                    "url": "https://opencollective.com/ajv"
                  },
                  "funding": {
                    "type": "github",
                    "url": "https://github.com/sponsors/epoberezkin"
                  },
                  "prettier": "@ajv-validator/config/prettierrc.json",
                  "husky": {
                    "hooks": {
                      "pre-commit": "lint-staged && npm test"
                    }
                  },
                  "lint-staged": {
                    "*.{json,yaml,js,ts}": "prettier --write"
                  },
                  "_id": "ajv@8.20.0",
                  "extraneous": false,
                  "path": "C:\\cinagroup\\cinatoken\\node_modules\\@modelcontextprotocol\\sdk\\node_modules\\ajv",
                  "_dependencies": {
                    "fast-deep-equal": "^3.1.3",
                    "fast-uri": "^3.0.1",
                    "json-schema-traverse": "^1.0.0",
                    "require-from-string": "^2.0.2"
                  },
                  "peerDependencies": {},
                  "dependencies": {
                    "fast-uri": {
                      "version": "3.1.8",
                      "name": "fast-uri",
                      "description": "Dependency-free RFC 3986 URI toolbox",
                      "main": "index.js",
                      "type": "commonjs",
                      "types": "types/index.d.ts",
                      "license": "BSD-3-Clause",
                      "author": "Vincent Le Goff <vince.legoff@gmail.com> (https://github.com/zekth)",
                      "contributors": [
                        {
                          "name": "Matteo Collina",
                          "email": "hello@matteocollina.com"
                        },
                        {
                          "name": "Gürgün Dayıoğlu",
                          "email": "hey@gurgun.day",
                          "url": "https://heyhey.to/G"
                        },
                        {
                          "name": "Aras Abbasi",
                          "email": "aras.abbasi@gmail.com"
                        },
                        {
                          "name": "Frazer Smith",
                          "email": "frazer.dev@icloud.com",
                          "url": "https://github.com/fdawgs"
                        }
                      ],
                      "repository": {
                        "type": "git",
                        "url": "git+https://github.com/fastify/fast-uri.git"
                      },
                      "bugs": {
                        "url": "https://github.com/fastify/fast-uri/issues"
                      },
                      "homepage": "https://github.com/fastify/fast-uri",
                      "funding": [
                        {
                          "type": "github",
                          "url": "https://github.com/sponsors/fastify"
                        },
                        {
                          "type": "opencollective",
                          "url": "https://opencollective.com/fastify"
                        }
                      ],
                      "scripts": {
                        "lint": "eslint",
                        "lint:fix": "eslint --fix",
                        "test": "npm run test:unit && npm run test:typescript",
                        "test:browser:chromium": "playwright-test ./test/* --runner tape --browser=chromium",
                        "test:browser:firefox": "playwright-test ./test/* --runner tape --browser=firefox",
                        "test:browser:webkit": "playwright-test ./test/* --runner tape --browser=webkit",
                        "test:browser": "npm run test:browser:chromium && npm run test:browser:firefox && npm run test:browser:webkit",
                        "test:unit": "tape test/**/*.js",
                        "test:unit:dev": "npm run test:unit -- --coverage-report=html",
                        "test:typescript": "tsd"
                      },
                      "devDependencies": {
                        "ajv": "^8.16.0",
                        "eslint": "^9.17.0",
                        "neostandard": "^0.13.0",
                        "playwright-test": "^14.1.12",
                        "tape": "^5.8.1",
                        "tsd": "^0.33.0"
                      },
                      "_id": "fast-uri@3.1.8",
                      "extraneous": false,
                      "path": "C:\\cinagroup\\cinatoken\\node_modules\\fast-uri",
                      "_dependencies": {},
                      "peerDependencies": {}
                    }
                  }
                },
                "express-rate-limit": {
                  "version": "8.7.0",
                  "resolved": "https://registry.npmjs.org/express-rate-limit/-/express-rate-limit-8.7.0.tgz",
                  "overridden": false,
                  "name": "express-rate-limit",
                  "description": "Basic IP rate-limiting middleware for Express. Use to limit repeated requests to public APIs and/or endpoints such as password reset.",
                  "author": {
                    "name": "Nathan Friedly",
                    "url": "http://nfriedly.com/"
                  },
                  "license": "MIT",
                  "homepage": "https://github.com/express-rate-limit/express-rate-limit",
                  "repository": {
                    "type": "git",
                    "url": "git+https://github.com/express-rate-limit/express-rate-limit.git"
                  },
                  "funding": {
                    "url": "https://github.com/sponsors/express-rate-limit"
                  },
                  "keywords": [
                    "express-rate-limit",
                    "express",
                    "rate",
                    "limit",
                    "ratelimit",
                    "rate-limit",
                    "middleware",
                    "ip",
                    "auth",
                    "authorization",
                    "security",
                    "brute",
                    "force",
                    "bruteforce",
                    "brute-force",
                    "attack"
                  ],
                  "type": "module",
                  "exports": {
                    ".": {
                      "import": {
                        "types": "./dist/index.d.mts",
                        "default": "./dist/index.mjs"
                      },
                      "require": {
                        "types": "./dist/index.d.cts",
                        "default": "./dist/index.cjs"
                      }
                    }
                  },
                  "main": "./dist/index.cjs",
                  "module": "./dist/index.mjs",
                  "types": "./dist/index.d.ts",
                  "files": [
                    "dist/",
                    "tsconfig.json"
                  ],
                  "engines": {
                    "node": ">= 16"
                  },
                  "scripts": {
                    "clean": "del-cli dist/ coverage/ *.log *.tmp *.bak *.tgz",
                    "build:cjs": "esbuild --packages=external --platform=node --bundle --target=es2022 --format=cjs --outfile=dist/index.cjs --footer:js=\"module.exports = Object.assign(rateLimit, module.exports);\" source/index.ts",
                    "build:esm": "esbuild --packages=external --platform=node --bundle --target=es2022 --format=esm --outfile=dist/index.mjs source/index.ts",
                    "build:types": "dts-bundle-generator --out-file=dist/index.d.ts source/index.ts && cp dist/index.d.ts dist/index.d.cts && cp dist/index.d.ts dist/index.d.mts",
                    "compile": "run-s clean build:*",
                    "docs": "cd docs && mintlify dev",
                    "lint:code": "biome check",
                    "lint:docs": "prettier --check docs/ *.md",
                    "lint": "run-s lint:*",
                    "format:code": "biome check --write",
                    "format:docs": "prettier --write docs/ *.md",
                    "format": "run-s format:*",
                    "test:lib": "jest",
                    "test:ext": "cd test/external/ && bash run-all-tests",
                    "test": "run-s lint test:lib",
                    "format-test": "run-s format test:lib",
                    "pre-commit": "lint-staged",
                    "prepare": "run-s compile && husky"
                  },
                  "peerDependencies": {
                    "express": ">= 4.11"
                  },
                  "devDependencies": {
                    "@asyncapi/specs": "6.11.1",
                    "@biomejs/biome": "2.4.6",
                    "@express-rate-limit/prettier": "1.1.1",
                    "@express-rate-limit/tsconfig": "1.0.5",
                    "@jest/globals": "30.4.1",
                    "@types/debug": "4.1.13",
                    "@types/express": "5.0.6",
                    "@types/jest": "30.0.0",
                    "@types/node": "26.2.0",
                    "@types/supertest": "7.2.1",
                    "del-cli": "7.0.0",
                    "dts-bundle-generator": "8.1.2",
                    "esbuild": "0.28.2",
                    "express": "5.2.1",
                    "husky": "9.1.7",
                    "jest": "30.4.2",
                    "lint-staged": "17.3.0",
                    "mintlify": "4.2.817",
                    "npm-run-all": "4.1.5",
                    "prettier": "3.9.6",
                    "ratelimit-header-parser": "0.1.0",
                    "supertest": "7.2.2",
                    "ts-jest": "29.4.12",
                    "ts-node": "10.9.2",
                    "typescript": "5.9.3"
                  },
                  "prettier": "@express-rate-limit/prettier",
                  "lint-staged": {
                    "*.{js,ts,json}": "biome check --write",
                    "*.{md,yaml}": "prettier --write"
                  },
                  "_id": "express-rate-limit@8.7.0",
                  "extraneous": false,
                  "path": "C:\\cinagroup\\cinatoken\\node_modules\\express-rate-limit",
                  "_dependencies": {
                    "debug": "^4.4.3",
                    "ip-address": "^10.2.0"
                  },
                  "dependencies": {
                    "ip-address": {
                      "version": "10.7.2",
                      "name": "ip-address",
                      "description": "A library for parsing IPv4 and IPv6 IP addresses in node and the browser.",
                      "keywords": [
                        "ip",
                        "ipv4",
                        "ipv6",
                        "address",
                        "cidr",
                        "subnet",
                        "netmask",
                        "validate",
                        "validation",
                        "parse",
                        "arpa",
                        "bigint",
                        "browser"
                      ],
                      "author": "Beau Gunderson <beau@beaugunderson.com> (https://beaugunderson.com/)",
                      "license": "MIT",
                      "main": "dist/ip-address.js",
                      "types": "dist/ip-address.d.ts",
                      "scripts": {
                        "docs": "tsx scripts/build-readme.ts",
                        "build": "rm -rf dist; mkdir dist; tsc",
                        "prepack": "npm run docs && npm run build",
                        "prepare": "git config core.hooksPath hooks || true",
                        "lint": "prettier --check . && eslint . --ext .ts,.js --max-warnings 0",
                        "lint:fix": "prettier --write . && eslint . --ext .ts,.js --max-warnings 0 --fix",
                        "test-ci": "c8 --experimental-monocart mocha",
                        "test": "mocha",
                        "watch": "mocha --watch"
                      },
                      "c8": {
                        "include": [
                          "src/**/*.ts"
                        ],
                        "exclude": [
                          "**/*.d.ts",
                          "src/ip-address.ts",
                          "src/v4/constants.ts",
                          "src/v6/constants.ts"
                        ],
                        "reporter": [
                          "html",
                          "lcov",
                          "text"
                        ]
                      },
                      "engines": {
                        "node": ">= 12"
                      },
                      "sideEffects": false,
                      "files": [
                        "dist"
                      ],
                      "repository": {
                        "type": "git",
                        "url": "https://github.com/beaugunderson/ip-address.git"
                      },
                      "overrides": {
                        "diff": "^8.0.3",
                        "serialize-javascript": "^7.0.5",
                        "@eslint/plugin-kit": "^0.7.1"
                      },
                      "devDependencies": {
                        "@types/chai": "^5.2.3",
                        "@types/mocha": "^10.0.10",
                        "@typescript-eslint/eslint-plugin": "^8.59.1",
                        "@typescript-eslint/parser": "^8.59.1",
                        "c8": "^11.0.0",
                        "chai": "^6.2.2",
                        "eslint": "^8.57.1",
                        "eslint_d": "^14.0.4",
                        "eslint-config-airbnb-base": "^15.0.0",
                        "eslint-config-prettier": "^10.1.8",
                        "eslint-plugin-filenames": "^1.3.2",
                        "eslint-plugin-import": "^2.32.0",
                        "eslint-plugin-prettier": "^5.5.5",
                        "eslint-plugin-sort-imports-es6-autofix": "^0.6.0",
                        "mocha": "^11.7.5",
                        "monocart-coverage-reports": "^2.12.11",
                        "prettier": "^3.8.3",
                        "source-map-support": "^0.5.21",
                        "tsx": "^4.21.0",
                        "typedoc": "^0.28.19",
                        "typescript": "<5.6.0"
                      },
                      "_id": "ip-address@10.7.2",
                      "extraneous": false,
                      "path": "C:\\cinagroup\\cinatoken\\node_modules\\ip-address",
                      "_dependencies": {},
                      "peerDependencies": {}
                    }
                  }
                },
                "express": {
                  "version": "5.2.1",
                  "resolved": "https://registry.npmjs.org/express/-/express-5.2.1.tgz",
                  "overridden": false,
                  "name": "express",
                  "description": "Fast, unopinionated, minimalist web framework",
                  "author": "TJ Holowaychuk <tj@vision-media.ca>",
                  "contributors": [
                    "Aaron Heckmann <aaron.heckmann+github@gmail.com>",
                    "Ciaran Jessup <ciaranj@gmail.com>",
                    "Douglas Christopher Wilson <doug@somethingdoug.com>",
                    "Guillermo Rauch <rauchg@gmail.com>",
                    "Jonathan Ong <me@jongleberry.com>",
                    "Roman Shtylman <shtylman+expressjs@gmail.com>",
                    "Young Jae Sim <hanul@hanul.me>"
                  ],
                  "license": "MIT",
                  "repository": "expressjs/express",
                  "homepage": "https://expressjs.com/",
                  "funding": {
                    "type": "opencollective",
                    "url": "https://opencollective.com/express"
                  },
                  "keywords": [
                    "express",
                    "framework",
                    "sinatra",
                    "web",
                    "http",
                    "rest",
                    "restful",
                    "router",
                    "app",
                    "api"
                  ],
                  "devDependencies": {
                    "after": "0.8.2",
                    "connect-redis": "^8.0.1",
                    "cookie-parser": "1.4.7",
                    "cookie-session": "2.1.1",
                    "ejs": "^3.1.10",
                    "eslint": "8.47.0",
                    "express-session": "^1.18.1",
                    "hbs": "4.2.0",
                    "marked": "^15.0.3",
                    "method-override": "3.0.0",
                    "mocha": "^10.7.3",
                    "morgan": "1.10.1",
                    "nyc": "^17.1.0",
                    "pbkdf2-password": "1.2.1",
                    "supertest": "^6.3.0",
                    "vhost": "~3.0.2"
                  },
                  "engines": {
                    "node": ">= 18"
                  },
                  "files": [
                    "LICENSE",
                    "Readme.md",
                    "index.js",
                    "lib/"
                  ],
                  "scripts": {
                    "lint": "eslint .",
                    "lint:fix": "eslint . --fix",
                    "test": "mocha --require test/support/env --reporter spec --check-leaks test/ test/acceptance/",
                    "test-ci": "nyc --exclude examples --exclude test --exclude benchmarks --reporter=lcovonly --reporter=text npm test",
                    "test-cov": "nyc --exclude examples --exclude test --exclude benchmarks --reporter=html --reporter=text npm test",
                    "test-tap": "mocha --require test/support/env --reporter tap --check-leaks test/ test/acceptance/"
                  },
                  "_id": "express@5.2.1",
                  "extraneous": false,
                  "path": "C:\\cinagroup\\cinatoken\\node_modules\\express",
                  "_dependencies": {
                    "accepts": "^2.0.0",
                    "body-parser": "^2.2.1",
                    "content-disposition": "^1.0.0",
                    "content-type": "^1.0.5",
                    "cookie": "^0.7.1",
                    "cookie-signature": "^1.2.1",
                    "debug": "^4.4.0",
                    "depd": "^2.0.0",
                    "encodeurl": "^2.0.0",
                    "escape-html": "^1.0.3",
                    "etag": "^1.8.1",
                    "finalhandler": "^2.1.0",
                    "fresh": "^2.0.0",
                    "http-errors": "^2.0.0",
                    "merge-descriptors": "^2.0.0",
                    "mime-types": "^3.0.0",
                    "on-finished": "^2.4.1",
                    "once": "^1.4.0",
                    "parseurl": "^1.3.3",
                    "proxy-addr": "^2.0.7",
                    "qs": "^6.14.0",
                    "range-parser": "^1.2.1",
                    "router": "^2.2.0",
                    "send": "^1.1.0",
                    "serve-static": "^2.2.0",
                    "statuses": "^2.0.1",
                    "type-is": "^2.0.1",
                    "vary": "^1.1.2"
                  },
                  "peerDependencies": {},
                  "dependencies": {
                    "body-parser": {
                      "version": "2.3.0",
                      "resolved": "https://registry.npmjs.org/body-parser/-/body-parser-2.3.0.tgz",
                      "overridden": false,
                      "name": "body-parser",
                      "description": "Node.js body parsing middleware",
                      "contributors": [
                        "Douglas Christopher Wilson <doug@somethingdoug.com>",
                        "Jonathan Ong <me@jongleberry.com> (http://jongleberry.com)"
                      ],
                      "license": "MIT",
                      "repository": "expressjs/body-parser",
                      "funding": {
                        "type": "opencollective",
                        "url": "https://opencollective.com/express"
                      },
                      "type": "commonjs",
                      "exports": {
                        ".": "./index.js",
                        "./package.json": "./package.json",
                        "./json": "./lib/types/json.js",
                        "./raw": "./lib/types/raw.js",
                        "./text": "./lib/types/text.js",
                        "./urlencoded": "./lib/types/urlencoded.js",
                        "./lib/*": "./lib/*.js",
                        "./lib/*.js": "./lib/*.js",
                        "./lib/types/*": "./lib/types/*.js",
                        "./lib/types/*.js": "./lib/types/*.js"
                      },
                      "devDependencies": {
                        "eslint": "^8.57.1",
                        "eslint-config-standard": "^14.1.1",
                        "eslint-plugin-import": "^2.32.0",
                        "eslint-plugin-markdown": "^3.0.1",
                        "eslint-plugin-node": "^11.1.0",
                        "eslint-plugin-promise": "^6.6.0",
                        "eslint-plugin-standard": "^4.1.0",
                        "mocha": "^11.7.6",
                        "nyc": "^17.1.0",
                        "supertest": "^7.2.2"
                      },
                      "files": [
                        "lib/",
                        "LICENSE",
                        "index.js"
                      ],
                      "engines": {
                        "node": ">=18"
                      },
                      "scripts": {
                        "lint": "eslint .",
                        "test": "mocha --reporter spec --check-leaks test/",
                        "test-ci": "nyc --reporter=lcovonly --reporter=text npm test",
                        "test-cov": "nyc --reporter=html --reporter=text npm test"
                      },
                      "_id": "body-parser@2.3.0",
                      "extraneous": false,
                      "path": "C:\\cinagroup\\cinatoken\\node_modules\\body-parser",
                      "_dependencies": {
                        "bytes": "^3.1.2",
                        "content-type": "^2.0.0",
                        "debug": "^4.4.3",
                        "http-errors": "^2.0.1",
                        "iconv-lite": "^0.7.2",
                        "on-finished": "^2.4.1",
                        "qs": "^6.15.2",
                        "raw-body": "^3.0.2",
                        "type-is": "^2.1.0"
                      },
                      "peerDependencies": {},
                      "dependencies": {
                        "qs": {
                          "version": "6.15.3",
                          "name": "qs",
                          "description": "A querystring parser that supports nesting and arrays, with a depth limit",
                          "homepage": "https://github.com/ljharb/qs",
                          "repository": {
                            "type": "git",
                            "url": "https://github.com/ljharb/qs.git"
                          },
                          "funding": {
                            "url": "https://github.com/sponsors/ljharb"
                          },
                          "main": "lib/index.js",
                          "sideEffects": false,
                          "contributors": [
                            {
                              "name": "Jordan Harband",
                              "email": "ljharb@gmail.com",
                              "url": "http://ljharb.codes"
                            }
                          ],
                          "keywords": [
                            "querystring",
                            "qs",
                            "query",
                            "url",
                            "parse",
                            "stringify"
                          ],
                          "engines": {
                            "node": ">=0.6"
                          },
                          "devDependencies": {
                            "@browserify/envify": "^6.0.0",
                            "@browserify/uglifyify": "^6.0.0",
                            "@ljharb/eslint-config": "^22.2.3",
                            "browserify": "^16.5.2",
                            "bundle-collapser": "^1.4.0",
                            "common-shakeify": "~1.0.0",
                            "eclint": "^2.8.1",
                            "es-value-fixtures": "^1.7.1",
                            "eslint": "^10.5.0",
                            "evalmd": "^0.0.19",
                            "for-each": "^0.3.5",
                            "glob": "=10.3.7",
                            "has-bigints": "^1.1.0",
                            "has-override-mistake": "^1.0.1",
                            "has-property-descriptors": "^1.0.2",
                            "has-proto": "^1.2.0",
                            "has-symbols": "^1.1.0",
                            "iconv-lite": "^0.5.2",
                            "in-publish": "^2.0.1",
                            "jackspeak": "=2.1.1",
                            "jiti": "^0.0.0",
                            "mkdirp": "^0.5.5",
                            "mock-property": "^1.1.2",
                            "module-deps": "^6.2.3",
                            "npmignore": "^0.3.5",
                            "nyc": "^10.3.2",
                            "object-inspect": "^1.13.4",
                            "qs-iconv": "^1.0.4",
                            "safe-publish-latest": "^2.0.0",
                            "safer-buffer": "^2.1.2",
                            "tape": "^5.10.2",
                            "unassertify": "^3.0.1"
                          },
                          "scripts": {
                            "prepack": "npmignore --auto --commentLines=autogenerated && npm run dist",
                            "prepublishOnly": "safe-publish-latest",
                            "prepublish": "not-in-publish || npm run prepublishOnly",
                            "pretest": "npm run --silent readme && npm run --silent lint",
                            "test": "npm run tests-only",
                            "tests-only": "nyc tape 'test/**/*.js'",
                            "posttest": "npx npm@'>=10.2' audit --production",
                            "readme": "evalmd README.md",
                            "postlint": "eclint check $(git ls-files | xargs find 2> /dev/null | grep -vE 'node_modules|\\.git' | grep -v dist/)",
                            "lint": "eslint .",
                            "dist": "mkdirp dist && browserify --standalone Qs -g unassertify -g @browserify/envify -g [@browserify/uglifyify --mangle.keep_fnames --compress.keep_fnames --format.indent_level=1 --compress.arrows=false --compress.passes=4 --compress.typeofs=false] -p common-shakeify -p bundle-collapser/plugin lib/index.js > dist/qs.js"
                          },
                          "license": "BSD-3-Clause",
                          "publishConfig": {
                            "ignore": [
                              "!dist/*",
                              "bower.json",
                              "component.json",
                              ".github/workflows",
                              "logos",
                              "tea.yaml"
                            ]
                          },
                          "_id": "qs@6.15.3",
                          "extraneous": false,
                          "path": "C:\\cinagroup\\cinatoken\\node_modules\\qs",
                          "_dependencies": {
                            "es-define-property": "^1.0.1",
                            "side-channel": "^1.1.1"
                          },
                          "peerDependencies": {}
                        }
                      }
                    },
                    "qs": {
                      "version": "6.15.3",
                      "resolved": "https://registry.npmjs.org/qs/-/qs-6.15.3.tgz",
                      "overridden": false,
                      "name": "qs",
                      "description": "A querystring parser that supports nesting and arrays, with a depth limit",
                      "homepage": "https://github.com/ljharb/qs",
                      "repository": {
                        "type": "git",
                        "url": "https://github.com/ljharb/qs.git"
                      },
                      "funding": {
                        "url": "https://github.com/sponsors/ljharb"
                      },
                      "main": "lib/index.js",
                      "sideEffects": false,
                      "contributors": [
                        {
                          "name": "Jordan Harband",
                          "email": "ljharb@gmail.com",
                          "url": "http://ljharb.codes"
                        }
                      ],
                      "keywords": [
                        "querystring",
                        "qs",
                        "query",
                        "url",
                        "parse",
                        "stringify"
                      ],
                      "engines": {
                        "node": ">=0.6"
                      },
                      "devDependencies": {
                        "@browserify/envify": "^6.0.0",
                        "@browserify/uglifyify": "^6.0.0",
                        "@ljharb/eslint-config": "^22.2.3",
                        "browserify": "^16.5.2",
                        "bundle-collapser": "^1.4.0",
                        "common-shakeify": "~1.0.0",
                        "eclint": "^2.8.1",
                        "es-value-fixtures": "^1.7.1",
                        "eslint": "^10.5.0",
                        "evalmd": "^0.0.19",
                        "for-each": "^0.3.5",
                        "glob": "=10.3.7",
                        "has-bigints": "^1.1.0",
                        "has-override-mistake": "^1.0.1",
                        "has-property-descriptors": "^1.0.2",
                        "has-proto": "^1.2.0",
                        "has-symbols": "^1.1.0",
                        "iconv-lite": "^0.5.2",
                        "in-publish": "^2.0.1",
                        "jackspeak": "=2.1.1",
                        "jiti": "^0.0.0",
                        "mkdirp": "^0.5.5",
                        "mock-property": "^1.1.2",
                        "module-deps": "^6.2.3",
                        "npmignore": "^0.3.5",
                        "nyc": "^10.3.2",
                        "object-inspect": "^1.13.4",
                        "qs-iconv": "^1.0.4",
                        "safe-publish-latest": "^2.0.0",
                        "safer-buffer": "^2.1.2",
                        "tape": "^5.10.2",
                        "unassertify": "^3.0.1"
                      },
                      "scripts": {
                        "prepack": "npmignore --auto --commentLines=autogenerated && npm run dist",
                        "prepublishOnly": "safe-publish-latest",
                        "prepublish": "not-in-publish || npm run prepublishOnly",
                        "pretest": "npm run --silent readme && npm run --silent lint",
                        "test": "npm run tests-only",
                        "tests-only": "nyc tape 'test/**/*.js'",
                        "posttest": "npx npm@'>=10.2' audit --production",
                        "readme": "evalmd README.md",
                        "postlint": "eclint check $(git ls-files | xargs find 2> /dev/null | grep -vE 'node_modules|\\.git' | grep -v dist/)",
                        "lint": "eslint .",
                        "dist": "mkdirp dist && browserify --standalone Qs -g unassertify -g @browserify/envify -g [@browserify/uglifyify --mangle.keep_fnames --compress.keep_fnames --format.indent_level=1 --compress.arrows=false --compress.passes=4 --compress.typeofs=false] -p common-shakeify -p bundle-collapser/plugin lib/index.js > dist/qs.js"
                      },
                      "license": "BSD-3-Clause",
                      "publishConfig": {
                        "ignore": [
                          "!dist/*",
                          "bower.json",
                          "component.json",
                          ".github/workflows",
                          "logos",
                          "tea.yaml"
                        ]
                      },
                      "_id": "qs@6.15.3",
                      "extraneous": false,
                      "path": "C:\\cinagroup\\cinatoken\\node_modules\\qs",
                      "_dependencies": {
                        "es-define-property": "^1.0.1",
                        "side-channel": "^1.1.1"
                      },
                      "peerDependencies": {}
                    }
                  }
                },
                "hono": {
                  "version": "4.12.12",
                  "resolved": "https://registry.npmjs.org/hono/-/hono-4.12.12.tgz",
                  "overridden": false,
                  "name": "hono",
                  "description": "Web framework built on Web Standards",
                  "main": "dist/cjs/index.js",
                  "type": "module",
                  "module": "dist/index.js",
                  "types": "dist/types/index.d.ts",
                  "files": [
                    "dist"
                  ],
                  "scripts": {
                    "test": "tsc --noEmit && vitest --run",
                    "test:watch": "vitest --watch",
                    "test:deno": "deno test --allow-read --allow-env --allow-write --allow-net -c runtime-tests/deno/deno.json runtime-tests/deno && deno test --no-lock -c runtime-tests/deno-jsx/deno.precompile.json runtime-tests/deno-jsx && deno test --no-lock -c runtime-tests/deno-jsx/deno.react-jsx.json runtime-tests/deno-jsx",
                    "test:bun": "bun test --jsx-import-source ../../src/jsx runtime-tests/bun/*",
                    "test:fastly": "vitest --run --project fastly",
                    "test:node": "vitest --run --project node",
                    "test:workerd": "vitest --run --project workerd",
                    "test:lambda": "vitest --run --project lambda",
                    "test:lambda-edge": "vitest --run --project lambda-edge",
                    "test:all": "bun run test && bun test:deno && bun test:bun",
                    "lint": "eslint src runtime-tests build perf-measures benchmarks",
                    "lint:fix": "eslint src runtime-tests build perf-measures benchmarks --fix",
                    "format": "prettier --check --cache \"src/**/*.{js,ts,tsx}\" \"runtime-tests/**/*.{js,ts,tsx}\" \"build/**/*.{js,ts,tsx}\" \"perf-measures/**/*.{js,ts,tsx}\" \"benchmarks/**/*.{js,ts,tsx}\"",
                    "format:fix": "prettier --write --cache --cache-strategy metadata \"src/**/*.{js,ts,tsx}\" \"runtime-tests/**/*.{js,ts,tsx}\" \"build/**/*.{js,ts,tsx}\" \"perf-measures/**/*.{js,ts,tsx}\" \"benchmarks/**/*.{js,ts,tsx}\"",
                    "editorconfig-checker": "editorconfig-checker",
                    "copy:package.cjs.json": "cp ./package.cjs.json ./dist/cjs/package.json && cp ./package.cjs.json ./dist/types/package.json",
                    "build": "bun run --shell bun remove-dist && bun ./build/build.ts && bun run copy:package.cjs.json",
                    "postbuild": "publint",
                    "watch": "bun run --shell bun remove-dist && bun ./build/build.ts --watch && bun run copy:package.cjs.json",
                    "coverage": "vitest --run --coverage",
                    "prerelease": "bun test:deno && bun run build",
                    "release": "np",
                    "remove-dist": "rm -rf dist"
                  },
                  "exports": {
                    ".": {
                      "types": "./dist/types/index.d.ts",
                      "import": "./dist/index.js",
                      "require": "./dist/cjs/index.js"
                    },
                    "./request": {
                      "types": "./dist/types/request.d.ts",
                      "import": "./dist/request.js",
                      "require": "./dist/cjs/request.js"
                    },
                    "./types": {
                      "types": "./dist/types/types.d.ts",
                      "import": "./dist/types.js",
                      "require": "./dist/cjs/types.js"
                    },
                    "./hono-base": {
                      "types": "./dist/types/hono-base.d.ts",
                      "import": "./dist/hono-base.js",
                      "require": "./dist/cjs/hono-base.js"
                    },
                    "./tiny": {
                      "types": "./dist/types/preset/tiny.d.ts",
                      "import": "./dist/preset/tiny.js",
                      "require": "./dist/cjs/preset/tiny.js"
                    },
                    "./quick": {
                      "types": "./dist/types/preset/quick.d.ts",
                      "import": "./dist/preset/quick.js",
                      "require": "./dist/cjs/preset/quick.js"
                    },
                    "./http-exception": {
                      "types": "./dist/types/http-exception.d.ts",
                      "import": "./dist/http-exception.js",
                      "require": "./dist/cjs/http-exception.js"
                    },
                    "./basic-auth": {
                      "types": "./dist/types/middleware/basic-auth/index.d.ts",
                      "import": "./dist/middleware/basic-auth/index.js",
                      "require": "./dist/cjs/middleware/basic-auth/index.js"
                    },
                    "./bearer-auth": {
                      "types": "./dist/types/middleware/bearer-auth/index.d.ts",
                      "import": "./dist/middleware/bearer-auth/index.js",
                      "require": "./dist/cjs/middleware/bearer-auth/index.js"
                    },
                    "./body-limit": {
                      "types": "./dist/types/middleware/body-limit/index.d.ts",
                      "import": "./dist/middleware/body-limit/index.js",
                      "require": "./dist/cjs/middleware/body-limit/index.js"
                    },
                    "./ip-restriction": {
                      "types": "./dist/types/middleware/ip-restriction/index.d.ts",
                      "import": "./dist/middleware/ip-restriction/index.js",
                      "require": "./dist/cjs/middleware/ip-restriction/index.js"
                    },
                    "./cache": {
                      "types": "./dist/types/middleware/cache/index.d.ts",
                      "import": "./dist/middleware/cache/index.js",
                      "require": "./dist/cjs/middleware/cache/index.js"
                    },
                    "./route": {
                      "types": "./dist/types/helper/route/index.d.ts",
                      "import": "./dist/helper/route/index.js",
                      "require": "./dist/cjs/helper/route/index.js"
                    },
                    "./cookie": {
                      "types": "./dist/types/helper/cookie/index.d.ts",
                      "import": "./dist/helper/cookie/index.js",
                      "require": "./dist/cjs/helper/cookie/index.js"
                    },
                    "./accepts": {
                      "types": "./dist/types/helper/accepts/index.d.ts",
                      "import": "./dist/helper/accepts/index.js",
                      "require": "./dist/cjs/helper/accepts/index.js"
                    },
                    "./compress": {
                      "types": "./dist/types/middleware/compress/index.d.ts",
                      "import": "./dist/middleware/compress/index.js",
                      "require": "./dist/cjs/middleware/compress/index.js"
                    },
                    "./context-storage": {
                      "types": "./dist/types/middleware/context-storage/index.d.ts",
                      "import": "./dist/middleware/context-storage/index.js",
                      "require": "./dist/cjs/middleware/context-storage/index.js"
                    },
                    "./cors": {
                      "types": "./dist/types/middleware/cors/index.d.ts",
                      "import": "./dist/middleware/cors/index.js",
                      "require": "./dist/cjs/middleware/cors/index.js"
                    },
                    "./csrf": {
                      "types": "./dist/types/middleware/csrf/index.d.ts",
                      "import": "./dist/middleware/csrf/index.js",
                      "require": "./dist/cjs/middleware/csrf/index.js"
                    },
                    "./etag": {
                      "types": "./dist/types/middleware/etag/index.d.ts",
                      "import": "./dist/middleware/etag/index.js",
                      "require": "./dist/cjs/middleware/etag/index.js"
                    },
                    "./trailing-slash": {
                      "types": "./dist/types/middleware/trailing-slash/index.d.ts",
                      "import": "./dist/middleware/trailing-slash/index.js",
                      "require": "./dist/cjs/middleware/trailing-slash/index.js"
                    },
                    "./html": {
                      "types": "./dist/types/helper/html/index.d.ts",
                      "import": "./dist/helper/html/index.js",
                      "require": "./dist/cjs/helper/html/index.js"
                    },
                    "./css": {
                      "types": "./dist/types/helper/css/index.d.ts",
                      "import": "./dist/helper/css/index.js",
                      "require": "./dist/cjs/helper/css/index.js"
                    },
                    "./jsx": {
                      "types": "./dist/types/jsx/index.d.ts",
                      "import": "./dist/jsx/index.js",
                      "require": "./dist/cjs/jsx/index.js"
                    },
                    "./jsx/jsx-dev-runtime": {
                      "types": "./dist/types/jsx/jsx-dev-runtime.d.ts",
                      "import": "./dist/jsx/jsx-dev-runtime.js",
                      "require": "./dist/cjs/jsx/jsx-dev-runtime.js"
                    },
                    "./jsx/jsx-runtime": {
                      "types": "./dist/types/jsx/jsx-runtime.d.ts",
                      "import": "./dist/jsx/jsx-runtime.js",
                      "require": "./dist/cjs/jsx/jsx-runtime.js"
                    },
                    "./jsx/streaming": {
                      "types": "./dist/types/jsx/streaming.d.ts",
                      "import": "./dist/jsx/streaming.js",
                      "require": "./dist/cjs/jsx/streaming.js"
                    },
                    "./jsx-renderer": {
                      "types": "./dist/types/middleware/jsx-renderer/index.d.ts",
                      "import": "./dist/middleware/jsx-renderer/index.js",
                      "require": "./dist/cjs/middleware/jsx-renderer/index.js"
                    },
                    "./jsx/dom": {
                      "types": "./dist/types/jsx/dom/index.d.ts",
                      "import": "./dist/jsx/dom/index.js",
                      "require": "./dist/cjs/jsx/dom/index.js"
                    },
                    "./jsx/dom/jsx-dev-runtime": {
                      "types": "./dist/types/jsx/dom/jsx-dev-runtime.d.ts",
                      "import": "./dist/jsx/dom/jsx-dev-runtime.js",
                      "require": "./dist/cjs/jsx/dom/jsx-dev-runtime.js"
                    },
                    "./jsx/dom/jsx-runtime": {
                      "types": "./dist/types/jsx/dom/jsx-runtime.d.ts",
                      "import": "./dist/jsx/dom/jsx-runtime.js",
                      "require": "./dist/cjs/jsx/dom/jsx-runtime.js"
                    },
                    "./jsx/dom/client": {
                      "types": "./dist/types/jsx/dom/client.d.ts",
                      "import": "./dist/jsx/dom/client.js",
                      "require": "./dist/cjs/jsx/dom/client.js"
                    },
                    "./jsx/dom/css": {
                      "types": "./dist/types/jsx/dom/css.d.ts",
                      "import": "./dist/jsx/dom/css.js",
                      "require": "./dist/cjs/jsx/dom/css.js"
                    },
                    "./jsx/dom/server": {
                      "types": "./dist/types/jsx/dom/server.d.ts",
                      "import": "./dist/jsx/dom/server.js",
                      "require": "./dist/cjs/jsx/dom/server.js"
                    },
                    "./jwt": {
                      "types": "./dist/types/middleware/jwt/index.d.ts",
                      "import": "./dist/middleware/jwt/index.js",
                      "require": "./dist/cjs/middleware/jwt/index.js"
                    },
                    "./jwk": {
                      "types": "./dist/types/middleware/jwk/index.d.ts",
                      "import": "./dist/middleware/jwk/index.js",
                      "require": "./dist/cjs/middleware/jwk/index.js"
                    },
                    "./timeout": {
                      "types": "./dist/types/middleware/timeout/index.d.ts",
                      "import": "./dist/middleware/timeout/index.js",
                      "require": "./dist/cjs/middleware/timeout/index.js"
                    },
                    "./timing": {
                      "types": "./dist/types/middleware/timing/index.d.ts",
                      "import": "./dist/middleware/timing/index.js",
                      "require": "./dist/cjs/middleware/timing/index.js"
                    },
                    "./logger": {
                      "types": "./dist/types/middleware/logger/index.d.ts",
                      "import": "./dist/middleware/logger/index.js",
                      "require": "./dist/cjs/middleware/logger/index.js"
                    },
                    "./method-override": {
                      "types": "./dist/types/middleware/method-override/index.d.ts",
                      "import": "./dist/middleware/method-override/index.js",
                      "require": "./dist/cjs/middleware/method-override/index.js"
                    },
                    "./powered-by": {
                      "types": "./dist/types/middleware/powered-by/index.d.ts",
                      "import": "./dist/middleware/powered-by/index.js",
                      "require": "./dist/cjs/middleware/powered-by/index.js"
                    },
                    "./pretty-json": {
                      "types": "./dist/types/middleware/pretty-json/index.d.ts",
                      "import": "./dist/middleware/pretty-json/index.js",
                      "require": "./dist/cjs/middleware/pretty-json/index.js"
                    },
                    "./request-id": {
                      "types": "./dist/types/middleware/request-id/index.d.ts",
                      "import": "./dist/middleware/request-id/index.js",
                      "require": "./dist/cjs/middleware/request-id/index.js"
                    },
                    "./language": {
                      "types": "./dist/types/middleware/language/index.d.ts",
                      "import": "./dist/middleware/language/index.js",
                      "require": "./dist/cjs/middleware/language/index.js"
                    },
                    "./secure-headers": {
                      "types": "./dist/types/middleware/secure-headers/index.d.ts",
                      "import": "./dist/middleware/secure-headers/index.js",
                      "require": "./dist/cjs/middleware/secure-headers/index.js"
                    },
                    "./combine": {
                      "types": "./dist/types/middleware/combine/index.d.ts",
                      "import": "./dist/middleware/combine/index.js",
                      "require": "./dist/cjs/middleware/combine/index.js"
                    },
                    "./ssg": {
                      "types": "./dist/types/helper/ssg/index.d.ts",
                      "import": "./dist/helper/ssg/index.js",
                      "require": "./dist/cjs/helper/ssg/index.js"
                    },
                    "./streaming": {
                      "types": "./dist/types/helper/streaming/index.d.ts",
                      "import": "./dist/helper/streaming/index.js",
                      "require": "./dist/cjs/helper/streaming/index.js"
                    },
                    "./validator": {
                      "types": "./dist/types/validator/index.d.ts",
                      "import": "./dist/validator/index.js",
                      "require": "./dist/cjs/validator/index.js"
                    },
                    "./router": {
                      "types": "./dist/types/router.d.ts",
                      "import": "./dist/router.js",
                      "require": "./dist/cjs/router.js"
                    },
                    "./router/reg-exp-router": {
                      "types": "./dist/types/router/reg-exp-router/index.d.ts",
                      "import": "./dist/router/reg-exp-router/index.js",
                      "require": "./dist/cjs/router/reg-exp-router/index.js"
                    },
                    "./router/smart-router": {
                      "types": "./dist/types/router/smart-router/index.d.ts",
                      "import": "./dist/router/smart-router/index.js",
                      "require": "./dist/cjs/router/smart-router/index.js"
                    },
                    "./router/trie-router": {
                      "types": "./dist/types/router/trie-router/index.d.ts",
                      "import": "./dist/router/trie-router/index.js",
                      "require": "./dist/cjs/router/trie-router/index.js"
                    },
                    "./router/pattern-router": {
                      "types": "./dist/types/router/pattern-router/index.d.ts",
                      "import": "./dist/router/pattern-router/index.js",
                      "require": "./dist/cjs/router/pattern-router/index.js"
                    },
                    "./router/linear-router": {
                      "types": "./dist/types/router/linear-router/index.d.ts",
                      "import": "./dist/router/linear-router/index.js",
                      "require": "./dist/cjs/router/linear-router/index.js"
                    },
                    "./utils/jwt": {
                      "types": "./dist/types/utils/jwt/index.d.ts",
                      "import": "./dist/utils/jwt/index.js",
                      "require": "./dist/cjs/utils/jwt/index.js"
                    },
                    "./utils/*": {
                      "types": "./dist/types/utils/*.d.ts",
                      "import": "./dist/utils/*.js",
                      "require": "./dist/cjs/utils/*.js"
                    },
                    "./client": {
                      "types": "./dist/types/client/index.d.ts",
                      "import": "./dist/client/index.js",
                      "require": "./dist/cjs/client/index.js"
                    },
                    "./adapter": {
                      "types": "./dist/types/helper/adapter/index.d.ts",
                      "import": "./dist/helper/adapter/index.js",
                      "require": "./dist/cjs/helper/adapter/index.js"
                    },
                    "./factory": {
                      "types": "./dist/types/helper/factory/index.d.ts",
                      "import": "./dist/helper/factory/index.js",
                      "require": "./dist/cjs/helper/factory/index.js"
                    },
                    "./serve-static": {
                      "types": "./dist/types/middleware/serve-static/index.d.ts",
                      "import": "./dist/middleware/serve-static/index.js",
                      "require": "./dist/cjs/middleware/serve-static/index.js"
                    },
                    "./cloudflare-workers": {
                      "types": "./dist/types/adapter/cloudflare-workers/index.d.ts",
                      "import": "./dist/adapter/cloudflare-workers/index.js",
                      "require": "./dist/cjs/adapter/cloudflare-workers/index.js"
                    },
                    "./cloudflare-pages": {
                      "types": "./dist/types/adapter/cloudflare-pages/index.d.ts",
                      "import": "./dist/adapter/cloudflare-pages/index.js",
                      "require": "./dist/cjs/adapter/cloudflare-pages/index.js"
                    },
                    "./deno": {
                      "types": "./dist/types/adapter/deno/index.d.ts",
                      "import": "./dist/adapter/deno/index.js",
                      "require": "./dist/cjs/adapter/deno/index.js"
                    },
                    "./bun": {
                      "types": "./dist/types/adapter/bun/index.d.ts",
                      "import": "./dist/adapter/bun/index.js",
                      "require": "./dist/cjs/adapter/bun/index.js"
                    },
                    "./aws-lambda": {
                      "types": "./dist/types/adapter/aws-lambda/index.d.ts",
                      "import": "./dist/adapter/aws-lambda/index.js",
                      "require": "./dist/cjs/adapter/aws-lambda/index.js"
                    },
                    "./vercel": {
                      "types": "./dist/types/adapter/vercel/index.d.ts",
                      "import": "./dist/adapter/vercel/index.js",
                      "require": "./dist/cjs/adapter/vercel/index.js"
                    },
                    "./netlify": {
                      "types": "./dist/types/adapter/netlify/index.d.ts",
                      "import": "./dist/adapter/netlify/index.js",
                      "require": "./dist/cjs/adapter/netlify/index.js"
                    },
                    "./lambda-edge": {
                      "types": "./dist/types/adapter/lambda-edge/index.d.ts",
                      "import": "./dist/adapter/lambda-edge/index.js",
                      "require": "./dist/cjs/adapter/lambda-edge/index.js"
                    },
                    "./service-worker": {
                      "types": "./dist/types/adapter/service-worker/index.d.ts",
                      "import": "./dist/adapter/service-worker/index.js",
                      "require": "./dist/cjs/adapter/service-worker/index.js"
                    },
                    "./testing": {
                      "types": "./dist/types/helper/testing/index.d.ts",
                      "import": "./dist/helper/testing/index.js",
                      "require": "./dist/cjs/helper/testing/index.js"
                    },
                    "./dev": {
                      "types": "./dist/types/helper/dev/index.d.ts",
                      "import": "./dist/helper/dev/index.js",
                      "require": "./dist/cjs/helper/dev/index.js"
                    },
                    "./ws": {
                      "types": "./dist/types/helper/websocket/index.d.ts",
                      "import": "./dist/helper/websocket/index.js",
                      "require": "./dist/cjs/helper/websocket/index.js"
                    },
                    "./conninfo": {
                      "types": "./dist/types/helper/conninfo/index.d.ts",
                      "import": "./dist/helper/conninfo/index.js",
                      "require": "./dist/cjs/helper/conninfo/index.js"
                    },
                    "./proxy": {
                      "types": "./dist/types/helper/proxy/index.d.ts",
                      "import": "./dist/helper/proxy/index.js",
                      "require": "./dist/cjs/helper/proxy/index.js"
                    }
                  },
                  "typesVersions": {
                    "*": {
                      "request": [
                        "./dist/types/request"
                      ],
                      "types": [
                        "./dist/types/types"
                      ],
                      "hono-base": [
                        "./dist/types/hono-base"
                      ],
                      "tiny": [
                        "./dist/types/preset/tiny"
                      ],
                      "quick": [
                        "./dist/types/preset/quick"
                      ],
                      "http-exception": [
                        "./dist/types/http-exception"
                      ],
                      "basic-auth": [
                        "./dist/types/middleware/basic-auth"
                      ],
                      "bearer-auth": [
                        "./dist/types/middleware/bearer-auth"
                      ],
                      "body-limit": [
                        "./dist/types/middleware/body-limit"
                      ],
                      "ip-restriction": [
                        "./dist/types/middleware/ip-restriction"
                      ],
                      "cache": [
                        "./dist/types/middleware/cache"
                      ],
                      "route": [
                        "./dist/types/helper/route"
                      ],
                      "cookie": [
                        "./dist/types/helper/cookie"
                      ],
                      "accepts": [
                        "./dist/types/helper/accepts"
                      ],
                      "compress": [
                        "./dist/types/middleware/compress"
                      ],
                      "context-storage": [
                        "./dist/types/middleware/context-storage"
                      ],
                      "cors": [
                        "./dist/types/middleware/cors"
                      ],
                      "csrf": [
                        "./dist/types/middleware/csrf"
                      ],
                      "etag": [
                        "./dist/types/middleware/etag"
                      ],
                      "trailing-slash": [
                        "./dist/types/middleware/trailing-slash"
                      ],
                      "html": [
                        "./dist/types/helper/html"
                      ],
                      "css": [
                        "./dist/types/helper/css"
                      ],
                      "jsx": [
                        "./dist/types/jsx"
                      ],
                      "jsx/jsx-runtime": [
                        "./dist/types/jsx/jsx-runtime.d.ts"
                      ],
                      "jsx/jsx-dev-runtime": [
                        "./dist/types/jsx/jsx-dev-runtime.d.ts"
                      ],
                      "jsx/streaming": [
                        "./dist/types/jsx/streaming.d.ts"
                      ],
                      "jsx-renderer": [
                        "./dist/types/middleware/jsx-renderer"
                      ],
                      "jsx/dom": [
                        "./dist/types/jsx/dom"
                      ],
                      "jsx/dom/client": [
                        "./dist/types/jsx/dom/client.d.ts"
                      ],
                      "jsx/dom/css": [
                        "./dist/types/jsx/dom/css.d.ts"
                      ],
                      "jsx/dom/server": [
                        "./dist/types/jsx/dom/server.d.ts"
                      ],
                      "jwt": [
                        "./dist/types/middleware/jwt"
                      ],
                      "timeout": [
                        "./dist/types/middleware/timeout"
                      ],
                      "timing": [
                        "./dist/types/middleware/timing"
                      ],
                      "logger": [
                        "./dist/types/middleware/logger"
                      ],
                      "method-override": [
                        "./dist/types/middleware/method-override"
                      ],
                      "powered-by": [
                        "./dist/types/middleware/powered-by"
                      ],
                      "pretty-json": [
                        "./dist/types/middleware/pretty-json"
                      ],
                      "request-id": [
                        "./dist/types/middleware/request-id"
                      ],
                      "language": [
                        "./dist/types/middleware/language"
                      ],
                      "streaming": [
                        "./dist/types/helper/streaming"
                      ],
                      "ssg": [
                        "./dist/types/helper/ssg"
                      ],
                      "secure-headers": [
                        "./dist/types/middleware/secure-headers"
                      ],
                      "combine": [
                        "./dist/types/middleware/combine"
                      ],
                      "validator": [
                        "./dist/types/validator/index.d.ts"
                      ],
                      "router": [
                        "./dist/types/router.d.ts"
                      ],
                      "router/reg-exp-router": [
                        "./dist/types/router/reg-exp-router/router.d.ts"
                      ],
                      "router/smart-router": [
                        "./dist/types/router/smart-router/router.d.ts"
                      ],
                      "router/trie-router": [
                        "./dist/types/router/trie-router/router.d.ts"
                      ],
                      "router/pattern-router": [
                        "./dist/types/router/pattern-router/router.d.ts"
                      ],
                      "router/linear-router": [
                        "./dist/types/router/linear-router/router.d.ts"
                      ],
                      "utils/jwt": [
                        "./dist/types/utils/jwt/index.d.ts"
                      ],
                      "utils/*": [
                        "./dist/types/utils/*"
                      ],
                      "client": [
                        "./dist/types/client/index.d.ts"
                      ],
                      "adapter": [
                        "./dist/types/helper/adapter/index.d.ts"
                      ],
                      "factory": [
                        "./dist/types/helper/factory/index.d.ts"
                      ],
                      "serve-static": [
                        "./dist/types/middleware/serve-static"
                      ],
                      "cloudflare-workers": [
                        "./dist/types/adapter/cloudflare-workers"
                      ],
                      "cloudflare-pages": [
                        "./dist/types/adapter/cloudflare-pages"
                      ],
                      "deno": [
                        "./dist/types/adapter/deno"
                      ],
                      "bun": [
                        "./dist/types/adapter/bun"
                      ],
                      "nextjs": [
                        "./dist/types/adapter/nextjs"
                      ],
                      "aws-lambda": [
                        "./dist/types/adapter/aws-lambda"
                      ],
                      "vercel": [
                        "./dist/types/adapter/vercel"
                      ],
                      "lambda-edge": [
                        "./dist/types/adapter/lambda-edge"
                      ],
                      "service-worker": [
                        "./dist/types/adapter/service-worker"
                      ],
                      "testing": [
                        "./dist/types/helper/testing"
                      ],
                      "dev": [
                        "./dist/types/helper/dev"
                      ],
                      "ws": [
                        "./dist/types/helper/websocket"
                      ],
                      "conninfo": [
                        "./dist/types/helper/conninfo"
                      ],
                      "proxy": [
                        "./dist/types/helper/proxy"
                      ]
                    }
                  },
                  "author": "Yusuke Wada <yusuke@kamawada.com> (https://github.com/yusukebe)",
                  "license": "MIT",
                  "repository": {
                    "type": "git",
                    "url": "git+https://github.com/honojs/hono.git"
                  },
                  "publishConfig": {
                    "registry": "https://registry.npmjs.org"
                  },
                  "homepage": "https://hono.dev",
                  "keywords": [
                    "hono",
                    "web",
                    "app",
                    "http",
                    "application",
                    "framework",
                    "router",
                    "cloudflare",
                    "workers",
                    "fastly",
                    "compute",
                    "deno",
                    "bun",
                    "lambda",
                    "nodejs"
                  ],
                  "devDependencies": {
                    "@hono/eslint-config": "^2.1.0",
                    "@hono/node-server": "^1.13.5",
                    "@types/glob": "^9.0.0",
                    "@types/jsdom": "^21.1.7",
                    "@types/node": "^24.3.0",
                    "@types/ws": "^8.18.1",
                    "@typescript/native-preview": "7.0.0-dev.20260210.1",
                    "@vitest/coverage-v8": "^3.2.4",
                    "arg": "^5.0.2",
                    "bun-types": "^1.2.20",
                    "editorconfig-checker": "6.1.1",
                    "esbuild": "^0.27.1",
                    "eslint": "^9.39.3",
                    "glob": "^11.0.0",
                    "jsdom": "22.1.0",
                    "msw": "^2.6.0",
                    "np": "10.2.0",
                    "oxc-parser": "^0.96.0",
                    "pkg-pr-new": "^0.0.53",
                    "prettier": "3.7.4",
                    "publint": "0.3.15",
                    "typescript": "^5.9.2",
                    "undici": "^6.21.3",
                    "vite-plugin-fastly-js-compute": "^0.4.2",
                    "vitest": "^3.2.4",
                    "wrangler": "4.12.0",
                    "ws": "^8.18.0",
                    "zod": "^3.23.8"
                  },
                  "packageManager": "bun@1.2.20",
                  "engines": {
                    "node": ">=16.9.0"
                  },
                  "_id": "hono@4.12.12",
                  "extraneous": false,
                  "path": "C:\\cinagroup\\cinatoken\\node_modules\\hono",
                  "_dependencies": {},
                  "peerDependencies": {}
                }
              }
            },
            "postcss": {
              "version": "8.5.28",
              "name": "postcss",
              "description": "Tool for transforming styles with JS plugins",
              "keywords": [
                "css",
                "manipulation",
                "parser",
                "postcss",
                "preprocessor",
                "rework",
                "source map",
                "transform",
                "transpiler"
              ],
              "homepage": "https://postcss.org/",
              "bugs": {
                "url": "https://github.com/postcss/postcss/issues"
              },
              "license": "MIT",
              "author": "Andrey Sitnik <andrey@sitnik.es>",
              "repository": "postcss/postcss",
              "funding": [
                {
                  "type": "opencollective",
                  "url": "https://opencollective.com/postcss/"
                },
                {
                  "type": "tidelift",
                  "url": "https://tidelift.com/funding/github/npm/postcss"
                },
                {
                  "type": "github",
                  "url": "https://github.com/sponsors/ai"
                }
              ],
              "main": "./lib/postcss.js",
              "browser": {
                "./lib/terminal-highlight": false,
                "source-map-js": false,
                "path": false,
                "url": false,
                "fs": false
              },
              "types": "./lib/postcss.d.ts",
              "exports": {
                ".": {
                  "import": "./lib/postcss.mjs",
                  "require": "./lib/postcss.js"
                },
                "./lib/at-rule": "./lib/at-rule.js",
                "./lib/comment": "./lib/comment.js",
                "./lib/container": "./lib/container.js",
                "./lib/css-syntax-error": "./lib/css-syntax-error.js",
                "./lib/declaration": "./lib/declaration.js",
                "./lib/fromJSON": "./lib/fromJSON.js",
                "./lib/input": "./lib/input.js",
                "./lib/lazy-result": "./lib/lazy-result.js",
                "./lib/no-work-result": "./lib/no-work-result.js",
                "./lib/list": "./lib/list.js",
                "./lib/map-generator": "./lib/map-generator.js",
                "./lib/node": "./lib/node.js",
                "./lib/parse": "./lib/parse.js",
                "./lib/parser": "./lib/parser.js",
                "./lib/postcss": "./lib/postcss.js",
                "./lib/previous-map": "./lib/previous-map.js",
                "./lib/processor": "./lib/processor.js",
                "./lib/result": "./lib/result.js",
                "./lib/root": "./lib/root.js",
                "./lib/rule": "./lib/rule.js",
                "./lib/stringifier": "./lib/stringifier.js",
                "./lib/stringify": "./lib/stringify.js",
                "./lib/symbols": "./lib/symbols.js",
                "./lib/terminal-highlight": "./lib/terminal-highlight.js",
                "./lib/tokenize": "./lib/tokenize.js",
                "./lib/warn-once": "./lib/warn-once.js",
                "./lib/warning": "./lib/warning.js",
                "./package.json": "./package.json"
              },
              "engines": {
                "node": "^10 || ^12 || >=14"
              },
              "_id": "postcss@8.5.28",
              "extraneous": false,
              "path": "C:\\cinagroup\\cinatoken\\node_modules\\postcss",
              "_dependencies": {
                "nanoid": "^3.3.18",
                "picocolors": "^1.1.1",
                "source-map-js": "^1.2.1"
              },
              "devDependencies": {},
              "peerDependencies": {}
            },
            "socks": {
              "version": "2.8.10",
              "resolved": "https://registry.npmjs.org/socks/-/socks-2.8.10.tgz",
              "overridden": false,
              "name": "socks",
              "private": false,
              "description": "Fully featured SOCKS proxy client supporting SOCKSv4, SOCKSv4a, and SOCKSv5. Includes Bind and Associate functionality.",
              "main": "build/index.js",
              "typings": "typings/index.d.ts",
              "homepage": "https://github.com/JoshGlazebrook/socks/",
              "repository": {
                "type": "git",
                "url": "git+https://github.com/JoshGlazebrook/socks.git"
              },
              "bugs": {
                "url": "https://github.com/JoshGlazebrook/socks/issues"
              },
              "keywords": [
                "socks",
                "proxy",
                "tor",
                "socks 4",
                "socks 5",
                "socks4",
                "socks5"
              ],
              "engines": {
                "node": ">= 10.0.0",
                "npm": ">= 3.0.0"
              },
              "author": "Josh Glazebrook",
              "contributors": [
                "castorw"
              ],
              "license": "MIT",
              "readmeFilename": "README.md",
              "devDependencies": {
                "@eslint/js": "^10.0.1",
                "@types/mocha": "^10.0.6",
                "@types/node": "^26.4.1",
                "eslint": "^10.9.1",
                "mocha": "^12.0.0",
                "prettier": "^3.2.5",
                "ts-node": "^10.9.1",
                "typescript": "^5.3.3",
                "typescript-eslint": "^8.69.0"
              },
              "scripts": {
                "prepublish": "npm install -g typescript && npm run build",
                "test": "NODE_ENV=test mocha --recursive --require ts-node/register test/**/*.ts",
                "prettier": "prettier --write ./src/**/*.ts --config .prettierrc.yaml",
                "lint": "eslint 'src/**/*.ts'",
                "build": "rm -rf build typings && prettier --write ./src/**/*.ts --config .prettierrc.yaml && tsc -p .",
                "build-raw": "rm -rf build typings && tsc -p ."
              },
              "_id": "socks@2.8.10",
              "extraneous": false,
              "path": "C:\\cinagroup\\cinatoken\\node_modules\\socks",
              "_dependencies": {
                "ip-address": "^10.1.1",
                "smart-buffer": "^4.2.0"
              },
              "peerDependencies": {},
              "dependencies": {
                "ip-address": {
                  "version": "10.7.2",
                  "resolved": "https://registry.npmjs.org/ip-address/-/ip-address-10.7.2.tgz",
                  "overridden": false,
                  "name": "ip-address",
                  "description": "A library for parsing IPv4 and IPv6 IP addresses in node and the browser.",
                  "keywords": [
                    "ip",
                    "ipv4",
                    "ipv6",
                    "address",
                    "cidr",
                    "subnet",
                    "netmask",
                    "validate",
                    "validation",
                    "parse",
                    "arpa",
                    "bigint",
                    "browser"
                  ],
                  "author": "Beau Gunderson <beau@beaugunderson.com> (https://beaugunderson.com/)",
                  "license": "MIT",
                  "main": "dist/ip-address.js",
                  "types": "dist/ip-address.d.ts",
                  "scripts": {
                    "docs": "tsx scripts/build-readme.ts",
                    "build": "rm -rf dist; mkdir dist; tsc",
                    "prepack": "npm run docs && npm run build",
                    "prepare": "git config core.hooksPath hooks || true",
                    "lint": "prettier --check . && eslint . --ext .ts,.js --max-warnings 0",
                    "lint:fix": "prettier --write . && eslint . --ext .ts,.js --max-warnings 0 --fix",
                    "test-ci": "c8 --experimental-monocart mocha",
                    "test": "mocha",
                    "watch": "mocha --watch"
                  },
                  "c8": {
                    "include": [
                      "src/**/*.ts"
                    ],
                    "exclude": [
                      "**/*.d.ts",
                      "src/ip-address.ts",
                      "src/v4/constants.ts",
                      "src/v6/constants.ts"
                    ],
                    "reporter": [
                      "html",
                      "lcov",
                      "text"
                    ]
                  },
                  "engines": {
                    "node": ">= 12"
                  },
                  "sideEffects": false,
                  "files": [
                    "dist"
                  ],
                  "repository": {
                    "type": "git",
                    "url": "https://github.com/beaugunderson/ip-address.git"
                  },
                  "overrides": {
                    "diff": "^8.0.3",
                    "serialize-javascript": "^7.0.5",
                    "@eslint/plugin-kit": "^0.7.1"
                  },
                  "devDependencies": {
                    "@types/chai": "^5.2.3",
                    "@types/mocha": "^10.0.10",
                    "@typescript-eslint/eslint-plugin": "^8.59.1",
                    "@typescript-eslint/parser": "^8.59.1",
                    "c8": "^11.0.0",
                    "chai": "^6.2.2",
                    "eslint": "^8.57.1",
                    "eslint_d": "^14.0.4",
                    "eslint-config-airbnb-base": "^15.0.0",
                    "eslint-config-prettier": "^10.1.8",
                    "eslint-plugin-filenames": "^1.3.2",
                    "eslint-plugin-import": "^2.32.0",
                    "eslint-plugin-prettier": "^5.5.5",
                    "eslint-plugin-sort-imports-es6-autofix": "^0.6.0",
                    "mocha": "^11.7.5",
                    "monocart-coverage-reports": "^2.12.11",
                    "prettier": "^3.8.3",
                    "source-map-support": "^0.5.21",
                    "tsx": "^4.21.0",
                    "typedoc": "^0.28.19",
                    "typescript": "<5.6.0"
                  },
                  "_id": "ip-address@10.7.2",
                  "extraneous": false,
                  "path": "C:\\cinagroup\\cinatoken\\node_modules\\ip-address",
                  "_dependencies": {},
                  "peerDependencies": {}
                }
              }
            },
            "ts-morph": {
              "version": "26.0.0",
              "resolved": "https://registry.npmjs.org/ts-morph/-/ts-morph-26.0.0.tgz",
              "overridden": false,
              "name": "ts-morph",
              "description": "TypeScript compiler wrapper for static analysis and code manipulation.",
              "main": "dist/ts-morph.js",
              "types": "lib/ts-morph.d.ts",
              "scripts": {
                "dopublish": "deno task type-check-docs && deno task code-generate && deno task package && deno task publish-code-verification && echo \"Run: npm publish\"",
                "build": "deno task build:declarations && deno task build:node",
                "build:node": "rimraf dist && rollup -c ",
                "build:deno": "deno task build:declarations && rimraf dist-deno && rollup -c --environment BUILD:deno && deno run -A scripts/buildDeno.ts",
                "build:declarations": "deno run -A scripts/generation/main.ts create-declaration-file",
                "test": "deno run -A npm:mocha",
                "test:debug": "deno task test --inspect-brk",
                "test:watch": "deno task test --watch-extensions ts --watch",
                "test:ci": "deno task test",
                "test:ts-versions": "deno run -A scripts/test/testTypeScriptVersions.ts",
                "type-check": "deno run -A scripts/typeCheckLibrary.ts",
                "code-generate": "deno run -A scripts/generation/main.ts",
                "output-wrapped-nodes": "deno run -A scripts/generation/outputWrappedNodesInfo.ts",
                "package": "deno task build",
                "publish-code-verification": "deno task code-verification && deno task ensure-no-declaration-file-errors",
                "code-verification": "deno run -A scripts/verification/main.ts ensure-structures-match-classes ensure-overload-structures-match ensure-array-inputs-readonly ensure-classes-implement-structure-methods ensure-mixin-not-applied-multiple-times validate-public-api-class-member-names validate-compiler-node-to-wrapped-type validate-code-fences",
                "ensure-structures-match-classes": "deno run -A scripts/verification/main.ts ensure-structures-match-classes",
                "ensure-overload-structures-match": "deno run -A scripts/verification/main.ts ensure-overload-structures-match",
                "ensure-no-project-compile-errors": "deno run -A scripts/verification/ensureNoProjectCompileErrors.ts",
                "ensure-no-declaration-file-errors": "deno run -A scripts/verification/ensureNoDeclarationFileErrors.ts",
                "ensure-array-inputs-readonly": "deno run -A scripts/verification/main ensure-array-inputs-readonly.ts",
                "ensure-or-throw-exists": "deno run -A scripts/verification/main ensure-or-throw-exists.ts",
                "type-check-docs": "deno run -A scripts/typeCheckDocumentation.ts"
              },
              "repository": "git+https://github.com/dsherret/ts-morph.git",
              "keywords": [
                "typescript",
                "ast",
                "static analysis",
                "code generation",
                "code refactor"
              ],
              "author": "David Sherret",
              "license": "MIT",
              "bugs": {
                "url": "https://github.com/dsherret/ts-morph/issues"
              },
              "homepage": "https://github.com/dsherret/ts-morph#readme",
              "devDependencies": {
                "@rollup/plugin-typescript": "^12.1.2",
                "@types/chai": "^5.2.1",
                "@types/diff": "^7.0.2",
                "@types/mocha": "^10.0.10",
                "@types/node": "^22.14.1",
                "chai": "^5.2.0",
                "conditional-type-checks": "^1.0.6",
                "cross-env": "^7.0.3",
                "diff": "^7.0.0",
                "mocha": "11.1.0",
                "standard-version": "^9.5.0",
                "rimraf": "^6.0.1",
                "rollup": "=4.40.0",
                "ts-node": "10.9.2",
                "typescript": "~5.8.3"
              },
              "standard-version": {
                "tagPrefix": "",
                "skip": {
                  "tag": true,
                  "commit": true
                }
              },
              "browser": {
                "fs": false,
                "os": false,
                "fs.realpath": false,
                "mkdirp": false,
                "dir-glob": false,
                "graceful-fs": false,
                "source-map-support": false,
                "glob-parent": false,
                "glob": false
              },
              "_id": "ts-morph@26.0.0",
              "extraneous": false,
              "path": "C:\\cinagroup\\cinatoken\\node_modules\\ts-morph",
              "_dependencies": {
                "@ts-morph/common": "~0.27.0",
                "code-block-writer": "^13.0.3"
              },
              "peerDependencies": {},
              "dependencies": {
                "@ts-morph/common": {
                  "version": "0.27.0",
                  "resolved": "https://registry.npmjs.org/@ts-morph/common/-/common-0.27.0.tgz",
                  "overridden": false,
                  "name": "@ts-morph/common",
                  "description": "Common functionality for ts-morph packages.",
                  "main": "dist/ts-morph-common.js",
                  "author": "David Sherret",
                  "license": "MIT",
                  "repository": "git+https://github.com/dsherret/ts-morph.git",
                  "types": "lib/ts-morph-common.d.ts",
                  "scripts": {
                    "build": "deno task build:declarations && deno task build:node",
                    "build:node": "rimraf dist && deno task createLibFile && deno task rollup && deno run -A scripts/bundleLocalTs.ts",
                    "build:deno": "rimraf ../../deno/common && rimraf dist-deno && deno task rollup --environment BUILD:deno && deno task build:declarations && deno run -A scripts/buildDeno.ts",
                    "build:declarations": "deno run -A scripts/buildDeclarations.ts",
                    "createLibFile": "deno run -A scripts/createLibFile.ts",
                    "test": "deno run -A npm:mocha",
                    "test:ci": "deno task test",
                    "test:debug": "deno task test --inspect-brk",
                    "rollup": "rollup --config"
                  },
                  "devDependencies": {
                    "@rollup/plugin-typescript": "^12.1.2",
                    "@types/chai": "^5.2.1",
                    "@types/mocha": "^10.0.10",
                    "@types/node": "^22.14.1",
                    "chai": "^5.2.0",
                    "cross-env": "^7.0.3",
                    "mocha": "^11.1.0",
                    "rimraf": "^6.0.1",
                    "rollup": "=4.40.0",
                    "ts-node": "^10.9.2",
                    "tslib": "^2.8.1",
                    "typescript": "5.8.3"
                  },
                  "publishConfig": {
                    "access": "public"
                  },
                  "browser": {
                    "fs": false,
                    "fs/promises": false,
                    "os": false,
                    "fs.realpath": false,
                    "mkdirp": false,
                    "dir-glob": false,
                    "graceful-fs": false,
                    "fast-glob": false,
                    "source-map-support": false,
                    "glob-parent": false,
                    "glob": false,
                    "path": false,
                    "crypto": false,
                    "buffer": false,
                    "@microsoft/typescript-etw": false,
                    "inspector": false
                  },
                  "_id": "@ts-morph/common@0.27.0",
                  "extraneous": false,
                  "path": "C:\\cinagroup\\cinatoken\\node_modules\\@ts-morph\\common",
                  "_dependencies": {
                    "minimatch": "^10.0.1",
                    "path-browserify": "^1.0.1",
                    "fast-glob": "^3.3.3"
                  },
                  "peerDependencies": {},
                  "dependencies": {
                    "minimatch": {
                      "version": "10.2.6",
                      "resolved": "https://registry.npmjs.org/minimatch/-/minimatch-10.2.6.tgz",
                      "overridden": false,
                      "name": "minimatch",
                      "author": "Isaac Z. Schlueter <i@izs.me> (http://blog.izs.me)",
                      "description": "a glob matcher in javascript",
                      "repository": {
                        "type": "git",
                        "url": "git@github.com:isaacs/minimatch"
                      },
                      "main": "./dist/commonjs/index.js",
                      "types": "./dist/commonjs/index.d.ts",
                      "exports": {
                        "./package.json": "./package.json",
                        ".": {
                          "import": {
                            "types": "./dist/esm/index.d.ts",
                            "default": "./dist/esm/index.js"
                          },
                          "require": {
                            "types": "./dist/commonjs/index.d.ts",
                            "default": "./dist/commonjs/index.js"
                          }
                        }
                      },
                      "files": [
                        "dist"
                      ],
                      "scripts": {
                        "preversion": "npm test",
                        "postversion": "npm publish",
                        "prepublishOnly": "git push origin --follow-tags",
                        "prepare": "tshy",
                        "pretest": "npm run prepare",
                        "presnap": "npm run prepare",
                        "test": "tap",
                        "snap": "tap",
                        "format": "prettier --write .",
                        "benchmark": "node benchmark/index.js",
                        "typedoc": "typedoc --tsconfig .tshy/esm.json ./src/*.ts",
                        "lint": "oxlint --fix src test",
                        "postsnap": "npm run lint",
                        "postlint": "npm run format"
                      },
                      "engines": {
                        "node": "18 || 20 || >=22"
                      },
                      "devDependencies": {
                        "@types/node": "^26.1.2",
                        "mkdirp": "^3.0.1",
                        "oxlint": "^1.76.0",
                        "oxlint-tsgolint": "^7.0.2001",
                        "prettier": "^3.9.6",
                        "tap": "^21.7.5",
                        "tshy": "^4.1.3",
                        "typedoc": "^0.28.20"
                      },
                      "funding": {
                        "url": "https://github.com/sponsors/isaacs"
                      },
                      "license": "BlueOak-1.0.0",
                      "tshy": {
                        "exports": {
                          "./package.json": "./package.json",
                          ".": "./src/index.ts"
                        },
                        "selfLink": false
                      },
                      "type": "module",
                      "module": "./dist/esm/index.js",
                      "_id": "minimatch@10.2.6",
                      "extraneous": false,
                      "path": "C:\\cinagroup\\cinatoken\\node_modules\\@ts-morph\\common\\node_modules\\minimatch",
                      "_dependencies": {
                        "brace-expansion": "^5.0.8"
                      },
                      "peerDependencies": {},
                      "dependencies": {
                        "brace-expansion": {
                          "version": "5.0.12",
                          "resolved": "https://registry.npmjs.org/brace-expansion/-/brace-expansion-5.0.12.tgz",
                          "overridden": false,
                          "name": "brace-expansion",
                          "description": "Brace expansion as known from sh/bash",
                          "files": [
                            "dist"
                          ],
                          "exports": {
                            "./package.json": "./package.json",
                            ".": {
                              "import": {
                                "types": "./dist/esm/index.d.ts",
                                "default": "./dist/esm/index.js"
                              },
                              "require": {
                                "types": "./dist/commonjs/index.d.ts",
                                "default": "./dist/commonjs/index.js"
                              }
                            }
                          },
                          "type": "module",
                          "scripts": {
                            "preversion": "npm test",
                            "postversion": "npm publish",
                            "prepublishOnly": "git push origin --follow-tags",
                            "prepare": "tshy",
                            "pretest": "npm run prepare",
                            "presnap": "npm run prepare",
                            "test": "tap",
                            "snap": "tap",
                            "format": "prettier --write .",
                            "format:check": "prettier --check .",
                            "benchmark": "node benchmark/index.js",
                            "typedoc": "typedoc --tsconfig .tshy/esm.json ./src/*.ts"
                          },
                          "devDependencies": {
                            "@types/brace-expansion": "^1.1.2",
                            "@types/node": "^25.2.1",
                            "mkdirp": "^3.0.1",
                            "prettier": "^3.3.2",
                            "tap": "^21.6.2",
                            "tshy": "^3.0.2",
                            "typedoc": "^0.28.5"
                          },
                          "license": "MIT",
                          "engines": {
                            "node": "20 || >=22"
                          },
                          "tshy": {
                            "exports": {
                              "./package.json": "./package.json",
                              ".": "./src/index.ts"
                            }
                          },
                          "main": "./dist/commonjs/index.js",
                          "types": "./dist/commonjs/index.d.ts",
                          "module": "./dist/esm/index.js",
                          "repository": {
                            "type": "git",
                            "url": "git+https://github.com/juliangruber/brace-expansion.git"
                          },
                          "_id": "brace-expansion@5.0.12",
                          "extraneous": false,
                          "path": "C:\\cinagroup\\cinatoken\\node_modules\\@ts-morph\\common\\node_modules\\brace-expansion",
                          "_dependencies": {
                            "balanced-match": "^4.0.2"
                          },
                          "peerDependencies": {}
                        }
                      }
                    }
                  }
                }
              }
            },
            "tsconfig-paths": {
              "version": "4.2.0",
              "resolved": "https://registry.npmjs.org/tsconfig-paths/-/tsconfig-paths-4.2.0.tgz",
              "overridden": false,
              "name": "tsconfig-paths",
              "description": "Load node modules according to tsconfig paths, in run-time or via API.",
              "main": "lib/index.js",
              "types": "lib/index.d.ts",
              "author": "Jonas Kello",
              "license": "MIT",
              "repository": "https://github.com/dividab/tsconfig-paths",
              "files": [
                "/src",
                "/lib",
                "register.js",
                "package.json",
                "CHANGELOG.md",
                "LICENSE",
                "README.md"
              ],
              "engines": {
                "node": ">=6"
              },
              "devDependencies": {
                "@types/jest": "^27.0.3",
                "@types/minimist": "^1.2.2",
                "@types/node": "^6.0.54",
                "@types/strip-bom": "^3.0.0",
                "@types/strip-json-comments": "^0.0.30",
                "@typescript-eslint/eslint-plugin": "^5.22.0",
                "@typescript-eslint/parser": "^5.22.0",
                "eslint": "^8.14.0",
                "eslint-config-prettier": "^8.5.0",
                "eslint-plugin-import": "^2.26.0",
                "eslint-plugin-jsdoc": "^39.2.9",
                "husky": "^4.2.5",
                "jest": "^27.3.1",
                "lint-staged": "^10.2.11",
                "prettier": "^2.0.5",
                "rimraf": "^2.6.2",
                "ts-jest": "^27.0.7",
                "ts-node": "^10.7.0",
                "typescript": "^4.5.2"
              },
              "scripts": {
                "start": "cd src && ts-node index.ts",
                "example:node": "yarn build && cd ./example/node && ts-node -r ../../register.js main.ts",
                "example:project": "yarn build && ts-node -r ./register.js -P ./example/project/tsconfig.json ./example/project/main.ts",
                "example:api": "cd example/api && ts-node main.ts",
                "example:perf": "cd example/perf && ts-node main.ts",
                "test": "jest",
                "test-coverage": "jest --coverage",
                "build": "rimraf lib && tsc -p .",
                "lint": "eslint \"./{src,tests}/**/*.ts{,x}\" --ext .js,.ts,.tsx -f visualstudio",
                "verify": "yarn build && yarn lint && yarn test-coverage",
                "preversion": "yarn verify",
                "postversion": "git push --tags && yarn publish --new-version $npm_package_version && git push && echo \"Successfully released version $npm_package_version!\""
              },
              "lint-staged": {
                "*.{ts,tsx}": "eslint",
                "*.{ts,tsx,json,css}": [
                  "prettier --write",
                  "git add"
                ]
              },
              "husky": {
                "hooks": {
                  "pre-commit": "lint-staged"
                }
              },
              "_id": "tsconfig-paths@4.2.0",
              "extraneous": false,
              "path": "C:\\cinagroup\\cinatoken\\node_modules\\shadcn\\node_modules\\tsconfig-paths",
              "_dependencies": {
                "json5": "^2.2.2",
                "minimist": "^1.2.6",
                "strip-bom": "^3.0.0"
              },
              "peerDependencies": {},
              "dependencies": {
                "minimist": {
                  "version": "1.2.8",
                  "resolved": "https://registry.npmjs.org/minimist/-/minimist-1.2.8.tgz",
                  "overridden": false,
                  "name": "minimist",
                  "description": "parse argument options",
                  "main": "index.js",
                  "devDependencies": {
                    "@ljharb/eslint-config": "^21.0.1",
                    "aud": "^2.0.2",
                    "auto-changelog": "^2.4.0",
                    "eslint": "=8.8.0",
                    "in-publish": "^2.0.1",
                    "npmignore": "^0.3.0",
                    "nyc": "^10.3.2",
                    "safe-publish-latest": "^2.0.0",
                    "tape": "^5.6.3"
                  },
                  "scripts": {
                    "prepack": "npmignore --auto --commentLines=auto",
                    "prepublishOnly": "safe-publish-latest",
                    "prepublish": "not-in-publish || npm run prepublishOnly",
                    "lint": "eslint --ext=js,mjs .",
                    "pretest": "npm run lint",
                    "tests-only": "nyc tape 'test/**/*.js'",
                    "test": "npm run tests-only",
                    "posttest": "aud --production",
                    "version": "auto-changelog && git add CHANGELOG.md",
                    "postversion": "auto-changelog && git add CHANGELOG.md && git commit --no-edit --amend && git tag -f \"v$(node -e \"console.log(require('./package.json').version)\")\""
                  },
                  "testling": {
                    "files": "test/*.js",
                    "browsers": [
                      "ie/6..latest",
                      "ff/5",
                      "firefox/latest",
                      "chrome/10",
                      "chrome/latest",
                      "safari/5.1",
                      "safari/latest",
                      "opera/12"
                    ]
                  },
                  "repository": {
                    "type": "git",
                    "url": "git://github.com/minimistjs/minimist.git"
                  },
                  "homepage": "https://github.com/minimistjs/minimist",
                  "keywords": [
                    "argv",
                    "getopt",
                    "parser",
                    "optimist"
                  ],
                  "author": {
                    "name": "James Halliday",
                    "email": "mail@substack.net",
                    "url": "http://substack.net"
                  },
                  "funding": {
                    "url": "https://github.com/sponsors/ljharb"
                  },
                  "license": "MIT",
                  "auto-changelog": {
                    "output": "CHANGELOG.md",
                    "template": "keepachangelog",
                    "unreleased": false,
                    "commitLimit": false,
                    "backfillLimit": false,
                    "hideCredit": true
                  },
                  "publishConfig": {
                    "ignore": [
                      ".github/workflows"
                    ]
                  },
                  "_id": "minimist@1.2.8",
                  "extraneous": false,
                  "path": "C:\\cinagroup\\cinatoken\\node_modules\\minimist",
                  "_dependencies": {},
                  "peerDependencies": {}
                }
              }
            }
          }
        },
        "typescript-eslint": {
          "version": "8.70.1",
          "resolved": "https://registry.npmjs.org/typescript-eslint/-/typescript-eslint-8.70.1.tgz",
          "overridden": false,
          "name": "typescript-eslint",
          "description": "Tooling which enables you to use TypeScript with ESLint",
          "files": [
            "dist",
            "!**/*.js.map",
            "!**/*.tsbuildinfo"
          ],
          "type": "commonjs",
          "exports": {
            ".": {
              "types": "./dist/index.d.ts",
              "default": "./dist/index.js"
            },
            "./package.json": "./package.json"
          },
          "types": "./dist/index.d.ts",
          "engines": {
            "node": "^18.18.0 || ^20.9.0 || >=21.1.0"
          },
          "repository": {
            "type": "git",
            "url": "https://github.com/typescript-eslint/typescript-eslint.git",
            "directory": "packages/typescript-eslint"
          },
          "bugs": {
            "url": "https://github.com/typescript-eslint/typescript-eslint/issues"
          },
          "homepage": "https://typescript-eslint.io/packages/typescript-eslint",
          "license": "MIT",
          "keywords": [
            "ast",
            "ecmascript",
            "javascript",
            "typescript",
            "parser",
            "syntax",
            "eslint",
            "eslintplugin",
            "eslint-plugin"
          ],
          "peerDependencies": {
            "eslint": "^8.57.0 || ^9.0.0 || ^10.0.0",
            "typescript": ">=4.8.4 <6.1.0"
          },
          "devDependencies": {
            "@typescript/native": "npm:typescript@^7.0.2",
            "@vitest/coverage-v8": "^4.0.18",
            "eslint": "^10.0.0",
            "minimatch": "*",
            "rimraf": "^5.0.10",
            "typescript": ">=4.8.4 <6.1.0",
            "vitest": "^4.0.18"
          },
          "funding": {
            "type": "opencollective",
            "url": "https://opencollective.com/typescript-eslint"
          },
          "nx": {
            "name": "typescript-eslint",
            "includedScripts": [
              "clean"
            ],
            "targets": {
              "lint": {
                "command": "eslint"
              },
              "typecheck:tsgo": {},
              "test": {
                "dependsOn": [
                  "^build",
                  "typecheck"
                ]
              },
              "attw-check": {
                "cache": false,
                "command": "pnpm pack --out attw-check.tgz && attw attw-check.tgz --profile node16 --ignore-rules cjs-only-exports-default",
                "options": {
                  "cwd": "{projectRoot}"
                },
                "dependsOn": [
                  "build"
                ]
              }
            }
          },
          "scripts": {
            "build": "pnpm exec nx build",
            "clean": "rimraf dist/ coverage/",
            "format": "pnpm -w run format",
            "lint": "pnpm -w exec nx lint",
            "test": "pnpm -w exec nx test",
            "typecheck": "pnpm -w exec nx typecheck",
            "typecheck:tsgo": "pnpm -w exec nx typecheck:tsgo",
            "attw-check": "pnpm -w exec nx attw-check"
          },
          "_id": "typescript-eslint@8.70.1",
          "extraneous": false,
          "path": "C:\\cinagroup\\cinatoken\\node_modules\\typescript-eslint",
          "_dependencies": {
            "@typescript-eslint/eslint-plugin": "8.70.1",
            "@typescript-eslint/parser": "8.70.1",
            "@typescript-eslint/typescript-estree": "8.70.1",
            "@typescript-eslint/utils": "8.70.1"
          },
          "dependencies": {
            "@typescript-eslint/typescript-estree": {
              "version": "8.70.1",
              "resolved": "https://registry.npmjs.org/@typescript-eslint/typescript-estree/-/typescript-estree-8.70.1.tgz",
              "overridden": false,
              "name": "@typescript-eslint/typescript-estree",
              "description": "A parser that converts TypeScript source code into an ESTree compatible form",
              "files": [
                "dist",
                "!**/*.js.map",
                "!**/*.tsbuildinfo"
              ],
              "type": "commonjs",
              "exports": {
                ".": {
                  "types": "./dist/index.d.ts",
                  "default": "./dist/index.js"
                },
                "./package.json": "./package.json",
                "./use-at-your-own-risk": {
                  "types": "./dist/use-at-your-own-risk.d.ts",
                  "default": "./dist/use-at-your-own-risk.js"
                }
              },
              "types": "./dist/index.d.ts",
              "engines": {
                "node": "^18.18.0 || ^20.9.0 || >=21.1.0"
              },
              "repository": {
                "type": "git",
                "url": "https://github.com/typescript-eslint/typescript-eslint.git",
                "directory": "packages/typescript-estree"
              },
              "bugs": {
                "url": "https://github.com/typescript-eslint/typescript-eslint/issues"
              },
              "homepage": "https://typescript-eslint.io/packages/typescript-estree",
              "license": "MIT",
              "keywords": [
                "ast",
                "estree",
                "ecmascript",
                "javascript",
                "typescript",
                "parser",
                "syntax"
              ],
              "devDependencies": {
                "@typescript/native": "npm:typescript@^7.0.2",
                "@vitest/coverage-v8": "^4.0.18",
                "eslint": "^10.0.0",
                "glob": "^11.1.0",
                "rimraf": "^5.0.10",
                "typescript": ">=4.8.4 <6.1.0",
                "vitest": "^4.0.18",
                "yaml": "^2.8.2"
              },
              "peerDependencies": {
                "typescript": ">=4.8.4 <6.1.0"
              },
              "funding": {
                "type": "opencollective",
                "url": "https://opencollective.com/typescript-eslint"
              },
              "nx": {
                "name": "typescript-estree",
                "includedScripts": [
                  "clean"
                ],
                "targets": {
                  "lint": {
                    "command": "eslint"
                  },
                  "typecheck:tsgo": {},
                  "attw-check": {}
                }
              },
              "scripts": {
                "build": "pnpm exec nx build",
                "clean": "rimraf dist/ coverage/",
                "format": "pnpm -w run format",
                "lint": "pnpm -w exec nx lint",
                "test": "pnpm -w exec nx test",
                "typecheck": "pnpm -w exec nx typecheck",
                "typecheck:tsgo": "pnpm -w exec nx typecheck:tsgo",
                "attw-check": "pnpm -w exec nx attw-check"
              },
              "_id": "@typescript-eslint/typescript-estree@8.70.1",
              "extraneous": false,
              "path": "C:\\cinagroup\\cinatoken\\node_modules\\@typescript-eslint\\typescript-estree",
              "_dependencies": {
                "@typescript-eslint/project-service": "8.70.1",
                "@typescript-eslint/tsconfig-utils": "8.70.1",
                "@typescript-eslint/types": "8.70.1",
                "@typescript-eslint/visitor-keys": "8.70.1",
                "debug": "^4.4.3",
                "minimatch": "^10.2.2",
                "semver": "^7.7.3",
                "tinyglobby": "^0.2.15",
                "ts-api-utils": "^2.5.0"
              },
              "dependencies": {
                "minimatch": {
                  "version": "10.2.6",
                  "resolved": "https://registry.npmjs.org/minimatch/-/minimatch-10.2.6.tgz",
                  "overridden": false,
                  "name": "minimatch",
                  "author": "Isaac Z. Schlueter <i@izs.me> (http://blog.izs.me)",
                  "description": "a glob matcher in javascript",
                  "repository": {
                    "type": "git",
                    "url": "git@github.com:isaacs/minimatch"
                  },
                  "main": "./dist/commonjs/index.js",
                  "types": "./dist/commonjs/index.d.ts",
                  "exports": {
                    "./package.json": "./package.json",
                    ".": {
                      "import": {
                        "types": "./dist/esm/index.d.ts",
                        "default": "./dist/esm/index.js"
                      },
                      "require": {
                        "types": "./dist/commonjs/index.d.ts",
                        "default": "./dist/commonjs/index.js"
                      }
                    }
                  },
                  "files": [
                    "dist"
                  ],
                  "scripts": {
                    "preversion": "npm test",
                    "postversion": "npm publish",
                    "prepublishOnly": "git push origin --follow-tags",
                    "prepare": "tshy",
                    "pretest": "npm run prepare",
                    "presnap": "npm run prepare",
                    "test": "tap",
                    "snap": "tap",
                    "format": "prettier --write .",
                    "benchmark": "node benchmark/index.js",
                    "typedoc": "typedoc --tsconfig .tshy/esm.json ./src/*.ts",
                    "lint": "oxlint --fix src test",
                    "postsnap": "npm run lint",
                    "postlint": "npm run format"
                  },
                  "engines": {
                    "node": "18 || 20 || >=22"
                  },
                  "devDependencies": {
                    "@types/node": "^26.1.2",
                    "mkdirp": "^3.0.1",
                    "oxlint": "^1.76.0",
                    "oxlint-tsgolint": "^7.0.2001",
                    "prettier": "^3.9.6",
                    "tap": "^21.7.5",
                    "tshy": "^4.1.3",
                    "typedoc": "^0.28.20"
                  },
                  "funding": {
                    "url": "https://github.com/sponsors/isaacs"
                  },
                  "license": "BlueOak-1.0.0",
                  "tshy": {
                    "exports": {
                      "./package.json": "./package.json",
                      ".": "./src/index.ts"
                    },
                    "selfLink": false
                  },
                  "type": "module",
                  "module": "./dist/esm/index.js",
                  "_id": "minimatch@10.2.6",
                  "extraneous": false,
                  "path": "C:\\cinagroup\\cinatoken\\node_modules\\@typescript-eslint\\typescript-estree\\node_modules\\minimatch",
                  "_dependencies": {
                    "brace-expansion": "^5.0.8"
                  },
                  "peerDependencies": {},
                  "dependencies": {
                    "brace-expansion": {
                      "version": "5.0.12",
                      "resolved": "https://registry.npmjs.org/brace-expansion/-/brace-expansion-5.0.12.tgz",
                      "overridden": false,
                      "name": "brace-expansion",
                      "description": "Brace expansion as known from sh/bash",
                      "files": [
                        "dist"
                      ],
                      "exports": {
                        "./package.json": "./package.json",
                        ".": {
                          "import": {
                            "types": "./dist/esm/index.d.ts",
                            "default": "./dist/esm/index.js"
                          },
                          "require": {
                            "types": "./dist/commonjs/index.d.ts",
                            "default": "./dist/commonjs/index.js"
                          }
                        }
                      },
                      "type": "module",
                      "scripts": {
                        "preversion": "npm test",
                        "postversion": "npm publish",
                        "prepublishOnly": "git push origin --follow-tags",
                        "prepare": "tshy",
                        "pretest": "npm run prepare",
                        "presnap": "npm run prepare",
                        "test": "tap",
                        "snap": "tap",
                        "format": "prettier --write .",
                        "format:check": "prettier --check .",
                        "benchmark": "node benchmark/index.js",
                        "typedoc": "typedoc --tsconfig .tshy/esm.json ./src/*.ts"
                      },
                      "devDependencies": {
                        "@types/brace-expansion": "^1.1.2",
                        "@types/node": "^25.2.1",
                        "mkdirp": "^3.0.1",
                        "prettier": "^3.3.2",
                        "tap": "^21.6.2",
                        "tshy": "^3.0.2",
                        "typedoc": "^0.28.5"
                      },
                      "license": "MIT",
                      "engines": {
                        "node": "20 || >=22"
                      },
                      "tshy": {
                        "exports": {
                          "./package.json": "./package.json",
                          ".": "./src/index.ts"
                        }
                      },
                      "main": "./dist/commonjs/index.js",
                      "types": "./dist/commonjs/index.d.ts",
                      "module": "./dist/esm/index.js",
                      "repository": {
                        "type": "git",
                        "url": "git+https://github.com/juliangruber/brace-expansion.git"
                      },
                      "_id": "brace-expansion@5.0.12",
                      "extraneous": false,
                      "path": "C:\\cinagroup\\cinatoken\\node_modules\\@typescript-eslint\\typescript-estree\\node_modules\\brace-expansion",
                      "_dependencies": {
                        "balanced-match": "^4.0.2"
                      },
                      "peerDependencies": {}
                    }
                  }
                }
              }
            }
          }
        }
      }
    },
    "@lobehub/ui": {
      "version": "5.50.2",
      "overridden": false,
      "name": "@lobehub/ui",
      "description": "Lobe UI is an open-source UI component library for building AIGC web apps",
      "keywords": [
        "lobehub",
        "components",
        "chatbot components",
        "react components",
        "react ui"
      ],
      "homepage": "https://github.com/lobehub/lobe-ui",
      "bugs": {
        "url": "https://github.com/lobehub/lobe-ui/issues/new"
      },
      "repository": {
        "type": "git",
        "url": "git+https://github.com/lobehub/lobe-ui.git"
      },
      "license": "MIT",
      "author": "LobeHub <i@lobehub.com>",
      "sideEffects": [
        "**/*.css"
      ],
      "type": "module",
      "exports": {
        ".": {
          "types": "./es/index.d.mts",
          "import": "./es/index.mjs",
          "default": "./es/index.mjs"
        },
        "./i18n": {
          "types": "./es/i18n/index.d.mts",
          "import": "./es/i18n/index.mjs"
        },
        "./i18n/resources/*": {
          "types": "./es/i18n/resources/*.d.mts",
          "import": "./es/i18n/resources/*.mjs"
        },
        "./i18n/*": {
          "types": "./es/i18n/*.d.mts",
          "import": "./es/i18n/*.mjs"
        },
        "./awesome": {
          "types": "./es/awesome/index.d.mts",
          "import": "./es/awesome/index.mjs"
        },
        "./brand": {
          "types": "./es/brand/index.d.mts",
          "import": "./es/brand/index.mjs"
        },
        "./chat": {
          "types": "./es/chat/index.d.mts",
          "import": "./es/chat/index.mjs"
        },
        "./dashboard": {
          "types": "./es/dashboard/index.d.mts",
          "import": "./es/dashboard/index.mjs"
        },
        "./color": {
          "types": "./es/color/index.d.mts",
          "import": "./es/color/index.mjs"
        },
        "./icons": {
          "types": "./es/icons/index.d.mts",
          "import": "./es/icons/index.mjs"
        },
        "./mdx": {
          "types": "./es/mdx/index.d.mts",
          "import": "./es/mdx/index.mjs"
        },
        "./mobile": {
          "types": "./es/mobile/index.d.mts",
          "import": "./es/mobile/index.mjs"
        },
        "./storybook": {
          "types": "./es/storybook/index.d.mts",
          "import": "./es/storybook/index.mjs"
        },
        "./base-ui": {
          "types": "./es/base-ui/index.d.mts",
          "import": "./es/base-ui/index.mjs"
        },
        "./eslint": {
          "types": "./es/eslint/index.d.mts",
          "import": "./es/eslint/index.mjs"
        },
        "./static-css": {
          "types": "./es/static-css/index.d.mts",
          "import": "./es/static-css/index.mjs"
        },
        "./static-css/emit": {
          "types": "./es/static-css/emit/index.d.mts",
          "import": "./es/static-css/emit/index.mjs"
        },
        "./static-css/runtime": {
          "types": "./es/static-css/runtime/index.d.mts",
          "import": "./es/static-css/runtime/index.mjs"
        },
        "./static-css/vite": {
          "types": "./es/static-css/vite/index.d.mts",
          "import": "./es/static-css/vite/index.mjs"
        },
        "./es/*": {
          "types": "./es/*.d.mts",
          "import": "./es/*.mjs"
        }
      },
      "main": "es/index.mjs",
      "module": "es/index.mjs",
      "types": "es/index.d.mts",
      "files": [
        "es"
      ],
      "scripts": {
        "build": "tsdown && npm run build:packages",
        "build:packages": "tsx ./scripts/build.ts",
        "build:watch": "tsdown --watch",
        "ci": "npm run lint:circular && npm run lint && npm run type-check",
        "clean": "rm -r es lib dist coverage .eslintcache node_modules/.cache",
        "dev": "lobedocs dev",
        "docs:build": "lobedocs build",
        "docs:build-analyze": "cross-env ANALYZE=1 lobedocs build",
        "docs:dev": "lobedocs dev",
        "gen:icons": "tsx ./scripts/icons/index.ts",
        "lint": "eslint \"{src,tests}/**/*.{js,jsx,ts,tsx}\" --fix",
        "lint:circular": "dpdm src/**/*.{ts,tsx}  --warning false  --tree false  --exit-code circular:1  -T true",
        "lint:md": "remark . --quiet --frail --output",
        "lint:style": "stylelint \"{src,tests}/**/*.{js,jsx,ts,tsx}\" --fix",
        "prepack": "clean-package",
        "postpack": "clean-package restore",
        "prepare": "husky && npm run setup",
        "prettier": "prettier -c --write --no-error-on-unmatched-pattern \"**/**\"",
        "pull": "git pull",
        "release": "semantic-release",
        "setup": "lobedocs typegen",
        "start": "pnpm run docs:dev",
        "test": "vitest --passWithNoTests",
        "test:coverage": "vitest run --coverage  --passWithNoTests",
        "test:update": "vitest -u",
        "type-check": "lobedocs typegen && tsc --noEmit && tsc --noEmit -p tsconfig.site.json"
      },
      "peerDependencies": {
        "@lobehub/fluent-emoji": "^4.0.0",
        "@lobehub/icons": "^5.0.0",
        "antd": "^6.1.1",
        "motion": "^12.0.0",
        "react": "^19.0.0",
        "react-dom": "^19.0.0"
      },
      "packageManager": "pnpm@12.3.4+sha512.961aa41fb077da3a04a441d9f8e15ebc0c96da8ef710b2eb67bf9ee7cb0610eabd48f1fd85f51cffe73846785fa0f87c56a3a872a1d893f8446741b5cce45457",
      "engines": {
        "node": ">=22.22.0"
      },
      "publishConfig": {
        "access": "public",
        "provenance": true,
        "registry": "https://registry.npmjs.org"
      },
      "_id": "@lobehub/ui@5.50.2",
      "extraneous": true,
      "path": "C:\\cinagroup\\cinatoken\\node_modules\\@lobehub\\ui",
      "_dependencies": {
        "@ant-design/cssinjs": "^2.1.2",
        "@base-ui/react": "1.8.0",
        "@dnd-kit/core": "^6.3.1",
        "@dnd-kit/modifiers": "^9.0.0",
        "@dnd-kit/sortable": "^10.0.0",
        "@dnd-kit/utilities": "^3.2.2",
        "@emoji-mart/data": "^1.2.1",
        "@emoji-mart/react": "^1.1.1",
        "@emotion/is-prop-valid": "^1.4.0",
        "@floating-ui/react": "^0.27.19",
        "@giscus/react": "^3.1.0",
        "@lobehub/streamdown": "^1.3.0",
        "@mdx-js/mdx": "^3.1.1",
        "@mdx-js/react": "^3.1.1",
        "@pierre/diffs": "1.2.12",
        "@radix-ui/react-slot": "^1.3.0",
        "@shikijs/core": "^4.3.1",
        "@shikijs/stream": "^4.3.1",
        "@shikijs/transformers": "^4.3.1",
        "@splinetool/runtime": "1.12.98",
        "ahooks": "^3.9.7",
        "antd-style": "^4.1.0",
        "beautiful-mermaid": "^1.1.3",
        "chroma-js": "^3.2.0",
        "class-variance-authority": "^0.7.1",
        "clsx": "^2.1.1",
        "dayjs": "^1.11.21",
        "emoji-mart": "^5.6.0",
        "es-toolkit": "^1.49.0",
        "fast-deep-equal": "^3.1.3",
        "hast-util-from-html-isomorphic": "^2.0.0",
        "hast-util-to-jsx-runtime": "^2.3.6",
        "hast-util-to-text": "^4.0.2",
        "html-url-attributes": "^3.0.1",
        "immer": "^11.1.11",
        "katex": "^0.18.1",
        "leva": "^0.10.1",
        "lucide-react": "^1.24.0",
        "marked": "^18.0.6",
        "motion": "^12.0.0",
        "numeral": "^2.0.6",
        "polished": "^4.3.1",
        "query-string": "^9.4.1",
        "rc-collapse": "^4.0.0",
        "rc-footer": "^0.6.8",
        "rc-image": "^7.12.0",
        "rc-input-number": "^9.5.0",
        "rc-menu": "^9.16.1",
        "re-resizable": "^6.11.2",
        "react-avatar-editor": "^15.1.0",
        "react-error-boundary": "^6.1.2",
        "react-hotkeys-hook": "^5.3.3",
        "react-markdown": "^10.1.0",
        "react-merge-refs": "^3.0.2",
        "react-rnd": "^10.5.3",
        "react-zoom-pan-pinch": "^4.0.3",
        "rehype-github-alerts": "^4.2.0",
        "rehype-raw": "^7.0.0",
        "rehype-sanitize": "^6.0.0",
        "remark-breaks": "^4.0.0",
        "remark-cjk-friendly": "^2.3.1",
        "remark-gfm": "^4.0.1",
        "remark-github": "^12.0.0",
        "remark-math": "^6.0.0",
        "remark-parse": "^11.0.0",
        "remark-rehype": "^11.1.2",
        "remend": "^1.3.0",
        "shiki": "^4.3.1",
        "swr": "^2.4.2",
        "ts-md5": "^2.0.1",
        "unified": "^11.0.5",
        "unist-util-visit-parents": "^6.0.2",
        "url-join": "^5.0.0",
        "use-merge-value": "^1.2.0",
        "uuid": "^14.0.1",
        "vfile": "^6.0.3",
        "virtua": "^0.52.0"
      },
      "devDependencies": {},
      "dependencies": {
        "uuid": {
          "version": "14.0.2",
          "name": "uuid",
          "description": "RFC9562 UUIDs",
          "type": "module",
          "funding": [
            "https://github.com/sponsors/broofa",
            "https://github.com/sponsors/ctavan"
          ],
          "commitlint": {
            "extends": [
              "@commitlint/config-conventional"
            ]
          },
          "keywords": [
            "uuid",
            "guid",
            "rfc4122",
            "rfc9562"
          ],
          "license": "MIT",
          "bin": {
            "uuid": "dist-node/bin/uuid"
          },
          "sideEffects": false,
          "types": "./dist/index.d.ts",
          "exports": {
            ".": {
              "node": {
                "types": "./dist/index.d.ts",
                "default": "./dist-node/index.js"
              },
              "default": "./dist/index.js"
            },
            "./package.json": "./package.json"
          },
          "files": [
            "dist",
            "dist-node",
            "!**/test"
          ],
          "devDependencies": {
            "@biomejs/biome": "2.4.10",
            "@commitlint/cli": "20.5.0",
            "@commitlint/config-conventional": "20.5.0",
            "bundlewatch": "0.4.1",
            "commander": "14.0.3",
            "globals": "17.4.0",
            "jest": "30.3.0",
            "lefthook": "1.11.13",
            "lint-staged": "16.4.0",
            "neostandard": "0.13.0",
            "npm-run-all2": "8.0.4",
            "prettier": "3.8.3",
            "publint": "0.3.21",
            "release-please": "17.3.0",
            "runmd": "2.1.1",
            "standard-version": "9.5.0",
            "typescript": "5.4.3"
          },
          "optionalDevDependencies": {
            "@wdio/browserstack-service": "9.27.0",
            "@wdio/cli": "9.27.0",
            "@wdio/jasmine-framework": "9.27.0",
            "@wdio/local-runner": "9.27.0",
            "@wdio/spec-reporter": "9.27.0",
            "@wdio/static-server-service": "9.27.0"
          },
          "scripts": {
            "build": "./scripts/build.sh",
            "build:watch": "tsc --watch -p tsconfig.json",
            "bundlewatch": "npm run pretest:browser && bundlewatch --config bundlewatch.config.json",
            "docs:diff": "npm run docs && git diff README.md",
            "docs": "npm run build && npx runmd --output=README.md README_js.md",
            "biome:check": "biome check .",
            "biome:fix": "biome check --write .",
            "examples:browser:rollup:build": "cd examples/browser-rollup && npm run build",
            "examples:browser:webpack:build": "cd examples/browser-webpack && npm run build",
            "examples:node:esmodules:test": "cd examples/node-esmodules && npm test",
            "examples:node:jest:test": "cd examples/node-jest && npm test",
            "examples:node:typescript:test": "cd examples/typescript && npm test",
            "format": "biome format --write .",
            "format:check": "biome format --check .",
            "lint": "npm run biome:check",
            "md": "runmd --watch --output=README.md README_js.md",
            "prepack": "npm run build -- --no-pack",
            "prepare": "lefthook install",
            "prepublishOnly": "npm run build",
            "pretest:benchmark": "npm run build",
            "pretest:browser": "./scripts/iodd && npm run build && npm-run-all --parallel examples:browser:**",
            "pretest:node": "npm run build",
            "pretest": "npm run build",
            "release": "standard-version --no-verify",
            "test:benchmark": "cd examples/benchmark && npm test",
            "test:browser": "wdio run ./wdio.conf.js",
            "test:node": "npm-run-all --parallel examples:node:**",
            "test:watch": "node --test --enable-source-maps --watch dist-node/test/*.js",
            "test": "node --test --enable-source-maps dist-node/test/*.js"
          },
          "repository": {
            "type": "git",
            "url": "https://github.com/uuidjs/uuid.git"
          },
          "lint-staged": {
            "*": [
              "biome check --write --no-errors-on-unmatched"
            ]
          },
          "standard-version": {
            "scripts": {
              "postchangelog": "biome format --write CHANGELOG.md"
            }
          },
          "packageManager": "npm@11.12.1",
          "_id": "uuid@14.0.2",
          "extraneous": false,
          "path": "C:\\cinagroup\\cinatoken\\node_modules\\uuid",
          "_dependencies": {},
          "peerDependencies": {}
        }
      }
    },
    "ahooks": {
      "version": "3.10.0",
      "overridden": false,
      "name": "ahooks",
      "description": "react hooks library",
      "keywords": [
        "ahooks",
        "umi hooks",
        "react hooks"
      ],
      "main": "./lib/index.js",
      "module": "./es/index.js",
      "types": "./lib/index.d.ts",
      "unpkg": "dist/ahooks.js",
      "sideEffects": false,
      "authors": {
        "name": "brickspert",
        "email": "brickspert.fjl@alipay.com"
      },
      "publishConfig": {
        "registry": "https://registry.npmjs.org/"
      },
      "repository": "https://github.com/alibaba/hooks",
      "homepage": "https://github.com/alibaba/hooks",
      "files": [
        "dist",
        "lib",
        "es",
        "metadata.json",
        "package.json",
        "README.md"
      ],
      "devDependencies": {
        "@types/js-cookie": "^3.0.6"
      },
      "peerDependencies": {
        "react": "^16.8.0 || ^17.0.0 || ^18.0.0 || ^19.0.0",
        "react-dom": "^16.8.0 || ^17.0.0 || ^18.0.0 || ^19.0.0"
      },
      "license": "MIT",
      "gitHead": "11f6ad571bd365c95ecb9409ca3050cbbfc9b34a",
      "scripts": {
        "build": "gulp && webpack-cli",
        "test": "vitest run --color",
        "test:cov": "vitest run --color --coverage",
        "tsc": "tsc --noEmit"
      },
      "_id": "ahooks@3.10.0",
      "extraneous": true,
      "path": "C:\\cinagroup\\cinatoken\\node_modules\\ahooks",
      "_dependencies": {
        "@babel/runtime": "^7.21.0",
        "dayjs": "^1.9.1",
        "js-cookie": "^3.0.5",
        "lodash": "^4.17.21",
        "react-fast-compare": "^3.2.2",
        "resize-observer-polyfill": "^1.5.1",
        "screenfull": "^5.0.0",
        "tslib": "^2.4.1"
      },
      "dependencies": {
        "js-cookie": {
          "version": "3.0.8",
          "name": "js-cookie",
          "description": "A simple, lightweight JavaScript API for handling cookies",
          "browser": "dist/js.cookie.js",
          "module": "dist/js.cookie.mjs",
          "unpkg": "dist/js.cookie.min.js",
          "jsdelivr": "dist/js.cookie.min.js",
          "exports": {
            ".": {
              "import": "./dist/js.cookie.mjs",
              "require": "./dist/js.cookie.js"
            },
            "./package.json": "./package.json"
          },
          "directories": {
            "test": "test"
          },
          "keywords": [
            "cookie",
            "cookies",
            "browser",
            "amd",
            "commonjs",
            "client",
            "js-cookie"
          ],
          "scripts": {
            "test": "grunt test",
            "test:browserstack": "grunt browserstack",
            "format": "prettier --write .",
            "format:check": "prettier --check .",
            "lint": "eslint --fix .",
            "lint:check": "eslint .",
            "dist": "rm -rf dist/* && rollup -c",
            "release": "release-it"
          },
          "repository": {
            "type": "git",
            "url": "git://github.com/js-cookie/js-cookie.git"
          },
          "files": [
            "index.js",
            "dist/**/*"
          ],
          "author": "Klaus Hartl",
          "license": "MIT",
          "devDependencies": {
            "@eslint/js": "^10.0.1",
            "@rollup/plugin-terser": "^1.0.0",
            "browserstack-node-sdk": "^1.52.2",
            "eslint": "^10.0.1",
            "eslint-config-prettier": "^10.0.1",
            "eslint-plugin-html": "^8.0.0",
            "eslint-plugin-markdown": "^5.0.0",
            "globals": "^17.3.0",
            "grunt": "^1.0.4",
            "grunt-compare-size": "^0.4.2",
            "grunt-contrib-connect": "^5.0.0",
            "grunt-contrib-qunit": "^10.0.0",
            "grunt-contrib-watch": "^1.1.0",
            "grunt-exec": "^3.0.0",
            "gzip-js": "^0.3.2",
            "js-reporters": "^2.1.0",
            "nano-staged": "^1.0.2",
            "prettier": "^3.0.0",
            "qunit": "^2.19.4",
            "release-it": "^20.0.0",
            "rollup": "^4.53.3",
            "rollup-plugin-filesize": "^10.0.0",
            "rollup-plugin-license": "^3.2.0",
            "selenium-webdriver": "^4.43.0",
            "simple-git-hooks": "^2.8.1"
          },
          "_id": "js-cookie@3.0.8",
          "extraneous": false,
          "path": "C:\\cinagroup\\cinatoken\\node_modules\\js-cookie",
          "_dependencies": {},
          "peerDependencies": {}
        }
      }
    },
    "js-cookie": {
      "version": "3.0.8",
      "overridden": false,
      "name": "js-cookie",
      "description": "A simple, lightweight JavaScript API for handling cookies",
      "browser": "dist/js.cookie.js",
      "module": "dist/js.cookie.mjs",
      "unpkg": "dist/js.cookie.min.js",
      "jsdelivr": "dist/js.cookie.min.js",
      "exports": {
        ".": {
          "import": "./dist/js.cookie.mjs",
          "require": "./dist/js.cookie.js"
        },
        "./package.json": "./package.json"
      },
      "directories": {
        "test": "test"
      },
      "keywords": [
        "cookie",
        "cookies",
        "browser",
        "amd",
        "commonjs",
        "client",
        "js-cookie"
      ],
      "scripts": {
        "test": "grunt test",
        "test:browserstack": "grunt browserstack",
        "format": "prettier --write .",
        "format:check": "prettier --check .",
        "lint": "eslint --fix .",
        "lint:check": "eslint .",
        "dist": "rm -rf dist/* && rollup -c",
        "release": "release-it"
      },
      "repository": {
        "type": "git",
        "url": "git://github.com/js-cookie/js-cookie.git"
      },
      "files": [
        "index.js",
        "dist/**/*"
      ],
      "author": "Klaus Hartl",
      "license": "MIT",
      "devDependencies": {
        "@eslint/js": "^10.0.1",
        "@rollup/plugin-terser": "^1.0.0",
        "browserstack-node-sdk": "^1.52.2",
        "eslint": "^10.0.1",
        "eslint-config-prettier": "^10.0.1",
        "eslint-plugin-html": "^8.0.0",
        "eslint-plugin-markdown": "^5.0.0",
        "globals": "^17.3.0",
        "grunt": "^1.0.4",
        "grunt-compare-size": "^0.4.2",
        "grunt-contrib-connect": "^5.0.0",
        "grunt-contrib-qunit": "^10.0.0",
        "grunt-contrib-watch": "^1.1.0",
        "grunt-exec": "^3.0.0",
        "gzip-js": "^0.3.2",
        "js-reporters": "^2.1.0",
        "nano-staged": "^1.0.2",
        "prettier": "^3.0.0",
        "qunit": "^2.19.4",
        "release-it": "^20.0.0",
        "rollup": "^4.53.3",
        "rollup-plugin-filesize": "^10.0.0",
        "rollup-plugin-license": "^3.2.0",
        "selenium-webdriver": "^4.43.0",
        "simple-git-hooks": "^2.8.1"
      },
      "_id": "js-cookie@3.0.8",
      "extraneous": true,
      "path": "C:\\cinagroup\\cinatoken\\node_modules\\js-cookie",
      "_dependencies": {},
      "peerDependencies": {},
      "problems": [
        "extraneous: js-cookie@3.0.8 C:\\cinagroup\\cinatoken\\node_modules\\js-cookie"
      ]
    },
    "uuid": {
      "version": "14.0.2",
      "overridden": false,
      "name": "uuid",
      "description": "RFC9562 UUIDs",
      "type": "module",
      "funding": [
        "https://github.com/sponsors/broofa",
        "https://github.com/sponsors/ctavan"
      ],
      "commitlint": {
        "extends": [
          "@commitlint/config-conventional"
        ]
      },
      "keywords": [
        "uuid",
        "guid",
        "rfc4122",
        "rfc9562"
      ],
      "license": "MIT",
      "bin": {
        "uuid": "dist-node/bin/uuid"
      },
      "sideEffects": false,
      "types": "./dist/index.d.ts",
      "exports": {
        ".": {
          "node": {
            "types": "./dist/index.d.ts",
            "default": "./dist-node/index.js"
          },
          "default": "./dist/index.js"
        },
        "./package.json": "./package.json"
      },
      "files": [
        "dist",
        "dist-node",
        "!**/test"
      ],
      "devDependencies": {
        "@biomejs/biome": "2.4.10",
        "@commitlint/cli": "20.5.0",
        "@commitlint/config-conventional": "20.5.0",
        "bundlewatch": "0.4.1",
        "commander": "14.0.3",
        "globals": "17.4.0",
        "jest": "30.3.0",
        "lefthook": "1.11.13",
        "lint-staged": "16.4.0",
        "neostandard": "0.13.0",
        "npm-run-all2": "8.0.4",
        "prettier": "3.8.3",
        "publint": "0.3.21",
        "release-please": "17.3.0",
        "runmd": "2.1.1",
        "standard-version": "9.5.0",
        "typescript": "5.4.3"
      },
      "optionalDevDependencies": {
        "@wdio/browserstack-service": "9.27.0",
        "@wdio/cli": "9.27.0",
        "@wdio/jasmine-framework": "9.27.0",
        "@wdio/local-runner": "9.27.0",
        "@wdio/spec-reporter": "9.27.0",
        "@wdio/static-server-service": "9.27.0"
      },
      "scripts": {
        "build": "./scripts/build.sh",
        "build:watch": "tsc --watch -p tsconfig.json",
        "bundlewatch": "npm run pretest:browser && bundlewatch --config bundlewatch.config.json",
        "docs:diff": "npm run docs && git diff README.md",
        "docs": "npm run build && npx runmd --output=README.md README_js.md",
        "biome:check": "biome check .",
        "biome:fix": "biome check --write .",
        "examples:browser:rollup:build": "cd examples/browser-rollup && npm run build",
        "examples:browser:webpack:build": "cd examples/browser-webpack && npm run build",
        "examples:node:esmodules:test": "cd examples/node-esmodules && npm test",
        "examples:node:jest:test": "cd examples/node-jest && npm test",
        "examples:node:typescript:test": "cd examples/typescript && npm test",
        "format": "biome format --write .",
        "format:check": "biome format --check .",
        "lint": "npm run biome:check",
        "md": "runmd --watch --output=README.md README_js.md",
        "prepack": "npm run build -- --no-pack",
        "prepare": "lefthook install",
        "prepublishOnly": "npm run build",
        "pretest:benchmark": "npm run build",
        "pretest:browser": "./scripts/iodd && npm run build && npm-run-all --parallel examples:browser:**",
        "pretest:node": "npm run build",
        "pretest": "npm run build",
        "release": "standard-version --no-verify",
        "test:benchmark": "cd examples/benchmark && npm test",
        "test:browser": "wdio run ./wdio.conf.js",
        "test:node": "npm-run-all --parallel examples:node:**",
        "test:watch": "node --test --enable-source-maps --watch dist-node/test/*.js",
        "test": "node --test --enable-source-maps dist-node/test/*.js"
      },
      "repository": {
        "type": "git",
        "url": "https://github.com/uuidjs/uuid.git"
      },
      "lint-staged": {
        "*": [
          "biome check --write --no-errors-on-unmatched"
        ]
      },
      "standard-version": {
        "scripts": {
          "postchangelog": "biome format --write CHANGELOG.md"
        }
      },
      "packageManager": "npm@11.12.1",
      "_id": "uuid@14.0.2",
      "extraneous": true,
      "path": "C:\\cinagroup\\cinatoken\\node_modules\\uuid",
      "_dependencies": {},
      "peerDependencies": {},
      "problems": [
        "extraneous: uuid@14.0.2 C:\\cinagroup\\cinatoken\\node_modules\\uuid"
      ]
    }
  }
}
