
> cinatoken@2.8.0 test:web
> npm run test:unit -w @cinatoken/web


> @cinatoken/web@2.8.0 test:unit
> node scripts/test-unit.mjs

✔ actual POSIX entrypoint derives only trusted CSP sources with JavaScript parity (1872.018ms)
✔ actual POSIX policy rejects malicious and ambiguous origins before substitution (5662.7501ms)
✔ Docker substitutes derived CSP sources only and the shipped script passes POSIX syntax (52.0196ms)
✔ public SSR map agrees with the HTTP adapter and preserves disabled and private fallback (3.8263ms)
✔ SSR proxy strips credentials, pairs releases and handles nginx transport failures safely (0.4181ms)
✔ Docker shell map exposes all twenty opt-in GET/HEAD account paths (1.715ms)
✔ Docker Providers rollout captures only the migrated page and is disabled by default (0.5099ms)
✔ Docker Dashboard rollout serves only exact GET/HEAD /admin and defaults off (0.4464ms)
✔ Docker Users rollout serves only exact GET/HEAD list paths and defaults off (0.442ms)
✔ Docker User Detail rollout admits only UUID and simple canonical ext paths (0.9652ms)
✔ Docker Models rollout serves only its GET/HEAD paths and defaults off (0.4083ms)
✔ Docker Endpoints rollout serves only its GET/HEAD paths and defaults off (0.3169ms)
✔ Docker Routes rollout serves only its GET/HEAD paths and defaults off (0.2857ms)
✔ Docker Data Policies rollout serves only its GET/HEAD paths and defaults off (0.3012ms)
✔ Docker Presets rollout serves only its GET/HEAD paths and defaults off (0.2729ms)
✔ Docker Withdrawals rollout serves only its GET/HEAD paths and defaults off (0.3529ms)
✔ Docker NFT Mints rollout serves only its GET/HEAD paths and defaults off (0.2075ms)
✔ Docker Playground rollout serves only its GET/HEAD paths and defaults off (0.2408ms)
✔ Docker Simulator rollout serves only its GET/HEAD paths and defaults off (0.2046ms)
✔ Docker Tools Configuration rollout serves only its GET/HEAD paths and defaults off (0.1697ms)
✔ Docker Tool Invocations rollout serves only its GET/HEAD paths and defaults off (0.1681ms)
✔ Docker Budget Audit rollout serves only its GET/HEAD paths and defaults off (0.2408ms)
✔ Docker Request Logs rollout serves only its GET/HEAD paths and defaults off (0.1639ms)
✔ Docker Users analytics rollout serves only its GET/HEAD paths and defaults off (0.1976ms)
✔ Docker Providers analytics rollout serves only its GET/HEAD paths and defaults off (0.1954ms)
✔ Docker Models analytics rollout serves only its GET/HEAD paths and defaults off (0.1745ms)
✔ Docker Reliability rollout serves only its GET/HEAD paths and defaults off (0.1979ms)
✔ Docker Guardrails rollout serves only its GET/HEAD paths and defaults off (0.1934ms)
✔ Docker Config timezone rollout serves only its GET/HEAD paths and defaults off (0.217ms)
✔ Docker Full config rollout serves only its GET/HEAD paths and defaults off (0.1556ms)
✔ Docker Integration Keys rollout serves only its GET/HEAD paths and defaults off (0.1557ms)
✔ Docker Gateway Keys rollout serves only its GET/HEAD paths and defaults off (0.2211ms)
✔ Docker Shared Keys rollout serves only its GET/HEAD paths and defaults off (0.1604ms)
✔ Docker CINATOKEN_WEB_ADMIN_USER_DETAIL_ENABLED rejects invalid values before nginx starts (0.1767ms)
✔ Docker CINATOKEN_WEB_ADMIN_REQUEST_LOGS_ENABLED rejects invalid values before nginx starts (0.115ms)
✔ Docker CINATOKEN_WEB_ADMIN_BUDGET_AUDIT_ENABLED rejects invalid values before nginx starts (0.0956ms)
✔ Docker CINATOKEN_WEB_ADMIN_TOOL_INVOCATIONS_ENABLED rejects invalid values before nginx starts (0.0958ms)
✔ Docker CINATOKEN_WEB_ADMIN_ACCESS_KEYS_ENABLED rejects invalid values before nginx starts (0.0774ms)
✔ Docker CINATOKEN_WEB_ADMIN_KEYS_ENABLED rejects invalid values before nginx starts (0.1078ms)
✔ Docker CINATOKEN_WEB_ADMIN_SHARED_KEYS_ENABLED rejects invalid values before nginx starts (0.097ms)
✔ Docker CINATOKEN_WEB_ADMIN_TOOLS_ENABLED rejects invalid values before nginx starts (0.0983ms)
✔ Docker CINATOKEN_WEB_ADMIN_PLAYGROUND_ENABLED rejects invalid values before nginx starts (0.1207ms)
✔ Docker CINATOKEN_WEB_ADMIN_SIMULATOR_ENABLED rejects invalid values before nginx starts (0.1322ms)
✔ Docker CINATOKEN_WEB_ADMIN_WITHDRAWALS_ENABLED rejects invalid values before nginx starts (0.1625ms)
✔ Docker CINATOKEN_WEB_ADMIN_NFT_MINTS_ENABLED rejects invalid values before nginx starts (0.1064ms)
✔ Docker forwards public host with port, scheme, full URI and streams without origin/cookie rewriting (0.2763ms)
✔ Docker assets have no SPA fallback and environment substitution preserves nginx variables (1.0986ms)
✔ Source retention and caching recognize only the exact digest archive path (0.6426ms)
✔ Docker and Worker use the same status/path cache contract for GET and HEAD assets (1.6411ms)
✔ Docker consumes the verified release artifact and keeps manifests outside the public root (0.1769ms)
✔ Dockerfile.web COPY verifier runs without source inputs for schema 1 (743.1221ms)
✔ Dockerfile.web COPY verifier runs without source inputs for schema 2 build contract v1 (711.6629ms)
✔ Dockerfile.web COPY verifier runs without source inputs for schema 2 build contract v2 (721.3164ms)
✔ Dockerfile.web COPY verifier runs without source inputs for schema 3 build contract v2 (1943.6549ms)
✔ Dockerfile.web COPY verifier runs without source inputs for schema 3 build contract v2 with retained source and unresolved asset (3439.3052ms)
✔ Dockerfile.web-ssr COPY verifier runs without source inputs for schema 1 (1425.3921ms)
✔ Dockerfile.web-ssr COPY verifier runs without source inputs for schema 2 build contract v1 (2291.5134ms)
✔ Dockerfile.web-ssr COPY verifier runs without source inputs for schema 2 build contract v2 (1394.3422ms)
✔ Dockerfile.web-ssr COPY verifier runs without source inputs for schema 3 build contract v2 (2334.9307ms)
✔ Dockerfile.web-ssr COPY verifier runs without source inputs for schema 3 build contract v2 with retained source and unresolved asset (2655.2577ms)
Provenance safety fixtures retained: C:\Users\cina\AppData\Local\Temp\cinatoken-web-provenance-tests-05OLH1
✔ NUL tree parsing preserves Chinese, spaces, tabs/newlines and rejects ambiguous paths (17.2509ms)
✔ Git batch parser obeys declared raw byte size, newline bytes and SHA1 identity (1.8096ms)
✔ stable TSV uses JSON path strings and UTF-8 byte sorting; duplicate inventories fail (1.6559ms)
✔ conservative exclusions cover env, secrets, keys, credentials, dependencies and build paths (1.694ms)
✔ local toy Git tree comparison is byte accurate, deduplicates blobs and leaves upstream unresolved (1841.0402ms)
✔ output cannot overwrite existing directories or enter source, and absent/non-tree baselines create no output (2549.7211ms)
✔ source junctions/symlinks are excluded and aliased source/output ancestors are rejected (1694.3665ms)
✔ CLI requires explicit arguments, prints usage and fails safely without exposing Git stderr (343.1491ms)
✔ Web private HTML keeps no-store and its CSP while prohibiting transformations (67.085ms)
✔ Web public HTML preserves nonce, anonymous catalog and HEAD contracts without caching (9750.2727ms)
✔ Web redirects, robots, XML and plain failures retain their existing cache policy (15.096ms)
✔ HTML policy leaves backend HTML, API, OAuth and asset responses unchanged (5.2466ms)
✔ configured Proxy origins apply to every shell for later SPA diagnostics navigation (1.7005ms)
✔ empty Proxy configuration keeps the original shell connection policy (0.6759ms)
✔ invalid Proxy configuration fails only opted-in shells and does not leak or alter API forwarding (0.6971ms)
✔ Dashboard rollout captures only exact GET/HEAD /admin paths and is independently disabled (2.0633ms)
✔ Users rollout captures only exact GET/HEAD list paths and stays independent (1.7785ms)
✔ User Detail rollout captures only UUID and simple canonical ext GET/HEAD paths (4.5104ms)
✔ Providers rollout is independent and only captures its exact GET/HEAD paths (1.7726ms)
✔ all twenty approved account paths serve the Web shell (7.1887ms)
✔ Models rollout only serves its exact GET/HEAD page, with other routes preserved (2.0552ms)
✔ Endpoints rollout only serves its exact GET/HEAD page, with other routes preserved (1.4561ms)
✔ Routes rollout only captures its exact GET/HEAD page and is independently disabled (2.3188ms)
✔ Data Policies rollout only captures its exact GET/HEAD page and is independently disabled (1.9154ms)
✔ Presets rollout only captures its exact GET/HEAD page and is independently disabled (1.8492ms)
✔ Withdrawals rollout only captures its exact GET/HEAD page and is independently disabled (1.5812ms)
✔ NFT Mints rollout only captures its exact GET/HEAD page and is independently disabled (1.6167ms)
✔ Playground rollout only captures its exact GET/HEAD page and is independently disabled (1.4988ms)
✔ Simulator rollout only captures its exact GET/HEAD page and is independently disabled (1.7137ms)
✔ Tools Configuration rollout only captures its exact GET/HEAD page and is independently disabled (1.4043ms)
✔ Tool Invocations rollout only captures its exact GET/HEAD page and is independently disabled (1.4713ms)
✔ Budget Audit rollout only captures its exact GET/HEAD page and is independently disabled (2.475ms)
✔ Request Logs rollout only captures its exact GET/HEAD page and is independently disabled (2.0907ms)
✔ Users analytics rollout only captures its exact GET/HEAD page and is independently disabled (2.0163ms)
✔ Providers analytics rollout only captures its exact GET/HEAD page and is independently disabled (5.0441ms)
✔ Models analytics rollout only captures its exact GET/HEAD page and is independently disabled (1.185ms)
✔ Reliability rollout only captures its exact GET/HEAD page and is independently disabled (4.6991ms)
✔ Guardrails rollout only captures its exact GET/HEAD page and is independently disabled (1.2283ms)
✔ Config timezone rollout only captures its exact GET/HEAD page and is independently disabled (1.187ms)
✔ Full config rollout only captures its exact GET/HEAD page and is independently disabled (1.9594ms)
✔ Integration Keys rollout only captures its exact GET/HEAD page and is independently disabled (1.1326ms)
✔ Gateway Keys rollout only captures its exact GET/HEAD page and is independently disabled (2.4838ms)
✔ Shared Keys rollout only captures its exact GET/HEAD page and is independently disabled (1.2852ms)
✔ Gateway Keys rollback and backend boundaries preserve methods, headers and request bodies (15.0689ms)
✔ all unmigrated public, account, admin and backend routes preserve the original Request (1.5296ms)
✔ rollout is opt-in and rollback retains the static asset namespace (11.8748ms)
✔ asset prefix stripping does not capture lookalike paths or fall back on missing assets (0.3014ms)
✔ non-read requests reach Admin with public URL, Origin, cookies and body unchanged (1.7706ms)
✔ Admin redirects, multiple Set-Cookie and streams are returned without reconstruction (0.4834ms)
✔ HEAD shell has no response body and missing index fails without a backend substitution (3.2336ms)
✔ explicit v1 retains the historical raw-byte golden algorithm (92.3461ms)
✔ default and explicit v2 use the complete inventory while v1 stays scoped historically (1709.3556ms)
✔ historical/read contract version 1 has identical strict keys (24.2144ms)
✔ historical/read contract version 2 has identical strict keys (9.5955ms)
✔ contract reading rejects invalid versions, fields and malformed identities (29.0459ms)
✔ contract reading rejects absent, oversized and non-file markers (7.2574ms)
✔ all three targets must match version, build ID and source bytes (212.3848ms)
✔ real lifecycle callbacks stamp a stable v2 identity on browser, Node and Worker (788.2183ms)
✔ lifecycle refuses Core deep source drift without writing success stamps (514.1314ms)
✔ lifecycle refuses Admin vendor data drift without writing success stamps (453.2912ms)
✔ lifecycle refuses runtime source drift without writing success stamps (593.4554ms)
✔ failed or unstarted builds cannot write successful stamps (236.0629ms)
✔ a retained Worker Node import prevents every successful target stamp (444.7454ms)
✔ new build cycles get fresh IDs and excluded generated bytes do not cause drift (938.3711ms)
✔ the managed build rejects an unapproved process PUBLIC variable before compiling (694.228ms)
✔ bare Rsbuild CLI cannot bypass the allowlist through a mode env file (551.9293ms)
✔ private mode values reload without contaminating the dev process (257.1543ms)
✔ the real Web config never inlines private canaries, including in source maps (21427.0754ms)
✔ v2 inventory binds explicit Web, Core, runtime and workspace raw inputs (276.7863ms)
✔ v2 digest changes when Core direct source bytes change (485.8997ms)
✔ v2 digest changes when Core deep dependency bytes change (492.0687ms)
✔ v2 digest changes when Admin vendor JSON bytes change (474.0979ms)
✔ v2 digest changes when Docker build definition bytes change (429.8376ms)
✔ v2 digest changes when Docker context configuration bytes change (489.5903ms)
✔ v2 digest changes when Docker runtime bytes change (524.5476ms)
✔ v2 digest changes when root lockfile bytes change (480.4609ms)
✔ v2 digest changes when root workspace manifest bytes change (568.5551ms)
✔ v2 digest changes when sibling workspace manifest bytes change (422.7853ms)
✔ optional public/configuration inputs are bound when present (481.7914ms)
✔ UTF-8 byte order, raw CRLF and unchanged-byte timestamps are deterministic (770.0911ms)
✔ environment, credential, dependency and generated canaries are excluded before opening (458.6433ms)
✔ nested key and credential feature source stays included (399.8646ms)
✔ missing required input package-lock.json fails closed (70.4926ms)
✔ missing required input packages/core/src fails closed (46.8959ms)
✔ missing required input packages/admin/lib/model-vendors.json fails closed (66.0037ms)
✔ included directory links and linked ancestors fail closed (40.3406ms)
✔ additional workspace manifests are bound and linked workspaces rejected (467.0711ms)
✔ a non-regular included candidate is rejected before opening (41.1221ms)
✔ a candidate changed before opening cannot produce an accepted inventory (154.8327ms)
✔ a candidate changed after reading cannot produce an accepted inventory (171.5069ms)
✔ single-file byte budget rejects sparse oversized input before any source read (75.5137ms)
✔ aggregate byte budget rejects sparse inputs before any source read (140.1479ms)
✔ file-count budget rejects a real oversized tree before source reads (27119.7609ms)
✔ trusted Proxy origins become a validated canonical Worker variable without enabling rollout (3.7426ms)
✔ invalid Proxy origins abort config generation with a generic non-revealing error (0.8001ms)
✔ CLI requires an explicit verified release or development mode (1.4217ms)
✔ Web config defaults to disabled rollout and has no public route assignment (0.541ms)
✔ configured names use the root deployment ADMIN_WORKER_NAME convention (0.4593ms)
✔ invalid flags and URL-like binding names fail generation (1.8979ms)
✔ Dashboard can opt in independently of other Admin and account pages (0.6899ms)
✔ Users can opt in independently of Dashboard and account pages (0.1922ms)
✔ User Detail can opt in independently of the Users list (1.5922ms)
✔ Providers can opt in while account pages keep the legacy entry (0.2576ms)
✔ Models can opt in independently of Providers and account pages (0.4392ms)
✔ Endpoints can opt in independently of Models, Providers and account pages (0.1575ms)
✔ Routes can opt in independently of other Console resources and account pages (0.1492ms)
✔ Data Policies can opt in independently of other Console resources and account pages (0.1452ms)
✔ Presets can opt in independently of other Console resources and account pages (0.1587ms)
✔ CINATOKEN_WEB_ADMIN_GUARDRAILS_ENABLED opts in independently of other Console resources (0.256ms)
✔ CINATOKEN_WEB_ADMIN_RELIABILITY_ENABLED opts in independently of other Console resources (0.08ms)
✔ CINATOKEN_WEB_ADMIN_MODEL_ANALYTICS_ENABLED opts in independently of other Console resources (0.1347ms)
✔ CINATOKEN_WEB_ADMIN_PROVIDER_ANALYTICS_ENABLED opts in independently of other Console resources (0.0716ms)
✔ CINATOKEN_WEB_ADMIN_USER_ANALYTICS_ENABLED opts in independently of other Console resources (0.1134ms)
✔ CINATOKEN_WEB_ADMIN_REQUEST_LOGS_ENABLED opts in independently of other Console resources (0.0652ms)
✔ CINATOKEN_WEB_ADMIN_BUDGET_AUDIT_ENABLED opts in independently of other Console resources (0.112ms)
✔ CINATOKEN_WEB_ADMIN_TOOL_INVOCATIONS_ENABLED opts in independently of other Console resources (0.0593ms)
✔ CINATOKEN_WEB_ADMIN_CONFIG_TIMEZONE_ENABLED opts in independently of other Console resources (0.0702ms)
✔ CINATOKEN_WEB_ADMIN_CONFIG_ENABLED opts in independently of other Console resources (0.1159ms)
✔ CINATOKEN_WEB_ADMIN_ACCESS_KEYS_ENABLED opts in independently of other Console resources (0.0647ms)
✔ CINATOKEN_WEB_ADMIN_KEYS_ENABLED opts in independently of other Console resources (0.0543ms)
✔ CINATOKEN_WEB_ADMIN_SHARED_KEYS_ENABLED opts in independently of other Console resources (0.0532ms)
✔ CINATOKEN_WEB_ADMIN_TOOLS_ENABLED opts in independently of other Console resources (0.0631ms)
✔ CINATOKEN_WEB_ADMIN_PLAYGROUND_ENABLED opts in independently of other Console resources (0.052ms)
✔ CINATOKEN_WEB_ADMIN_SIMULATOR_ENABLED opts in independently of other Console resources (0.0488ms)
✔ CINATOKEN_WEB_ADMIN_WITHDRAWALS_ENABLED opts in independently of other Console resources (0.0653ms)
✔ CINATOKEN_WEB_ADMIN_NFT_MINTS_ENABLED opts in independently of other Console resources (0.0499ms)
✔ historical verification binds the original v2 release and only its current hashed assets (1023.8898ms)
✔ candidate imports historical current source while inherited legacy source stays unresolved (2151.1336ms)
✔ a subsequent release keeps imported mappings and original TTL without reimport refresh (3003.7538ms)
✔ coverage becomes complete when every final hashed asset has a verified corresponding source (1764.8344ms)
✔ P68-style rollback keeps original current build/source bytes while importing older current assets (1965.1811ms)
✔ reader and actual CLI use an explicit versioned safe-relative import config (2434.4624ms)
✔ exact historical TTL cutoff is eligible and one millisecond beyond is rejected (1556.6088ms)
✔ incorrect external release pin rejects the candidate before mkdir (1249.6636ms)
✔ corrupted archive rejects the candidate before mkdir (1609.6871ms)
✔ archive from another build rejects the candidate before mkdir (2378.3479ms)
✔ nonregular archive path rejects the candidate before mkdir (1731.7782ms)
✔ oversized archive rejects the candidate before mkdir (1333.6645ms)
✔ a v1 original build cannot acquire an allegedly complete v2 source archive (1004.5667ms)
✔ original release changes during verify callback invalidate the pinned import (858.3337ms)
✔ verified callback metadata cannot replace the externally pinned original manifest (879.1032ms)
✔ one original target marker cannot claim another build even under a correctly repinned release (1319.3096ms)
✔ an import with no eligible final asset is rejected rather than adding an unreferenced archive (1571.5467ms)
✔ old retained-only bytes cannot satisfy a historical current asset match (1367.1098ms)
✔ same hashed path with different final bytes rejects even when history is not previous (1293.9344ms)
✔ future original release and duplicate import entries reject without output (1122.1924ms)
✔ config bounded reads reject oversized, invalid UTF-8 and nonordinary files (831.278ms)
✔ ordinary Unicode and space names are accepted without decoding path text (871.564ms)
✔ strict config schema, entry keys, counts and pins fail before release verification (843.1819ms)
✔ unsafe import archive path ../archive.tar.gz is rejected (740.7964ms)
✔ unsafe import archive path /absolute.tar.gz is rejected (792.5153ms)
✔ unsafe import archive path C:/archive.tar.gz is rejected (789.7836ms)
✔ unsafe import archive path imports\history.tar.gz is rejected (814.7462ms)
✔ unsafe import archive path imports//history.tar.gz is rejected (656.7267ms)
✔ unsafe import archive path ./imports/history.tar.gz is rejected (663.4434ms)
✔ linked archive ancestor and linked config ancestor are rejected (748.0428ms)
✔ actual Next headers preserve existing security and precise diagnostic microphone rules (735.4833ms)
✔ Next default adds no HTTP allowance and rejects unsafe build configuration (338.9448ms)
✔ Worker output rejects a retained Node import in an async chunk (22.8402ms)
✔ server artifacts are frozen, independently verified and kept outside public assets (279.5515ms)
✔ fresh packaging rejects mixed browser, Node and Worker builds before freezing (132.6577ms)
✔ PostCSS build configuration drift requires rebuilding all targets (54.8847ms)
✔ a stamped browser build cannot silently freeze without server outputs (25.1879ms)
✔ rollback selects matching old server code and supports legacy releases without injecting a new server (508.9412ms)
✔ partial server builds cannot freeze an artifact or enable an unverified public entry (18.9117ms)
✔ new artifact retains old lazy chunks and licenses, with only current HTML and mutable files (157.2989ms)
✔ retained asset lifetime is not refreshed by intermediate releases; exact cutoff and configured window apply (290.0507ms)
✔ explicit rollback restores old current files while preserving new tabs lazy chunks (158.1272ms)
✔ same hash path cannot change bytes, including expired previous paths; equal contents are deduplicated (112.7252ms)
✔ packaging is deterministic for fixed inputs, id, timestamp and retention (90.9219ms)
✔ frozen output, traversal ids, timestamps, control files and missing HTML fail safely (74.0983ms)
✔ a release requires regular license and attribution files before creating an artifact (28.9928ms)
✔ asset links and linked release directories are rejected before publication (51.9704ms)
✔ verification detects extra/missing/modified files and invalid metadata even with a recomputed manifest digest (88.0852ms)
✔ verification rejects promoting HTML to retained resources or oversized declared files (73.3451ms)
✔ verification rejects routing controls and mismatched release identity; copied directory aliases are explicit (94.9425ms)
✔ verified merged artifact serves old tab lazy loads across rollout and rollback with GET/HEAD/cache/404 contracts (170.361ms)
✔ cache policy only treats recognized hashed resources as immutable; HTML and errors never cache (0.3431ms)
✔ v2 builds freeze a matching source archive and script-free public download index (1091.9696ms)
✔ legacy retained chunks remain explicitly unresolved instead of acquiring current source (1252.9033ms)
✔ same-browser releases retain each previous source archive without inventing asset mappings (2727.8328ms)
✔ source archives remain downloadable through their exact cutoff without renewing their age (3308.6043ms)
✔ a previous source archive with no hashed assets is retained independently of coverage (3089.3958ms)
✔ independently retained source archives do not resolve an unknown legacy asset (2546.9601ms)
✔ retained source archives keep original timestamps and expire with their chunks (2935.6036ms)
✔ rollback copies its historical server and matching source, without rebuilding from live inputs (2385.8609ms)
✔ rollback to a legacy build reports unavailable current source while retaining known new chunks (1258.5061ms)
✔ rollback to an empty legacy shell remains verifiable after all mapped sources expire (1060.5781ms)
✔ source verification rejects rehashed release metadata with current binding (1005.9405ms)
✔ source verification rejects rehashed release metadata with false completeness (1014.7588ms)
✔ source verification rejects rehashed release metadata with missing mapping (888.3948ms)
✔ source verification rejects rehashed release metadata with missing archive (957.0405ms)
✔ source verification rejects rehashed release metadata with wrong archive metadata (956.8987ms)
✔ source verification rejects rehashed release metadata with unknown mapped archive (907.0764ms)
✔ source verification rejects modified public index even with an updated outer manifest digest (956.0847ms)
✔ empty Proxy configuration preserves the existing self and WSS policy (1.5152ms)
✔ trusted HTTPS origins and explicit loopback HTTP derive exact WS origins (0.8019ms)
✔ untrusted, coerced, malformed and injectable origin strings fail closed (1.0019ms)
✔ maximum port and DNS labels are accepted without altering authorities (0.1379ms)
✔ archive binds exact original bytes, shared inputs and independently recalculated metadata (903.2697ms)
✔ standard USTAR headers, UTF-8 prefix paths and gzip framing are canonical (934.5745ms)
✔ identical source bytes archive identically across roots, creation order and timestamps (1980.2456ms)
✔ synthetic secrets and generated outputs are excluded without opening them (1915.9941ms)
✔ creator rejects build/source drift in packages/core/src/deep/rates.ts (533.4874ms)
✔ creator rejects build/source drift in packages/admin/lib/model-vendors.json (621.6773ms)
✔ creator rejects build/source drift in docker/web/public-server.mjs (761.3058ms)
✔ creator rejects build/source drift in .dockerignore (671.4004ms)
✔ only strict complete version 2 contracts can create new archives (464.0607ms)
✔ source changes during archive creation cannot return a successful descriptor (820.724ms)
✔ verification needs no source tree, filesystem reads or extraction (1110.9906ms)
✔ a matching externally recompressed legal DEFLATE stream verifies independently (1904.8619ms)
✔ expected build identity, version and fingerprint must all match (1164.551ms)
✔ verifier rejects non-gzip input (1055.5406ms)
✔ verifier rejects truncated gzip footer (1072.775ms)
✔ verifier rejects corrupt gzip CRC32 (973.3952ms)
✔ verifier rejects noncanonical gzip header (1052.6212ms)
✔ verifier rejects trailing gzip bytes (1072.9565ms)
✔ verifier rejects concatenated gzip streams (1092.1013ms)
✔ verifier rejects header checksum damage in a correctly recompressed archive (1018.4666ms)
✔ verifier rejects symbolic-link member in a correctly recompressed archive (949.5292ms)
✔ verifier rejects hard-link member in a correctly recompressed archive (905.9025ms)
✔ verifier rejects PAX extension member in a correctly recompressed archive (957.4168ms)
✔ verifier rejects traversal member in a correctly recompressed archive (932.4167ms)
✔ verifier rejects absolute member in a correctly recompressed archive (855.4996ms)
✔ verifier rejects backslash member in a correctly recompressed archive (901.0015ms)
✔ verifier rejects duplicate member in a correctly recompressed archive (838.3059ms)
✔ verifier rejects unknown source member in a correctly recompressed archive (877.722ms)
✔ verifier rejects missing source member in a correctly recompressed archive (913.9898ms)
✔ verifier rejects missing manifest in a correctly recompressed archive (768.6395ms)
✔ verifier rejects missing build instructions in a correctly recompressed archive (799.8171ms)
✔ verifier rejects changed build instructions in a correctly recompressed archive (811.7984ms)
✔ verifier rejects oversized declared file bounds in a correctly recompressed archive (1001.4676ms)
✔ verifier rejects within-budget declared length exceeding TAR data in a correctly recompressed archive (925.6827ms)
✔ verifier rejects nonzero source header timestamp in a correctly recompressed archive (909.0376ms)
✔ verifier rejects source bytes tampering in a correctly recompressed archive (837.8605ms)
✔ verifier rejects unsorted members even when headers and checksums are valid (958.2735ms)
✔ verifier rejects one terminal zero block (1025.8179ms)
✔ verifier rejects truncated TAR header (787.0851ms)
✔ verifier rejects extra trailing zero block (752.5139ms)
✔ verifier rejects nonzero TAR trailer (810.0631ms)
✔ verifier rejects nonzero payload padding (1034.6384ms)
✔ verifier rejects unknown manifest field with valid gzip and TAR framing (954.1516ms)
✔ verifier rejects wrong schema with valid gzip and TAR framing (845.525ms)
✔ verifier rejects modified policy with valid gzip and TAR framing (752.03ms)
✔ verifier rejects wrong policy digest with valid gzip and TAR framing (705.9934ms)
✔ verifier rejects wrong total byte count with valid gzip and TAR framing (1047.3605ms)
✔ verifier rejects wrong per-file byte count with valid gzip and TAR framing (1037.768ms)
✔ verifier rejects wrong per-file digest with valid gzip and TAR framing (989.8264ms)
✔ verifier rejects unknown file metadata field with valid gzip and TAR framing (833.0262ms)
✔ verifier rejects wrong path role with valid gzip and TAR framing (687.8627ms)
✔ verifier rejects wrong contract fingerprint with valid gzip and TAR framing (720.9414ms)
✔ updating a tampered file checksum cannot bypass the build fingerprint (830.9938ms)
✔ removing source and matching metadata cannot bypass the build fingerprint (808.3268ms)
✔ duplicate JSON keys cannot masquerade as the canonical manifest (832.7533ms)
✔ the expected build contract rejects a fully rehashed alternative archive (648.2819ms)
✔ a rehashed archive cannot introduce excluded input packages/web/src/.env.production (507.8127ms)
✔ a rehashed archive cannot introduce excluded input packages/web/src/.tmp/generated.ts (473.1616ms)
✔ a rehashed archive cannot omit a required source configuration (471.1986ms)
✔ a user conflict closes access and rechecks identity without becoming a workspace conflict (1.2349ms)
✔ a server workspace precondition conflict requires fresh context and closes access (0.2282ms)
✔ invalid response scope closes sensitive surfaces without a session refresh loop (0.1592ms)
✔ resource conflicts and temporary failures cannot imply lost session (0.2337ms)
✔ 401 rechecks identity, while resource 403 only rechecks its permission (0.2174ms)
✔ Preset main alert retains identity rejection after a detail dialog closes (0.8112ms)
✔ identity rejection stops account actions with a session message, preserving resource conflicts (0.4488ms)
✔ list and budget money stays in billing currency main units, including reservations (57.0701ms)
✔ unknown USD snapshots and budget availability never become a zero charge (0.6812ms)
✔ timeline preserves unknown latency gaps and known zero-cost buckets (0.1631ms)
✔ filters retain exact IDs, trim boundary whitespace and reject unsupported ranges and controls (2.5629ms)
✔ only bounded generation IDs can become detail requests (0.3607ms)
✔ server scope conflicts require explicit revalidation while malformed metadata does not loop identity resets (0.445ms)
✔ query identity changes with user, workspace and authority revision (1.0298ms)
✔ completed CSV downloads revoke their Object URL exactly once (0.5977ms)
✔ scope disposal clears every pending download and cancels completion timers (0.2723ms)
✔ failed browser download cannot leave a Blob URL behind (0.4615ms)
✔ budget forms preserve server rounding and accept decimal inputs (3.5454ms)
✔ budget forms reject empty, nonnumeric, nonpositive and unsafe micro-units (0.5536ms)
✔ workspace budgets have complete translated messages and interpolation values (1.9094ms)
✔ creation preserves the exact credential bytes and binds the selected workspace (4.4654ms)
✔ editing a masked credential never reconstructs a secret or overwrites it with blank text (0.4562ms)
✔ unrestricted, deny-all and explicit restrictions survive editing without opening access (1.7669ms)
✔ restrictions validate only active modes while SHA-256 restrictions reject raw keys and prefixes (1.1534ms)
✔ field limits count code points, credential limits count UTF-8 bytes, list limits include duplicates (2.972ms)
✔ fallback policies cannot block shared capacity and always-use modes remain mutually exclusive (0.6446ms)
✔ complete reorder groups reject pagination truncation, mixed scope, duplicate IDs and zero rows (0.4628ms)
✔ full provider ordering includes disabled credentials and preserves the user-moved order (0.6277ms)
✔ guardrail messages cover all four locales and interpolate scope, budgets, confirmation and evidence (8.3008ms)
✔ translated policy and evidence copy cannot silently reuse English and retains every interpolation argument (4.6758ms)
✔ currency display follows server metadata and preserves micro-unit precision (22.724ms)
✔ UTC database timestamps and canonical ISO timestamps display identically (6.539ms)
✔ expiry overrides active status at its boundary without hiding revocation status (0.2469ms)
✔ blank optional values preserve unlimited lifetime and no expiry (3.3989ms)
✔ zero is an explicit blocking budget and is never converted to unlimited (0.3968ms)
✔ budget validation rejects negative, non-finite, rounded and unsafe amounts (0.4979ms)
✔ local expiry is normalized to canonical UTC and past expiry is rejected (1.2796ms)
✔ names cannot silently be truncated beyond the server limit (0.2988ms)
✔ personal management requests require both capability and ownership (1.4915ms)
✔ organization workspace role never substitutes for the server organization role mapping (0.297ms)
✔ management key names are required, trimmed and bounded without silent truncation (4.2741ms)
✔ management key expiry requires a future local time and emits canonical UTC (1.7087ms)
✔ every account locale has the same keys and interpolation variables (7.5843ms)
✔ all four NFT locales cover identical keys, chain states and net USD ownership guidance (2.4286ms)
✔ browser config validator matches the actual Core contract across all advanced fields and limits (9.5565ms)
✔ editor defaults preserve the active configuration and exact prompt; corrupt configuration is not replaced with an empty object (8.1449ms)
✔ convenient fields preserve advanced and provider configuration without mutating the source (0.3864ms)
✔ numeric drafts reject incomplete and non-finite values without narrowing server-supported finite ranges (1.7177ms)
✔ form validates UTF-8 prompt limits, metadata lengths and canonical slug while allowing complete advanced JSON (2.5259ms)
✔ client pagination clamps deleted pages and filters search/status/visibility together (0.3424ms)
✔ access loss hides private editors while action 403/404/conflicts use distinct safe copy (0.5827ms)
✔ all four locales expose every operation and matching interpolation variables with explicit save activation (3.5753ms)
✔ shared seller management requires its exact capability, independent of account visibility or other key roles (0.791ms)
✔ listing forms enforce server channel and six-decimal price bounds without inventing cache caps (6.0823ms)
✔ blank cache pricing remains null, explicit zero stays zero and editing never includes credential or channel (0.1988ms)
✔ client pagination filters the global seller collection and clamps after deletion without losing matching rows (0.4923ms)
✔ resource history conflict, operation 403 and genuine scope conflicts have different recovery semantics (1.0433ms)
✔ shared key translations have matching keys and interpolation multisets in every locale (1.4661ms)
✔ Activity list preserves the real billing currency, main units and nullable measurements (42.4714ms)
✔ all supported filters and pagination are encoded, with blank filters omitted (3.6328ms)
✔ empty Activity pages require matching workspace metadata (4.6608ms)
✔ filters cannot silently broaden an Activity query after malformed input (3.5194ms)
✔ inconsistent page identities and totals are rejected instead of entering caches (8.3311ms)
✔ unavailable and unlimited budgets retain missing values without inventing zero (3.3243ms)
✔ list schema rejects body, credential and trace fields at every public boundary (8.8093ms)
✔ Generation consumes the actual credential-free core projection with USD costs independent of CNY list units (7.6073ms)
✔ Generation detail validates requested ID, workspace, origin and the nested projection whitelist (5.9597ms)
✔ CSV exports use filter scope, omit pagination and retain BOM in the returned file (5.8568ms)
✔ CSV validates quoted multiline data and reports truncation without modifying file contents (1.3396ms)
✔ CSV empty exports cannot conceal another workspace or omit metadata (2.5839ms)
✔ CSV column whitelist, row count, formulas, currency and filename are checked before download (5.7948ms)
✔ Activity and CSV auth, access, scope and unavailable failures preserve status without replay (5.5565ms)
✔ late Activity and CSV responses cannot override caller cancellation (1.9222ms)
✔ CSV timeouts use the shared transport and never produce a downloadable result (9.5164ms)
✔ list retains only public fields, normalizes UTC dates, and uses private same-origin transport (46.8221ms)
✔ list rejects plaintext, long prefixes, invalid UTC dates, malformed identity, unknown permissions and duplicate rows (10.2042ms)
✔ secret reads require an explicit separate request and exact requested identity (2.9133ms)
✔ only the imported legacy master may have an old short public prefix or explicitly read an old secret (5.169ms)
✔ legacy master replacement uses the strict new secret format and preserves exact row identity (9.7011ms)
✔ ordinary metadata edit omits the secret and does not fetch the secret endpoint (0.9303ms)
✔ create and saved rotation confirm the exact draft but return only masked public data (8.6571ms)
✔ status changes verify the new active/revoked state and malformed success remains unknown (15.6897ms)
✔ bad paths and invalid write drafts are rejected before dispatch (0.9868ms)
✔ server failures are sanitized and a late aborted secret reply is discarded (3.5018ms)
✔ fresh drafts contain 256 random bits and normalize minimum-permission metadata (5.1947ms)
✔ wildcard replaces delegated permissions and individual choice clears wildcard (0.2651ms)
✔ invalid metadata, no permissions and invalid rotation draft fail before writing (0.6733ms)
✔ all supported locales explain draft expiry, console-only wildcard and unknown-write recovery (0.2625ms)
✔ unknown create, edit, rotation or status marker survives reload and epoch changes for only its principal (2.4079ms)
✔ storage rejection disables writes before dispatch and failure to settle keeps the marker (0.4762ms)
✔ one denied identity triggers only one console recheck across epoch changes and remounts (0.3054ms)
✔ model and provider reads use same-origin Cookie paths and preserve the tag drilldown scope (48.943ms)
✔ strict DTO projection strips surplus sensitive fields from both analytics and logs responses (2.2558ms)
✔ invalid and duplicate aggregate rows fail closed instead of showing ambiguous keys (5.8826ms)
✔ overview and logs permissions remain independent of analytics (5.8781ms)
✔ range and filter validation reject malformed or over-180-day requests (0.7582ms)
✔ CSV has exactly 28 safe columns, neutralizes formula cells, and refuses untrusted currency (1.6827ms)
✔ sort and display preserve exact tokens, null metrics and multi-failover rates (20.2957ms)
✔ missing legacy standard cost never becomes a confirmed zero total (0.3038ms)
✔ Request Logs link encodes committed model, group, range and provider identity (0.3441ms)
✔ a provider analytics denial stays bounded to principal and permission domain across rechecks (1.3323ms)
✔ provider and expanded model reads share range and tag, with only supported filters (59.5635ms)
✔ strict DTOs discard surplus private fields from main, detail and permission reads (2.4236ms)
✔ duplicate, malformed and inconsistent aggregates fail closed (5.4752ms)
✔ config and logs denial is independent from analytics read (1.5841ms)
✔ range and filters reject malformed timestamps and unsupported lengths (0.469ms)
✔ CSV has the original 28 columns, neutralizes formulas and refuses unknown currency (1.8616ms)
✔ missing legacy standard cost stays unavailable in summary, row and CSV (3.4365ms)
✔ sort uses display name fallback, null metrics and keeps source stable on ties (14.5916ms)
✔ Request Logs link uses committed provider, model, route group and range (0.3894ms)
✔ user analytics denial survives access-version recheck but does not cross principals or permissions (1.4011ms)
✔ main partial email search and selected-row exact model drilldown use distinct query contracts (59.2788ms)
✔ main, detail and permission reads project private extras away before caching (3.1476ms)
✔ canonical ISO and strict legacy SQL UTC normalize safely; invalid and ambiguous times fail closed (20.1304ms)
✔ budget null, zero and over 100 percent remain distinct; invalid aggregates reject (4.3922ms)
✔ config and logs denial never turns analytics read into an authorization failure (1.7475ms)
✔ bad range, filter and missing selected exact email reject before a request (0.3917ms)
✔ CSV retains all 16 legacy columns while neutralizing email formulas (1.9415ms)
✔ missing standard cost is not invented as a zero in summary or CSV (1.4568ms)
✔ sort handles null budget and activity without clamping over-budget values (33.6823ms)
✔ Request Logs links use the selected row email and committed UTC range (0.5404ms)
✔ admin requests use same-origin Cookie and never inherit a workspace or Bearer credential (37.5673ms)
✔ Admin API factory forwards the CSV response reader for a full-filter audit export (14.8488ms)
✔ Models factory uses the Console Cookie transport without portal workspace or inherited credential (5.9023ms)
✔ Endpoints factory preserves denied Console status without leaking response details (1.5219ms)
✔ Routes factory uses the Console Cookie transport and preserves denied status (2.0649ms)
✔ Data Policies factory uses Console Cookie transport and preserves denied status (1.6594ms)
✔ admin writes retain HTTP conflict and permission states without exposing server error text or retrying (10.9402ms)
✔ admin rejects invalid JSON and malformed successful responses without retaining response details (2.0402ms)
✔ admin rejected business success cannot become a fulfilled mutation (10.0772ms)
✔ admin ignores late successful data after cancellation even when fetch ignores AbortSignal (1.8975ms)
✔ admin times out a late response and preserves a safe error classification (22.4519ms)
✔ native resource responses preserve valid upstream JSON rather than requiring an envelope (5.3491ms)
✔ logs.read response is projected and repeated filters use the exact API contract (45.2645ms)
✔ full-filter CSV export omits list pagination and accepts only bounded CSV (11.995ms)
✔ reason directory, display config and audit rows are independently read and malformed pages fail closed (4.7012ms)
✔ audit DTO projects extras, accepts Core event/source and strict UTC (9.5514ms)
✔ all events is truly unfiltered; default shortcut excludes only usage charge (3.2158ms)
✔ snapshot presence separates no limit, a finite limit and unknown history (2.8199ms)
✔ payload and snapshot details remain text, redacted and distinguish missing from null (26.6643ms)
✔ Admin factory lists complete global ledger rows with Cookie, canonical subject and no account workspace or Bearer (43.1523ms)
✔ NFT processing status remains filterable and the returned snapshot is USD contribution, not gateway billing currency (3.9928ms)
✔ duplicate, filtered-mismatch, partial and malformed list responses never enter the query cache (6.9797ms)
✔ every queue write verifies the live Console subject and persists immediately before its single POST (2.4128ms)
✔ invalid limits and rejection eligibility perform no read, marker or write request (1.2058ms)
✔ changed subject, API-key principal, degraded verification or abort during preflight dispatches no POST (1.6094ms)
✔ storage failure immediately before dispatch prevents the POST (0.625ms)
✔ queue acknowledgments never accept processed/confirmed counts or queued values beyond the requested limit (2.593ms)
✔ network, timeout, 5xx and malformed successful submissions stay unknown and are never retried (18.1761ms)
✔ reject sends only the trimmed reason and requires an exact atomic refund acknowledgment for its target (3.0351ms)
✔ a conflict is a definite rejection, while an aborted dispatched request keeps an unknown outcome (0.9789ms)
✔ all withdrawal and NFT processing statuses have canonical safe filter URLs (1.5342ms)
✔ malformed public search or financial and credential URL inputs prevent a list request (0.395ms)
✔ TanStack duplicate public parameters and a forged invalid flag cannot erase invalid URL state (0.5879ms)
✔ local pagination preserves all returned records and does not manufacture server pagination totals (0.1981ms)
✔ only requested withdrawals without a transaction offer rejection; processing never does (0.1917ms)
✔ explorer links require a supported chain and a real transaction hash, not a storage URL or guessed chain (0.2531ms)
✔ withdrawal detail preserves amount/fee/net/token/currency/chain/timestamps and NFT detail preserves snapshots (27.2976ms)
✔ reason length follows the server Unicode character limit and rejects hidden controls (1.6887ms)
✔ every supported language has complete independent operation, queue, conflict and unknown-recovery copy (1.428ms)
✔ pending markers survive remount and epoch changes without persisting any record, financial draft or credential (7.2541ms)
✔ confirmed acknowledgment or definite rejection clears only its matching generation (1.4647ms)
✔ a list observation, another principal, another domain, or malformed marker cannot release an unknown write (0.503ms)
✔ unavailable storage, failed write/readback or failed clearing prevents new writes (0.5965ms)
✔ manual recovery requires both explicit confirmations before any network request (0.5985ms)
✔ manual review observes the current complete ledger between two live subject checks and sends no POST (40.8661ms)
✔ subject drift, malformed observation or final denied check leaves the unknown marker intact (5.1399ms)
✔ cancelled manual recovery cannot authorize release even when the observation transport ignores AbortSignal (1.4674ms)
✔ marker listeners report durable transitions and failed marking never calls a queue or refund (0.5752ms)
✔ one denied identity triggers one Console recheck across remounts until explicit successful read (1.3736ms)
✔ revoked identity memory is bounded and contains no configuration value (0.4018ms)
✔ overview strips unexpected secret fields and uses only same-origin Cookie context (36.1176ms)
✔ fixed-key non-secret writes require exact confirmed projection and do not call generic config GET (3.5953ms)
✔ mismatched write echo and malformed responses fail closed with no automatic retry (1.3004ms)
✔ webhook replace, clear, reveal and verify are per-channel and secret is never copied into parsed status (3.7503ms)
✔ invalid webhook URL and unexpected channel never reach transport, and server errors do not expose URL (1.4595ms)
✔ valid legacy and unsupported states remain visible; contradictory or incomplete responses fail closed (13.9392ms)
✔ timezone writes are exactly one validated key and never call the secret-bearing generic GET (25.6664ms)
✔ revision preconditions reject stale browser writes without replay (0.8228ms)
✔ business, HTTP, invalid response and cancellation failures retain safe status without replay (3.2305ms)
✔ a configured webhook cannot confirm an uncertain replacement without explicit exact verification (1.2374ms)
✔ safe overview can reconcile non-secret values and explicit clear without inferring a secret (0.2329ms)
✔ effective defaults do not prove a missing or invalid value was written (0.2051ms)
✔ one uncertain webhook replacement locks only that channel across remount without retaining URL (3.5102ms)
✔ recovery scope remains bounded and isolated by API identity (0.7559ms)
✔ uncertain webhook marker survives a hard reload without a URL or cross-principal leak (0.6374ms)
✔ webhook update cannot start when the tab cannot retain its marker (0.5859ms)
✔ unreadable webhook storage keeps the recovered lock and rejects a second write before overwriting its marker (1.2066ms)
✔ unconfirmed write lock survives same-identity remount and never stores input or secret (1.0583ms)
✔ scope memory remains bounded and uncertain errors require fresh read rather than write replay (0.8051ms)
✔ timezone view and full config view share the same pending write authority (1.2373ms)
✔ timezone pending bit survives full navigation in either direction without retaining value (0.3422ms)
✔ timezone write fails closed before HTTP when tab storage is unavailable (0.5571ms)
✔ unreadable timezone storage keeps the recovered lock and rejects a second write before overwriting its marker (0.2991ms)
✔ portal cache identity never grants console access while loading, changing cookies or logging out (2.1842ms)
✔ console association does not require a portal workspace or infer authorization from isAdmin/capabilities (0.3044ms)
✔ rendering rejects the prior user, subject, epoch and any unverified state before effects run (0.2028ms)
✔ scope keys cannot collide across delimiter-containing identities and revoke component state on recheck (0.2226ms)
✔ focus revalidation blocks the unchanged portal immediately, clears only admin queries, and remounts recovered access (43.8427ms)
✔ portal revalidation and console revalidation cannot restore a previous subject after the shared cookie changes (11.9179ms)
✔ console session requires an explicit portal association and never checks implicitly (9.2547ms)
✔ only an authenticated verified console grants access; API keys and popup-like claims do not (4.2755ms)
✔ malformed checks and CinaAuth degradation are indeterminate and never grant writes (1.6059ms)
✔ refresh blocks writes synchronously, consumes revocation cleanup, and permits explicit recovery (1.378ms)
✔ an established identity survives degraded verification but loses access until retry succeeds (19.1302ms)
✔ 401/403 revoke console access while transient transport failures remain retryable and sanitized (1.5662ms)
✔ concurrent refreshes share one check and unchanged identity does not invalidate it (0.6122ms)
✔ user, subject and epoch changes abort the old check and refuse late responses (7.8095ms)
✔ new authorization waits for old cleanup to finish, including overlapping identity changes (0.7531ms)
✔ a failed old-identity cleanup cannot be hidden by successful new-identity cleanup (0.7398ms)
✔ cancel settles an ignored-abort check promptly and allows a new explicit check (1.8327ms)
✔ cancellation during cleanup cannot call authCheck or regain authority when cleanup completes (0.8483ms)
✔ clear and local logout remove identity and cannot be reversed by a late verified response (1.4137ms)
✔ dispose is terminal, revokes verified access, and cannot restart through a stale provider (1.4672ms)
✔ subscription cleanup and immutable snapshots protect the caller-supplied association (0.5722ms)
✔ invalid identity input revokes a previous grant instead of preserving privileged state (0.7716ms)
✔ clear supports StrictMode setup-cleanup-setup without reusing an aborted grant (5.453ms)
✔ failed cleanup survives clear and must succeed before a reused controller can grant a new identity (6.507ms)
✔ public Cookie transport preserves the server-verified subject and never fabricates caller metadata (52.0167ms)
✔ public Cookie transport cannot grant console access for another subject or an old server without proof (1.8028ms)
✔ public transport cancellation prevents a late server response from restoring console access (2.4737ms)
✔ 403 closes dashboard across Console access-version and portal-epoch rechecks (0.9619ms)
✔ dashboard reads only same-origin safe stats and config overview using Cookie transport (92.2675ms)
✔ strict recent summary rejects upstream errors, request content and invalid UTC timestamps (10.495ms)
✔ stats or config permission denial rejects the entire dashboard (4.3765ms)
✔ unsupported billing currency blocks all cost-bearing dashboard data (3.9798ms)
✔ invalid billing currency fallback does not label cost as USD (4.0475ms)
✔ known USD fallback remains explicit when no currency row exists (1.8946ms)
✔ all dashboard message dictionaries share complete keys (0.6095ms)
✔ custom inputs are exact UTC minutes and paths use server UTC SQL boundaries (4.5603ms)
✔ invalid dates, reversed and over-180-day custom windows never reach stats (0.961ms)
✔ default custom inputs are UTC and exactly one day (0.1697ms)
✔ list includes unconfigured route targets, projects labels and sends only same-origin Cookie context (51.0419ms)
✔ legacy stored retention and long HTTPS evidence remain readable while new retention is capped (4.8803ms)
✔ audit accepts nullable historical target and projects only known version 2 snapshots (38.5117ms)
✔ PUT sends only canonical fields, does not cache blank JOIN labels, and rejects bad input before dispatch (26.1954ms)
✔ permission, missing route, conflict and service failures preserve status without leaking backend messages (53.0906ms)
✔ caller cancellation and timeouts are terminal, including late injected responses (6.6152ms)
✔ missing or partial policy read-set and fresh identity drift issue no business writes (2.3252ms)
✔ lost or semantically different ACK leaves a durable generation across refresh; safe GET never clears it (16.7375ms)
✔ listing requires an explicit writable capability while legacy reads remain available (2.8645ms)
✔ only unknown HTTP write outcomes need authority reconciliation (2.373ms)
✔ permission errors demand explicit verification and never expose server text (0.4934ms)
✔ unconfigured policy can be represented without pretending verification (1.4872ms)
✔ retention accepts zero and 36500, rejects fractional and out-of-range values (0.8203ms)
✔ evidence must use HTTPS without URL credentials (0.2491ms)
✔ verified requires evidence and a future expiry (1.3373ms)
✔ invalid local calendar time is rejected (0.2768ms)
✔ accepts a typed status and strips control characters from search (1.708ms)
✔ rejects malformed direct-link search parameters (0.2415ms)
✔ bounds long query strings (0.17ms)
✔ effective status, not stored status, controls verified filters and summary (1.9257ms)
✔ unconfigured targets remain in the list and searchable (0.2806ms)
✔ a write remains locked until both authoritative reads succeed (0.9361ms)
✔ late read cannot settle a different or unmounted identity (0.1912ms)
✔ Data Policies messages cover every locale with matching placeholders (2.5341ms)
✔ manual review checks identity before and after one uncached observation and requires both explicit confirmations (1.9753ms)
✔ observation failure, changed identity or cancellation cannot authorize an unknown unlock (0.4664ms)
✔ the actual application i18next runtime resolves shared domain messages in every locale (596.288ms)
✔ each dispatch performs two fresh identity reads, emits canonical subject and calls marker immediately before the single write (39.6641ms)
✔ missing marker, storage failure, changed subject/user association and revoked admin issue zero business writes (7.0951ms)
✔ lost, malformed, wrong ID/operation/domain acknowledgements remain unknown and never retry a mutation (8.6829ms)
✔ definitive HTTP rejections stay distinct from 5xx, invalid bodies and ignored aborts (3.8288ms)
✔ typed model policy conflicts retain the public code while private database text is removed (4.2955ms)
✔ provider native JSON uses exact response-header acknowledgement without changing upstream resource fields (4.4178ms)
✔ read subject headers remain scoped, and plain reads never dispatch or infer a write outcome (0.7966ms)
✔ markers contain only version/generation/domain/operation and cannot evict unresolved identities (10.7326ms)
✔ revalidation epoch changes do not clear locks; other domain, user or subject cannot inherit them (0.3434ms)
✔ a second writer cannot replace an unresolved generation and a stale acknowledgement cannot clear a new generation (0.7419ms)
✔ storage read/set/readback/remove/readback failures remain locked and block dispatch (0.9745ms)
✔ malformed marker is locked and cannot be manually acknowledged as another operation (0.419ms)
✔ subscribers share changes across views and cleanup leaves no stale listener (0.2658ms)
✔ a successful remove followed by failed readback restores the old marker across a reload (0.6901ms)
✔ list encodes exact filters and never forwards account scope options or credentials (63.5138ms)
✔ endpoint DTO and dropdowns whitelist fields before caching (5.8871ms)
✔ mismatched collection count, duplicate identity, filter or detail fails closed (7.5047ms)
✔ create normalizes ids and defaults draft; direct publication and unknown fields are rejected locally (23.7961ms)
✔ partial PATCH keeps absent fields absent and status-only verification is explicit (7.8241ms)
✔ full USD pricing preserves all documented decimal and discount fields (3.1018ms)
✔ audio request evidence cannot silently imply voice cloning, and image provider matches (2.8999ms)
✔ route links are individually encoded and dot segments are refused (20.3956ms)
✔ bootstrap keeps individual published, skipped and partial failure outcomes and counts (3.5589ms)
✔ 401/403/409/503 preserve status but scrub unsafe errors and never retry mutations (1.6903ms)
✔ abort before request and late cancellation cannot return another console epoch data (0.8101ms)
✔ search state rejects unsupported filters, control bytes and oversized IDs (0.4212ms)
✔ unchanged verified evidence with nullable class produces no destructive patch (7.9153ms)
✔ editing a single image enum value preserves other values and evidence (0.6842ms)
✔ create remains draft-only and field errors never publish implicitly (2.4468ms)
✔ valid audio meters and speech evidence survive an unchanged edit (2.0523ms)
✔ only a failure from the current endpoint console epoch is observed (8.1882ms)
✔ transient read failures do not classify as revocation or discard known rows (1.7102ms)
✔ endpoints unknown generation survives a new API/framework/recheck and is isolated from another identity/domain (5.695ms)
✔ endpoints unavailable storage rejects dispatch instead of falling back to an evictable memory lock (0.5383ms)
✔ all endpoint languages have the same nonempty keys and interpolation variables (5.1461ms)
✔ URL filters reach the first request exactly; explicit invalid filters never widen to a global read (4.5073ms)
✔ list projects only public columns and validated summary, canonicalizes UTC and uses same-origin no-store (34.5115ms)
✔ malformed, unbounded or secret-bearing metadata summaries fail closed before Query receives a row (8.3154ms)
✔ legacy short values or full ordinary-read secrets and unsafe public rows fail closed (9.5119ms)
✔ list rejects duplicate IDs, false totals, wrong pages, wrong owners and missing capabilities (8.3232ms)
✔ explicit edit fetch keeps raw metadata local and verifies ID and ownership (4.7817ms)
✔ unavailable metadata cannot be supplied raw; malformed raw cannot become an editable detail (2.3336ms)
✔ cancelled late detail and secret responses cannot populate local editor state (3.9792ms)
✔ existing-user creation confirms personal workspace and returns the full secret only through a validated callback (2.9497ms)
✔ external creation sends only its identity mode and confirms the resolved pair, including an existing owner email (2.7ms)
✔ PATCH carries opaque expected revision and strips raw response data; mismatched success remains unknown (4.7263ms)
✔ revision conflict is surfaced once without retry or secret-bearing backend errors (0.9458ms)
✔ tombstone uses DELETE JSON conditional identity, confirms revoked and retains public row identity (1.1942ms)
✔ metadata edits preserve unchanged bytes and distinguish explicit merge, replacement, and clear (1.1788ms)
✔ metadata rejects scalar, pollution, depth, nonfinite, excessive fields and UTF-8 over-limit input (1.5442ms)
✔ unknown write remains a non-secret principal lock across reload and epoch, independent of other subjects (2.0796ms)
✔ storage read/write/removal failure fails closed and cannot dispatch or erase a pending marker (0.4322ms)
✔ unknown outcomes retain locks while definitive client/server rejection and local validation can settle (0.2555ms)
✔ Guardrails denial is independently bounded and does not revoke Keys read/write authority (0.2838ms)
✔ Guardrail summaries strip raw configs and use same-origin Console Cookie only (50.4611ms)
✔ Guardrail version summaries bind to ID and discard config content (6.1457ms)
✔ assignments must belong to the requested guardrail and workspace (4.4867ms)
✔ status and designation send only narrowed writes and verify result identity (18.0454ms)
✔ bind verifies target and conditional unbind carries expected Guardrail ID (17.5416ms)
✔ an aborted dispatched write rejects a late legal ACK and retains its generation (3.0879ms)
✔ committed 503 write remains unknown and SDK does not replay it (1.1329ms)
✔ fresh Console and Portal association failures prevent dispatch and replay (3.0322ms)
✔ missing or mismatched bind ACK leaves the exact generation durable without replay (8.7554ms)
✔ conditional unbind is acknowledged for the exact resource even when another assignment won (2.9601ms)
✔ successful summary GET and two fresh reviews never implicitly clear a durable unknown generation (3.4609ms)
✔ known rejections are definitive; uncertain writes require explicit recovery (3.3589ms)
✔ preview refuses an unbound Console read before request dispatch (6.4215ms)
✔ Admin preview sends exact same-origin Cookie query and strips unknown config from every layer (57.934ms)
✔ only a typed HTTP 409 is a displayable conflict; server message is discarded (4.7235ms)
✔ Admin preview rejects foreign scope, invalid currency, unsafe input and sanitized HTTP failure (14.1902ms)
✔ abort remains authoritative if an injected request ignores its signal (1.6049ms)
✔ four-language Admin preview form and rich evidence render currencies, trace and planner limits (149.2422ms)
✔ Console access and navigation copy is complete and localized in all four languages (2.2198ms)
✔ route policy PATCH requires the original exact baseline before dispatch and preserves NULL/whitespace without normalizing expected bytes (41.6957ms)
✔ list uses real same-origin Cookie transport, discards private columns, and preserves multimodal LLM classification (5.9334ms)
✔ legacy missing/invalid pricing does not hide other models, and rerank/image/audio nullable limits are supported (2.0118ms)
✔ list rejects inconsistent counts, duplicate identities and impossible active route counts (3.4709ms)
✔ detail encodes the exact model id and rejects a different returned model (3.0419ms)
✔ empty model context keeps the authoritative current currency while missing metadata fails closed (2.5152ms)
✔ catalog preserves server CNY branch and summaries without inventing full pricing or supplier linkage (8.9392ms)
✔ create validates requested identity; PATCH and cascade DELETE return void and perform no supplier operations (7.9487ms)
✔ partial import validates every outcome, records actual currency, never overwrites existing rows, and strips failure text (14.1337ms)
✔ authorization, conflict and transient failures retain their status, sanitize errors and never replay a write (3.5835ms)
✔ business rejection and malformed successful JSON never become a successful write (3.2199ms)
✔ cancellation refuses late successful data even when fetch ignores AbortSignal (0.8446ms)
✔ timeout refuses an unconfirmed write without retrying or exposing response details (24.3473ms)
✔ model pricing preserves token/cache and image-token per-million values without relabeling currency (1.2325ms)
✔ per-image pricing preserves output maps, input reference pricing and uncertain-result policy (2.6517ms)
✔ audio retains second, token and character units and billing minimums without conversion (0.6265ms)
✔ legacy image blocks do not silently become per-image billing; missing or invalid profiles remain explicit (0.2585ms)
✔ catalog requires its actual billing branch even for an empty collection (3.5167ms)
✔ model list and detail require current gateway currency independent of the import branch (4.8737ms)
✔ create preserves server defaults instead of inventing context/max limits or supplier routes (14.7858ms)
✔ image/audio models preserve null token limits and all supported input/output modalities (1.6132ms)
✔ PATCH omission, zero and explicit clearing remain distinct and cannot rename model identity (1.891ms)
✔ pricing input matches server per-image canonicalization and rejects conflicting image dimensions (0.4636ms)
✔ pricing uses Core finite token/cache parsing rather than inventing a stricter legacy billing policy (0.1994ms)
✔ release dates and metadata validate exact endpoint selectors while preserving unrelated operator metadata (0.7776ms)
✔ route policy uses the exact Core capability alias normalizer and stays PATCH-only (0.7279ms)
✔ import selection requires valid nonempty identities and deduplicates without changing request order (1.0181ms)
✔ Models URL filters survive direct navigation while malformed and private fields are ignored (5.6235ms)
✔ a complete model edit deep link retains the exact identity and independent filters (1.0879ms)
✔ four model locales contain complete natural text and the same interpolation variables (4.1988ms)
✔ editing metadata preserves exact legacy, missing and invalid prices and policy until explicit replacement (11.702ms)
✔ tier editing retains finite terminal boundaries and every cache/image unit without conversions (1.274ms)
✔ blank optional prices stay omitted, explicit zero persists and the Core legacy text/cache policy is retained (0.3129ms)
✔ per-image replacement round-trips output/reference maps and zero policy in exact image units (0.9085ms)
✔ audio second, character and token profiles retain exact units, minimums and zero values (1.0875ms)
✔ clear is distinct from keep, and a new model cannot be created without prices (1.8983ms)
✔ metadata replacement validates an exact endpoint selector without dropping unrelated fields (0.9628ms)
✔ advanced profiles, PATCH-only policy, invalid dates and limits use actual server validation (2.0714ms)
✔ filters preserve source order and distinguish no routes from disabled linked routes (4.0936ms)
✔ rendered token preview keeps zero text and nonzero image prices visible without inventing a currency (22.0803ms)
✔ rendered image, second and character previews retain the actual dimensions rather than token conversions (6.55ms)
✔ pricing failure and card units are translated in all four locales without untranslated keys (6.6326ms)
✔ shorter, unrelated, checking and old identity queries cannot revoke the current model domain (5.0726ms)
✔ cancel and remove prevent a transport that ignores abort from restoring an old console cache (1.1157ms)
✔ read degradation retains the previous projection for recovery without treating 503 as identity revocation (0.8768ms)
✔ unknown writes require reconciliation while authorization, validation and resource conflicts are distinct (0.2902ms)
✔ models unknown generation survives a new API/framework/recheck and is isolated from another identity/domain (6.3388ms)
✔ models unavailable storage rejects dispatch instead of falling back to an evictable memory lock (0.4405ms)
✔ disposing before a late microphone permission stops acquired tracks and suppresses all late callbacks (39.3482ms)
✔ a file read resolving after disposal cannot send frames or restart its timer (1.3911ms)
✔ transport errors force close immediately and cannot report a second close as completion (0.383ms)
▶ requestDeclaresTools
  ✔ detects tools arrays and ignores Hello bodies (0.6309ms)
✔ requestDeclaresTools (1.469ms)
▶ observePlaygroundResponse
  ✔ returns no tags for empty raw or dashscope (1.0659ms)
  ✔ Chat SSE: body deltas, stop, and no no_tool without declared tools (1.2306ms)
  ✔ Chat SSE: incremental tool args and no_tool only when request declared tools (0.5489ms)
  ✔ Chat JSON: tool called without incremental/bulk, plus reasoning (0.3814ms)
  ✔ Responses SSE: reuses incremental verdict and body delta count (0.3734ms)
  ✔ Responses JSON: function_call is tool, Hello without tools omits no_tool (0.4039ms)
  ✔ Anthropic SSE: text deltas, thinking, incremental tool json, stop_reason (0.5925ms)
  ✔ Anthropic JSON: tool_use and MAX_TOKENS warning (0.2719ms)
  ✔ Gemini SSE: body chunks, thought part, bulk functionCall, STOP (0.6738ms)
  ✔ Gemini SSE: partialArgs fragments are incremental, not bulk (0.4268ms)
  ✔ Gemini JSON: MAX_TOKENS warning and tool without stream verdict (0.2563ms)
✔ observePlaygroundResponse (6.9213ms)
▶ playground samples
  ✔ routes every family/sample to a registered JSON body (2.6823ms)
  ✔ resolves Claude 4.7 and DeepSeek to vendor-specific ids (0.2526ms)
✔ playground samples (3.9955ms)
▶ summarizeResponsesSseEvents
  ✔ returns null for empty or Chat Completions SSE (12.089ms)
  ✔ marks incremental when several short function_call_arguments.delta events arrive (0.8664ms)
  ✔ marks bulk when arguments arrive in one delta or only on done (0.4149ms)
  ✔ marks no_tool when only text deltas are present (0.2395ms)
✔ summarizeResponsesSseEvents (30.514ms)
✔ OpenAI Responses usage in completed response is displayed from its nested envelope (1.3353ms)
✔ NDJSON usage accepts JSON lines and DashScope task payloads without pretending to be SSE (0.2639ms)
✔ NDJSON deltas retain readable text for OpenAI, Anthropic and Gemini (0.6051ms)
✔ Admin context uses no-store same-origin and a canonical Console subject; safe DTO strips unknown fields (39.7008ms)
✔ Tools preview omits uploadManifest; route preview describes files without uploading bytes (5.9971ms)
✔ multipart preserves repeated image bytes, body and operation, without data URL conversion (6.0537ms)
✔ upstream 401 is a local diagnostic result, while Console 403 is an access error and never retried (9.7083ms)
✔ pre-cancelled requests never call transport; late fetch response is cancelled without invoking callbacks (8.5702ms)
✔ headers cancellation releases stalled reader and preserves only the true partial response (1.4777ms)
✔ binary speech remains a Blob rather than a fabricated JSON success (0.7983ms)
✔ explicit routes mode wins over its default tool field; legacy tool deep link stays supported (1.4691ms)
✔ context schema strips provider secrets and accepts missing currency without inventing USD (8.1484ms)
✔ dirty comparison preserves whitespace inside user prompt strings (0.2946ms)
✔ inactive route remains executable while unsupported operations do not silently become Chat (0.8614ms)
✔ image upload validates runtime total independently of per-file size; preview allows missing images (1.4319ms)
✔ audio HTTP, async and realtime templates remain distinct; Node realtime is truthful (1.214ms)
✔ tool requests cannot upload files; all four engine families retain raw envelope behavior (0.6853ms)
✔ reasoning and body merge correctly for all four upstream protocols (0.7484ms)
✔ new run revokes old generation before transport disposal; stale completion cannot close the new run (0.6403ms)
✔ WS subject is canonical subprotocol metadata rather than URL content (1.3732ms)
✔ all four message namespaces retain identical legacy keys and i18next interpolation (1.449ms)
✔ DashScope synchronous ASR validates encoded data URL size while native OpenAI retains its binary limit (0.6273ms)
✔ legacy policy URL preserves ambiguous parameters and uses the same canonical Web filters (2.9256ms)
✔ actual legacy policy resource tree resolves all policy/recovery/preview namespaces: en (5.5427ms)
✔ actual legacy policy resource tree resolves all policy/recovery/preview namespaces: zh (0.8006ms)
✔ actual legacy policy resource tree resolves all policy/recovery/preview namespaces: ja (1.9712ms)
✔ actual legacy policy resource tree resolves all policy/recovery/preview namespaces: ko (0.6661ms)
✔ the actual Web i18next registration resolves every policy domain and preview in all four languages (552.4139ms)
✔ summary list strips legacy prompt/config and uses same-origin Cookie transport only (47.0138ms)
✔ summary list rejects wrong counts, duplicate IDs and invalid versions (9.8355ms)
✔ version summaries bind to requested preset and discard legacy version content (6.5259ms)
✔ PATCH sends only normalized metadata to the explicit summary view (12.9104ms)
✔ writes reject unconfirmed identities or versions without replaying the request (13.6381ms)
✔ designation sends one numeric version and handles a committed 503 as unknown outcome (4.275ms)
✔ each Preset write verifies the same subject and portal user immediately before dispatch (8.9206ms)
✔ bound reads carry the raw Console subject and writes reject a changed row scope (9.8407ms)
✔ a missing ACK survives new SDK/store instances and GET200 until two fresh reviews and generation CAS (5.7992ms)
✔ storage failure prevents the Preset dispatch after fresh identity checks (0.9405ms)
✔ an aborted Preset owner cannot consume a delayed legal ACK or clear its persisted generation (2.5458ms)
✔ provider list projects only masked DTO fields and has no account/workspace request scope (36.7921ms)
✔ unsafe or corrupt endpoints disable only that field while other rows and CRUD remain available (7.5824ms)
✔ ignored endpoint fields are not retained as raw JSON in a masked DTO (0.534ms)
✔ full plaintext or service-account JSON cannot enter the normal masked provider list (3.6069ms)
✔ count, duplicate identity, status and impossible route counts are checked (2.1248ms)
✔ detail validates returned identity and URL-encodes IDs without a new ownership model (1.0041ms)
✔ create uses exact supported fields and returns only the new identity (4.032ms)
✔ shared-channel create may omit provider key while ordinary create fails before a request (1.0516ms)
✔ PATCH distinguishes omitted, undefined and explicit null endpoints and blank key means unchanged (3.0067ms)
✔ explicitly entered credential URL keeps Core write semantics but is never reflected into cached DTO (1.3592ms)
✔ clone is disabled, preserves safe configuration, and requires a new credential instead of copying mask (3.3545ms)
✔ clone cannot silently clear redacted endpoints; explicit replacement or clearing is required (7.0164ms)
✔ catalog returns real index keys, four protocols and no secret columns (1.5538ms)
✔ partial import preserves all counts, managed-template skips and failure IDs with safe error text (2.0068ms)
✔ invalid import outcomes reject unknown IDs, duplicates, count mismatch and nonzero updated (7.5713ms)
✔ reveal is an explicit separate path and never enriches the normal list response (0.9897ms)
✔ DashScope keeps official JSON unchanged on send and preserves all legal response diagnostics (4.853ms)
✔ DashScope explicitly marks only credential fields or known secret echoes without dropping legitimate keys (1.2485ms)
✔ malformed native JSON fails safely and illegal request JSON never reaches the transport (1.5851ms)
✔ 401/403/409/5xx errors retain their status and never retry or retain credential echo (1.8383ms)
✔ abort is forwarded and remains authoritative before send and after an ignoring transport settles (0.8346ms)
✔ permission contract keeps reveal separate from list/read and writes (0.1081ms)
✔ browser endpoint normalization matches the real Core contract including all protocols and legacy Gemini actions (8.15ms)
✔ declared provider operations match actual server permissions, including DashScope write and distinct reveal (1.2277ms)
✔ provider deep links retain valid search and protocol filters (5.2922ms)
✔ untrusted URL values fall back without passing unexpected fields into the page (1.134ms)
✔ provider locales have complete messages and preserve interpolation variables in natural order (2.9389ms)
✔ preview and search preserve safe protocol, capability and custom target URLs (3.2482ms)
✔ unavailable and malformed endpoints cannot leak through a preview or search (0.4338ms)
✔ even a forged available state cannot expose endpoint credential values (0.5284ms)
✔ all supported protocol capability URLs survive form editing including dotted paths (2.8156ms)
✔ editing other settings preserves unavailable endpoint configuration and blank credentials (4.1355ms)
✔ explicit replacement and clearing are distinct from preserving endpoints (0.5159ms)
✔ cloning starts disabled with no copied credential or source ID and requires endpoint repair (0.6079ms)
✔ shared injection is a supported credential-free create path while empty manual keys are rejected (0.4259ms)
✔ invalid IDs, URL templates and protocols fail before write submission (0.887ms)
✔ safe filters keep malformed/redacted rows manageable and distinguish pending from disabled (19.8845ms)
✔ unrelated shorter cache keys and other console epochs cannot revoke this provider domain (10.8893ms)
✔ transient read failures preserve known masked rows for recovery and are not identity revocation (2.0828ms)
✔ authentication failure, invalid DTO and resource conflict have separate recovery semantics (0.3155ms)
✔ 403 locks each read domain once across Console epoch changes until explicit retry (0.9611ms)
✔ reliability uses only same-origin Cookie reads and validates UTC range (63.5104ms)
✔ DTO projection strips accidentally exposed request and config secrets before query cache (3.6396ms)
✔ unverified currency is hidden independently of timezone and analytics (6.1996ms)
✔ config permission failure does not invalidate independent analytics read (1.7618ms)
✔ malformed required aggregate or recent timestamp fails closed (8.5126ms)
✔ five rolling presets use fixed elapsed durations and injected now (2.5295ms)
✔ today, Monday week, and month start use the configured business zone (34.1279ms)
✔ business calendar windows reflect the 23-hour and 25-hour DST days (6.8421ms)
✔ custom datetime-local uses business zone rather than browser-local time (8.375ms)
✔ DST gaps and repeated wall times are rejected rather than shifted or guessed (16.0603ms)
✔ custom range rejects reversal, equality, malformed values and server-clamped duration (25.2185ms)
✔ unconfirmed or invalid timezone and invalid clock fail closed (0.4772ms)
✔ logs.read fetch projects extras and verifies server page without persistence headers (52.9981ms)
✔ separate catalog permissions do not gate logs.read and malformed pages fail closed (8.5575ms)
✔ catalog 403 locks stay bounded per principal and clear only on explicit retry (0.3717ms)
✔ request log DTO strips extra DB fields, accepts decimal costs and strict SQL UTC (16.1821ms)
✔ request-log deep links preserve exact filters, page and one-sided dates (2.0162ms)
✔ raw field rendering and copying share a plain-text redacted projection (2.3738ms)
✔ route, trace and multimodal usage match log semantics (9.3578ms)
✔ request target is an independently validated ID and never changes list filtering or gateway-key identity (10.5335ms)
✔ exact request GET projects raw bodies, errors, usage and fingerprint away before any page state (41.9495ms)
✔ request detail rejects wrong ownership, invalid numbers/dates and never requests invalid IDs (4.8198ms)
✔ request detail retains status-only failures and discards responses arriving after cancellation (2.2608ms)
✔ route UI has complete four-language keys and interpolation sets (4.5285ms)
✔ route groups project the real pool and surface, without merging different targets (3.5185ms)
✔ URL aliases normalize to canonical fields without contradictory or duplicate filters (0.6108ms)
✔ editing only priority does not move a target or rewrite retained pricing/custom fields (0.8985ms)
✔ existing non-topology fields stay manageable with unknown provider capability, new/clone/moves require verification (0.342ms)
✔ topology change includes exact request surface and a compatible adapter (0.5792ms)
✔ ambiguous old surface cannot be guessed during a topology edit (0.3781ms)
✔ target choices must belong to verified model and provider catalogs (0.2665ms)
✔ price schedule edit normalizes legacy multiplier while retaining other legal fields (1.6693ms)
✔ overlapping periods and invalid weekday or factor cannot be written (0.7399ms)
✔ model rule edit preserves unrelated rules and refuses malformed stored policy (0.9351ms)
✔ preflight policy errors release the write lock, while uncertain network/server outcomes retain it (1.4789ms)
✔ request operations constrain image, embeddings, rerank, ASR, TTS and text modalities (11.5143ms)
✔ capability discovery fails closed for absent/redacted config and requires the complete async lifecycle (1.5986ms)
✔ five presets preserve identity/pricing/custom fields and require both model and provider capabilities (1.4055ms)
✔ dependent choices reconcile together when model/provider modality changes (0.4215ms)
✔ unrouted models remain visible for model/kind/vendor/search but disappear for target-specific filters (20.2615ms)
✔ effective strategy applies tier→pool→operation→protocol→model→global→default precedence (0.8023ms)
✔ priority layers are descending and preserve all target operations in each layer (0.3049ms)
✔ pricing respects schedule mode/timezone and never presents malformed history as valid (22.6674ms)
✔ routes unknown generation survives a new API/framework/recheck and is isolated from another identity/domain (5.1905ms)
✔ routes unavailable storage rejects dispatch instead of falling back to an evictable memory lock (0.3827ms)
✔ route list is same-origin Cookie only, validates filters/count and projects JOIN fields (41.7886ms)
✔ detail accepts table projection without JOIN fields and rejects another route (3.1808ms)
✔ route context uses exact dual-gated metadata endpoint and preserves configured EUR/IANA timezone (37.1704ms)
✔ create carries only canonical route fields and validates new-row identity (20.8199ms)
✔ status-only update preserves partial PATCH and topology requires explicit surface (6.6446ms)
✔ pool policy, sticky summary/lookup/clear/reset use exact paths and typed outcomes (30.9318ms)
✔ 401/403 and malformed sticky responses fail closed without leaking server messages (1.3174ms)
✔ sticky refresh preference preserves legacy values but bounds forged timers (1.8127ms)
✔ summary scheduler bounds concurrency and drops queued aborts without an API call (7.5523ms)
✔ legacy bridge preserves duplicate input for Web validators instead of choosing a value (5.1604ms)
✔ old provider/group links become canonical and conflicts remain explicitly invalid (1.1782ms)
✔ valid literal all IDs and query text survive serialization while defaults are omitted (1.9719ms)
✔ consuming a Models edit link preserves filters, unrelated parameters and their duplicates (0.2517ms)
✔ trusted audit actor is a bounded display field rather than a URL identifier (36.4249ms)
✔ audit raw actor bounds preserve full Console attribution while API-key actors remain limited to 600 (5.0336ms)
✔ credential redaction cannot turn an oversized raw audit actor into accepted evidence (4.6944ms)
✔ audit reason keeps its raw 600-character and control-character bounds before redaction (0.896ms)
✔ audit reads exact key and opaque cursor, strips unrelated fields, and keeps deleted-key evidence (1.5759ms)
✔ audit binds every entry to the target and rejects duplicate, malformed and repeated pages (3.9661ms)
✔ audit never expands a bad key/cursor into an unbound read and rejects late canceled results (0.9948ms)
✔ audit preserves microseconds, exact descending boundaries and canonical key-bound next cursors (2.3345ms)
✔ bad audit order, crossed boundaries, false next rows and incomplete cursor evidence are rejected (10.3618ms)
✔ incoming audit cursor must be canonical UTF-8 JSON and bound to the exact key before dispatch (2.4751ms)
✔ audit snapshots must match the exact change mask, stable validation flag and changed profile revision (0.5339ms)
✔ earnings discovery uses bounded UTC query-only POST and strips secrets without claiming compensation (47.5444ms)
✔ review application accepts typed evidence/incomplete 409 only and never implies crediting (15.9298ms)
✔ review rejects contradictory range, scan counts, candidate IDs, money effects and malformed 2xx (12.0861ms)
✔ invalid discovery inputs dispatch nothing and late canceled review results are discarded (2.0924ms)
✔ overview honors server page-bound hasMore across separately observed count and short pages (55.4076ms)
✔ reference currency accepts any configured code and cannot label missing or invalid legacy prices (11.7442ms)
✔ applied mutations require a real lowercase UUID audit acknowledgment; malformed success stays unknown (16.0662ms)
✔ initial filters use the approved overview path; invalid explicit filters never broaden a request (1.9775ms)
✔ ordinary overview strips raw secrets, fingerprints and failures and keeps historical price currency separate (1.5613ms)
✔ bad mask, raw failure enum, money, date, capabilities or pagination cannot enter the safe list (17.1447ms)
✔ explicit detail verifies exact key, seller and channel and ignores aborted late reads (5.5548ms)
✔ priority and weight edits require real reason, confirmation and revision and never write on blur (2.4041ms)
✔ disable and restore only use reviewed safe state transitions; active is never accepted (0.9281ms)
✔ known state/history conflicts retain only safe codes, and malformed success remains unconfirmed (2.0883ms)
✔ delete carries revision and audit reason in JSON and a no-op acknowledgment never invents an audit (1.4766ms)
✔ manual governance reads uncached exact-ID evidence, acknowledges uncertainty, and never replays a write (50.1893ms)
✔ absent exact key plus safe empty audit permits only a fresh review, and never claims the old delete succeeded (4.3773ms)
✔ detail, audit, capability and malformed evidence failures cannot unlock a marker (18.2476ms)
✔ overview read denial is distinct from a revoked write capability for page cleanup (1.3153ms)
✔ subject mismatch before inspection sends no evidence request and mismatch at acknowledgment leaves persistence untouched (2.3772ms)
✔ capability loss or malformed recheck at acknowledgment retains the captured safety marker (6.2837ms)
✔ cancelled late inspection and acknowledgement cannot reveal evidence or clear persistence (2.8605ms)
✔ a newer generation cannot be cleared by old inspected evidence after reauthentication (2.148ms)
✔ review recovery discovers only the captured UTC range and never repeats the original apply request (6.4074ms)
✔ review malformed discovery, denied read, or revoked review capability cannot clear an unknown apply marker (3.4336ms)
✔ governance and review unknown results retain separate non-secret principal locks across reload and epoch (11.2107ms)
✔ unreadable or unwritable persistence forbids dispatch; removal failure preserves the marker (4.5736ms)
✔ only confirmed results or definitive rejection settle; cancelled, malformed and server failures remain unknown (0.4003ms)
✔ review and audit denials are bounded and independent from shared-key read and governance write (0.3581ms)
✔ legacy values, malformed v2 markers and inconsistent journals never become ready or silently migrate (3.5296ms)
✔ new generations supersede cleared receipts and late settlement cannot clear or rewrite them (1.9847ms)
✔ ignored initial writes cannot dispatch and a partially persisted new generation stays locked after reload (0.6704ms)
✔ remove success followed by read failure retains a durable clearing journal across reload until a fresh human review (1.2134ms)
✔ ignored clearing or terminal writes and failed removal preserve non-secret recovery evidence (4.8852ms)
✔ a persisted terminal receipt allows only a new review after successful reload reads, despite its earlier readback error (1.8334ms)
✔ cleared receipts cannot authorize a new pending generation and mismatched clearing journals are not erased (1.835ms)
✔ success followed by read faults at either pending persistence step leaves a durable fail-closed generation (1.6679ms)
✔ clearing persistence faults and ignored removal never permit ready after reload (6.3583ms)
✔ every governance and review POST reads fresh exact Console identity then sends one canonical subject header (49.4408ms)
✔ missing, unverified, other-principal and changed-subject preflight responses dispatch zero protected operations (14.5276ms)
✔ no expected subject fails locally, and cancellation during fresh auth never dispatches a late protected operation (13.2242ms)
✔ server Cookie-to-subject rejection stays a definite sanitized refusal after preflight, and preflight failures retain no raw error (10.9837ms)
✔ directory uses legal 100-row paging and exact email query without any secret (34.2648ms)
✔ directory rejects inconsistent server page and duplicate immutable IDs (7.6641ms)
✔ secret verification fresh-checks exact subject and sends one canonical header, with only the immutable ID in URL (4.3115ms)
✔ masked, redacted and malformed secrets never produce a request (2.259ms)
✔ changed or non-Console subject fails before the secret verification POST (4.2349ms)
✔ matching secret still requires exact returned id, owner, workspace and verified flag (4.1046ms)
✔ untrusted error bodies cannot retain an echoed secret in the thrown error (1.5573ms)
✔ abort after fresh identity prevents disclosure to the verification endpoint (1.1779ms)
✔ safe context validates array modalities and surfaces and strips unexpected provider credentials/config (10.2968ms)
✔ active public surfaces bound protocols, operation buttons and matching candidate routes by group (1.6577ms)
✔ legacy empty public surfaces retain a consistent upstream-protocol fallback (0.4206ms)
✔ OpenAI Chat/Responses and Anthropic requests overwrite selected routing model; Gemini changes path and SSE query (0.8963ms)
✔ image edits and transcription uploads produce multipart with real files and no synthetic Content-Type (27.9047ms)
✔ DashScope multimodal ASR uses HTTP while each realtime lifecycle uses an authenticated WS path (1.3519ms)
✔ all four tools use their registered true Proxy endpoint and template with no model override (0.6309ms)
✔ request-body edits survive LLM model/group/Gemini URL changes, while wire-format changes reset templates (0.163ms)
✔ safe audio operation preserves Core speech/transcription profile fallbacks without exposing pricing profiles (0.8493ms)
✔ Proxy URLs reject credential-bearing URLs, query/fragment and unsupported schemes for both HTTP and WS builders (1.078ms)
✔ response reasoning/body/usage and log links derive from the actual immutable send snapshot (1.4353ms)
✔ image previews cannot activate javascript/SVG or credential-bearing URLs (0.2629ms)
✔ deep links reject secret/hash material and invalid protocol while accepting immutable safe selection (2.3589ms)
✔ all four language resources contain the same full key tree and every static Screen copy key exists (14.4308ms)
✔ HTTP goes directly to Proxy without cookies, follows no redirects, makes no retry and preserves SSE (39.0763ms)
✔ budget errors remain Proxy business errors without session invalidation or retries (1.1977ms)
✔ network or redirect rejection produces an unknown billed outcome and no retry (0.2203ms)
✔ a Proxy error inside an HTTP 200 SSE stream is a failed request with its raw error preserved (0.5625ms)
✔ Stop immediately cancels the reader and releases a pending read without late progress (2.8923ms)
✔ an echoed secret split across stream chunks never reaches published progress or result (1.5136ms)
✔ successful speech is preserved as audio bytes instead of being decoded as text (1.6553ms)
✔ rejected WebSocket handshake cannot invent an HTTP 101 (1.4016ms)
✔ only actual WebSocket open publishes 101 and every late callback is ignored after Stop (1ms)
✔ run ownership rejects old generations and disposes all resources even if one cleanup throws (0.6577ms)
✔ tool DTO projects private request-log extras, normalizes decimals/SQL UTC and rejects invalid costs (18.7621ms)
✔ tool API enforces page/filter identity and config.read failure cannot block logs.read (26.5118ms)
✔ UTC today fallback is a calendar day and not a rolling 24 hours (58.8983ms)
✔ all tools and one tool issue mutually exclusive request-log filters and preserve deep-link time/status (1.0976ms)
✔ query falls back to URL and engine avoids legacy tool model name (1.113ms)
✔ results and AI detection score/segments remain available without inventing a result count (0.421ms)
✔ raw text/copy fallback redacts secrets; only http(s) result URLs open (1.7917ms)
✔ hidden currency never leaks profit sign through tone or row color (0.3011ms)
✔ ordinary overview/detail/audit do not fetch or return credential secrets (64.3589ms)
✔ save binds fresh exact Console identity twice, current capabilities and encoded header (66.4542ms)
✔ subject mismatch, Bearer or degraded identity dispatch zero Tools writes (30.9638ms)
✔ current capability revocation and malformed exact target reject before POST (5.8148ms)
✔ cancelled preflight ignores late auth and never posts (0.9383ms)
✔ save malformed mutation UUID and contradictory outcome stay unknown; 409 does not retry (9.4229ms)
✔ reveal is explicit audited POST, local bounded payload and exact family/field/version (8.2272ms)
✔ server error messages containing secrets are discarded, including business 2xx unknown (0.7867ms)
✔ reveal capability is independent of configuration write capability (1.8425ms)
✔ raw reveal payload enforces the server UTF16 limit and malformed success remains unknown (9.0288ms)
✔ server subject mismatch rejects the Cookie race without reflecting a subject or retrying (2.6994ms)
✔ all four families and ten engines project only safe ordinary state (35.7253ms)
✔ legacy/missing/default and invalid currency do not pretend foreign prices are USD (3.0724ms)
✔ family/provider and required credential sets are bound, not free text (6.1245ms)
✔ opaque version is canonical fixed metadata only and belongs to the exact family (5.247ms)
✔ price/loss projection and billing units reject unsafe numeric wire data (4.4033ms)
✔ editor preserves keep, requires explicit set/clear, audit reason and loss acknowledgement (9.6261ms)
✔ Tencent editing keeps unavailable setting values without replacing them (1.0132ms)
✔ reason counts code points while credential updates retain their exact UTF16 bound (3.8091ms)
✔ audit raw actor kind bounds apply before redaction and count Unicode code points (13.6723ms)
✔ audit exact family cursor, one-microsecond descending order and last tuple are enforced (1.9032ms)
✔ manual evidence reads exact provider and family audit then a human ack permits only new review (122.0744ms)
✔ 401/403 capability read, false capability, malformed overview or wrong family audit never unlock (16.4925ms)
✔ permission or subject loss during final acknowledgement retains generation (23.4699ms)
✔ cancel late detail or ack auth cannot revive evidence, read audit or clear pending (15.3529ms)
✔ captured generation cannot clear a marker changed while reading current evidence (4.0488ms)
✔ journal contains only bounded metadata and persists across hard reload per exact subject (8.4137ms)
✔ legacy, malformed, mismatched journal and unavailable storage fail closed (1.9586ms)
✔ ignored writes never permit dispatch; a retained journal remains locked across reload (0.5693ms)
✔ terminal receipt may allow new review after reload only when both pending markers are empty (0.7809ms)
✔ remove succeeded then read throws leaves durable clearing marker for reload and manual reread (1.2666ms)
✔ ignored clearing or terminal receipt retains unknown across reload (0.5922ms)
✔ old generation settle cannot clear a newer request or replay an old operation (0.7321ms)
✔ successful real SDK review observes between two fresh identity checks and needs explicit generation acknowledgement (51.093ms)
✔ held observation response leaves the generation locked and blocks another dispatch (5.7325ms)
✔ cancelling held observation rejects even when fetch ignores AbortSignal and retains the generation (7.5068ms)
✔ held second fresh response leaves the generation locked and blocks another dispatch (6.1455ms)
✔ cancelling held second fresh rejects even when fetch ignores AbortSignal and retains the generation (3.8567ms)
✔ fresh check 1 /api/auth/check HTTP 401 cannot authorize clearing or replay (0.9582ms)
✔ fresh check 1 /api/auth/check HTTP 403 cannot authorize clearing or replay (0.8493ms)
✔ fresh check 1 /api/user/me HTTP 401 cannot authorize clearing or replay (0.8165ms)
✔ fresh check 1 /api/user/me HTTP 403 cannot authorize clearing or replay (0.7933ms)
✔ fresh check 1 rejects subject drift and retains the original generation (0.6804ms)
✔ fresh check 1 rejects user drift and retains the original generation (1.4229ms)
✔ fresh check 2 /api/auth/check HTTP 401 cannot authorize clearing or replay (3.0803ms)
✔ fresh check 2 /api/auth/check HTTP 403 cannot authorize clearing or replay (2.3179ms)
✔ fresh check 2 /api/user/me HTTP 401 cannot authorize clearing or replay (7.3311ms)
✔ fresh check 2 /api/user/me HTTP 403 cannot authorize clearing or replay (5.7332ms)
✔ fresh check 2 rejects subject drift and retains the original generation (1.3918ms)
✔ fresh check 2 rejects user drift and retains the original generation (1.5489ms)
✔ uncached observation 503 stops before the second fresh check without clearing or replay (1.3557ms)
✔ uncached observation invalid JSON stops before the second fresh check without clearing or replay (1.3447ms)
✔ uncached observation malformed DTO stops before the second fresh check without clearing or replay (6.1608ms)
✔ a new identity cannot acknowledge another identity generation after a successful review (1.3376ms)
✔ a concurrent new generation during the second fresh check survives stale manual acknowledgement (1.2891ms)
✔ detail and PATCH project only whitelisted data and validate stable ID across external-identity edits (33.8196ms)
✔ transition preview projects accounting snapshot and apply pins reviewed reset time and epoch (4.265ms)
✔ transition apply rejects a mismatched confirmation before retaining a user (1.2339ms)
✔ user, keys, logs, and audits reject cross-user rows before state retention (23.237ms)
✔ key list never retains a full secret, while POST delivers a one-time secret outside Query cache (3.4223ms)
✔ safe overview is independent from user access, rejects unverifiable currency, and strips private config (28.6696ms)
✔ recent pages and model directory retain only projected rows and the exact five-row scope (6.2223ms)
✔ ordinary user key API discards raw metadata before its response can enter Query (1.3302ms)
✔ explicit editor GET returns precise raw JSON uncached and validates key, user and workspace ownership (4.9292ms)
✔ cancelled editor detail and cancelled creation never deliver a late raw value or secret (1.8864ms)
✔ key editor PATCH passes reviewed revision, preserves merge versus replacement, and returns no raw mutation data (5.5793ms)
✔ editor PATCH rejects conflicting ownership, stale revision and invalid tokens without retry (2.4278ms)
✔ unavailable editor metadata permits name-only editing and cannot generate a merge or replacement (3.4233ms)
✔ request history deep link uses immutable user ID across email changes (2.4834ms)
✔ UUID and encoded ext route IDs resolve the same user; malformed IDs fail closed (0.9197ms)
✔ profile-only patch never sends a budget field or resets spending (0.518ms)
✔ budget patch preserves explicit null, zero, and reset intent (0.4494ms)
✔ invalid datetime and factors are rejected; factors do not alter budget (0.6563ms)
✔ legacy key rows retain only a masked key and metadata count, never raw names or values (9.118ms)
✔ server summaries discard legacy raw fields and accept an unavailable metadata row without failing the list (1.288ms)
✔ unsafe, malformed and oversized legacy JSON become unavailable summaries without retaining the value (2.8723ms)
✔ malformed or secret-bearing summaries are rejected before Query state (5.3735ms)
✔ key rows require immutable ownership and reject invalid timestamps before retention (1.2365ms)
✔ a key POST marker survives refresh, isolates principal/user, and contains no secret (3.9363ms)
✔ storage failure prevents POST, and independent permission domains stay bounded (0.8208ms)
✔ denials and uncertain key POST survive portal scope-version revalidation (0.2203ms)
✔ transition input preserves UTC target and explicit accounting policy (2.6979ms)
✔ transition input rejects invalid money and calendar dates (0.6029ms)
✔ uncertain budget transition survives reload and isolates principal and user (1.1366ms)
✔ unavailable persistence prevents a transition marker from being skipped (0.3422ms)
✔ list denial revalidates once across remounts; write denial leaves read access independent (2.2298ms)
✔ list reads only same-origin Console API, strips other user columns, and checks page identity (34.3961ms)
✔ URL filters and sort stay inside the server whitelist (1.0944ms)
✔ list errors never become empty results and mismatched or unsafe rows fail closed (3.8039ms)
✔ currency read keeps only the safe projection and distinguishes server fallback from failure (3.6638ms)
✔ create uses a narrow POST body and never adds account workspace or integration credentials (3.021ms)
✔ unknown POST is never replayed or unlocked by a successful unrelated disabled list (1.6251ms)
✔ create validates external pair, money precision and JSON before sending (12.4094ms)
✔ unknown creation remains locked through a new page controller and portal epoch (1.562ms)
✔ an unrelated filtered or paginated list cannot resolve an unknown POST (0.8896ms)
✔ a definitive POST rejection can release its own marker (0.2254ms)
✔ storage read and write failures fail closed before dispatch (0.5079ms)
✔ failed marker removal retains the lock after a successful but unconfirmed response (0.2666ms)
✔ effective Guardrail conflicts keep validated diagnostic scope without bypassing Cookie transport (52.3123ms)
✔ effective Guardrail diagnostics reject another user, malformed trace and wrong context (5.2721ms)
✔ ordinary Guardrail failures and workspace conflicts never become successful diagnostics (5.7977ms)
✔ Presets use the shared transport and validate ownership even for empty collections (4.8242ms)
✔ withdrawal recovery codes remain allowlisted without retaining arbitrary error payloads (1.4494ms)
✔ Wallet uses same-origin no-store transport and rejects mismatched owner or workspace (5.1982ms)
✔ Wallet challenge and signature failures preserve recovery status without retaining echoed secrets (6.6888ms)
✔ Wallet challenge validates the actual signing origin, owner and address before returning a message (11.0584ms)
✔ Withdrawals quote and create preserve USD major amounts, fingerprint and scoped transport (15.0769ms)
✔ Withdrawals validate empty-page identity and never retry an unconfirmed dispatch (10.3212ms)
✔ browser identity requests are same-origin, no-store and omit the legacy identity header (1.464ms)
✔ HTTP 200 business failures reject instead of populating a query as successful (1.0122ms)
✔ unauthorized and unavailable responses remain distinguishable (0.8755ms)
✔ a malformed identity cannot be trusted as a successful session (0.5724ms)
✔ workspace context requires current workspace to be authorized (2.2311ms)
✔ workspace selection uses PUT and the exact workspace_id contract (0.8488ms)
✔ a full credential in the masked listing endpoint fails closed (2.2323ms)
✔ created secret is returned once and rejected if it belongs to another workspace (1.0877ms)
✔ cancellation is respected even when the transport completes after abort (0.6697ms)
✔ timeouts are distinct from logout-worthy authentication failures (11.5472ms)
✔ logout revokes every browser session via the unified endpoint (1.001ms)
✔ cache keys isolate users and workspaces without delimiter collisions (0.3559ms)
✔ key budget currency comes from the server instead of a frontend default (1.3361ms)
✔ missing or malformed budget currency never silently defaults to USD (2.3161ms)
✔ gateway listings retain administratively disabled and custom inactive statuses (3.0574ms)
✔ a migration-era unavailable key preview remains a safe masked listing (0.5533ms)
✔ created credential matches the current generator and never accepts masked or shortened data (1.4504ms)
✔ create payloads match server finite safe micro-unit budgets and canonical future UTC expiry (1.7488ms)
✔ gateway reads, creation and revocation send the encoded workspace precondition (1.4555ms)
✔ empty gateway lists cannot conceal a different selected workspace (0.8451ms)
✔ scoped gateway lists require server workspace metadata even when empty (0.7778ms)
✔ server workspace conflicts use a distinct recoverable error without retrying writes (0.4282ms)
✔ management listing matches the account-wide contract and includes revocation tombstones (2.1521ms)
✔ management list cannot accept a plaintext label or mismatched account shape (1.2224ms)
✔ management response account identity is checked against the requested context (1.2542ms)
✔ management creation reads the once-only top-level secret and revocation is scoped (1.9409ms)
✔ management creation rejects missing, malformed and gateway-purpose credentials (2.4524ms)
✔ management input validation rejects unsupported names and expiries before issuing writes (0.8255ms)
✔ the pure popup contract imports without reading browser or network globals (7.2395ms)
✔ reservation opens synchronously and freezes a copy before lazy runtime can load (1.7807ms)
✔ invalid callback is rejected before opening or navigating a window (1.2968ms)
✔ blocked reservation immediately uses ordinary full-page auth with registration and destination (0.463ms)
✔ reservation validation enforces exact deadline, timestamps, UUID and target metadata (0.4018ms)
✔ release is idempotent and removes only its correlation key without reading closed (0.4451ms)
✔ release tolerates detached handles and unavailable storage (0.4503ms)
✔ popup results project only safe correlation fields and reject old or malformed completion (0.2883ms)
✔ popup start path follows the existing CinaAuth callback contract (1.6189ms)
✔ full page fallback omits popup transaction parameters (0.2292ms)
✔ authentication callbacks cannot redirect out of the application (0.3633ms)
✔ popup result must match the pending request and exact server schema (0.959ms)
✔ cross-tab session events contain no identity or credential proof (0.2011ms)
✔ one active popup accepts a matching completion only after server revalidation (1.7005ms)
✔ adoption preserves the pre-opened window and original destination without a second open (0.5171ms)
✔ message requires both exact application origin and the pending popup source (0.6479ms)
✔ COOP storage and channel signals coalesce into one server verification and detach cleans listeners (29.7206ms)
✔ adoption rejects a reservation that expired while the lazy module loaded (1.3128ms)
✔ a completion at the absolute deadline cannot verify before the next timer poll (0.9991ms)
✔ timeout aborts pending verification and late success cannot clear the timeout error (0.798ms)
✔ invalid reservation metadata is released before any auth navigation (0.7334ms)
✔ repeat adoption preserves the active transaction and releases a second reserved window (0.5477ms)
✔ cancelled reservation cannot be adopted again and old completion cannot affect the next attempt (0.5286ms)
✔ cancellation from a pending-state subscriber prevents subsequent auth navigation (0.51ms)
✔ late verification from a cancelled transaction cannot cancel a new pending transaction (0.4373ms)
✔ a successful popup message cannot override rejected server identity (0.4552ms)
✔ callback failure publishes one complete error before subscribers dispose (0.4248ms)
✔ identity failure publishes one complete error before subscribers dispose (0.2736ms)
✔ admin failure publishes one complete error before subscribers dispose (0.2653ms)
✔ cancelling an attempt aborts verification and ignores its late completion (0.3636ms)
✔ BYOK browser methods use exact verbs, Cookie scope and masked outputs including creation (50.3573ms)
✔ server public projection is accepted without importing runtime credentials (2.9167ms)
✔ provider filtering and nonzero pagination preserve the server total (1.0731ms)
✔ empty pages beyond the end remain valid but cannot conceal another workspace (1.6921ms)
✔ pagination metadata, provider identity and individual rows all fail closed (5.593ms)
✔ invalid pagination and unsupported providers are rejected before network requests (2.8989ms)
✔ identity or workspace substitution is rejected in detail, create and PATCH (14.7957ms)
✔ an unexpected plaintext field or unmasked label is never returned to a query (8.8662ms)
✔ write inputs preserve credential bytes and match server name and allowlist normalization (3.7199ms)
✔ credential limits count UTF-8 bytes rather than characters (0.6734ms)
✔ JSON escaping cannot bypass the aggregate request byte limit (2.2852ms)
✔ unsupported money, expiry and writable identity fields cannot cross the BYOK contract (8.9031ms)
✔ allowlists retain null versus empty semantics and enforce account key hash format (7.8592ms)
✔ shared-capacity policies match backend prioritized/fallback rules (0.9128ms)
✔ complete ordering sends disabled entries and verifies exact ordered acknowledgment (4.1762ms)
✔ ordering rejects missing/duplicate IDs, partial structure and fallback before prioritized entries (1.4526ms)
✔ mismatched ordering acknowledgments cannot report success (2.3789ms)
✔ workspace conflict and changed provider group remain distinguishable without replay (1.4715ms)
✔ 403 permissions, 400 validation, 404 missing and 413 body limits preserve status (2.1541ms)
✔ cancellation remains authoritative for a BYOK write with a late response (0.7011ms)
✔ delete requires server deletion confirmation and never reveals upstream credentials (0.9672ms)
✔ Retry-After accepts bounded seconds and exact HTTP dates without reflecting arbitrary text (4.6778ms)
✔ chat uses only inference Bearer on the fixed BFF and streams arbitrary UTF-8 boundaries (52.9033ms)
✔ EOF without DONE preserves partial text but rejects a broken stream (1.5409ms)
✔ untrusted stream errors never echo credentials or become assistant text (0.6161ms)
✔ valid partial replies survive an error independently of network chunk boundaries (1.2257ms)
✔ HTTP inference errors retain status and bounded Retry-After without reading secret-echoing bodies (2.2523ms)
✔ a non-stream JSON completion is supported, while HTML and empty assistant responses are rejected (2.394ms)
✔ timeout settles ignored fetch abort promptly and never retries a write (8.7365ms)
✔ stop settles a hanging reader promptly and does not publish late data (6.1847ms)
✔ invalid key and request boundaries fail before network (0.432ms)
✔ local history projection saves text/model only and drops API keys, image URLs and empty assistants (0.9839ms)
✔ image limits apply to the complete conversation and payload signatures are validated (0.2721ms)
✔ summary and page retain six-decimal major amounts and distinguish request billing currency (85.3742ms)
✔ missing summary remains explicit unavailable and inconsistent availability is rejected (1.4251ms)
✔ wrong top-level seller is rejected even for empty or missing data (2.7326ms)
✔ row ownership cannot be inferred from organization workspace access (3.2285ms)
✔ empty pages still verify workspace metadata and use the Cookie transport (4.5371ms)
✔ all malformed financial values and unexpected private fields fail the public schema (1.1675ms)
✔ page identity, totals, duplicates and local pagination bounds are checked (6.9761ms)
✔ each historical earning keeps its own currency without relabeling the USD projection (1.0165ms)
✔ pagination uses the requested offset and encoded workspace precondition without changing seller ownership (1.9193ms)
✔ public transport reports 401, 403, 400 and server failures without retrying or treating resource conflicts as workspace changes (9.3786ms)
✔ business rejection, missing scope metadata, invalid JSON and network failures remain explicit errors (3.0324ms)
✔ cancelled earnings responses cannot restore data even when the injected transport finishes late (1.1132ms)
✔ timeout remains authoritative when a response arrives after the deadline (26.134ms)
✔ empty Guardrail list verifies account context and uses same-origin Cookie transport (44.2732ms)
✔ account default may originate in another workspace and owner but cannot grant write authority (9.6314ms)
✔ foreign regular rows, duplicated identities and invalid lifecycle permissions fail closed (3.9522ms)
✔ empty versions and bindings require the requested identity and top context (4.6785ms)
✔ managed bindings retain provenance and reject unauthorized unbinding permissions (4.1467ms)
✔ create and version writes carry only policy fields and preserve explicit empty allowlists (5.7603ms)
✔ bindings replace only the current user or explicit owned key scope and preserve target identity (5.7533ms)
✔ lifecycle and designation reject invalid versions and validate response context (5.3095ms)
✔ typed effective preview separates USD pricing from configured budget currency and preserves unknown evidence (19.8342ms)
✔ only exact effective conflict is parsed as diagnostic, with validated trace and account scope (7.1144ms)
✔ workspace conflict, 401/403 and ordinary preview errors never become empty success (4.9861ms)
✔ verified effective conflict leaves authorized repair requests available with the same Cookie context (10.7717ms)
✔ failed mutation is sent once and cancellation rejects a late successful response (1.6233ms)
✔ policy schema covers seven deterministic filters and rejects unsupported, duplicate and unsafe financial shapes (3.3193ms)
✔ Console login can finish with verified identity when the unrelated workspace is unavailable (0.8474ms)
✔ Console login cannot finish after an identity change, identity loss or unfinished session operation (0.2223ms)
✔ NFT eligibility carries exact personal owner, workspace, net USD and decimal contribution (35.7165ms)
✔ empty tier/history pages cannot silently change asset owner or workspace (6.9876ms)
✔ foreign user history, duplicate rows and duplicate tiers are rejected (11.8486ms)
✔ mint submission sends only selected numeric tier with scope/cancellation, never wallet or user selectors (1.919ms)
✔ invalid tier inputs fail before transport and a different returned owner/tier fails verification (5.1265ms)
✔ accepted mint with no immediate ledger row remains an accepted request, never a fake confirmed record (0.6121ms)
✔ public transport preserves 401/403/duplicate 409 and distinguishes workspace 409 without replaying a mint (3.2827ms)
✔ public transport cancellation rejects a late mint reply and never replays the write (1.3233ms)
✔ chain, wallet, availability, eligibility and existing failed/active history all prevent duplicate requests (0.5748ms)
✔ only active chain states request polling; terminal states stop (0.302ms)
✔ transaction URLs require the supported chain and a validated hash (0.3517ms)
✔ unavailable ledger is explicit and money/unknown statuses do not silently coerce (1.1581ms)
✔ public Presets transport sends cookie-only no-store requests with the encoded workspace precondition (45.7147ms)
✔ empty collections and histories validate both owner and workspace independently of row membership (5.7483ms)
✔ foreign rows, duplicate IDs/slugs, unsafe configuration and duplicate versions never enter validated data (10.3412ms)
✔ saving preserves prompt bytes and advanced configuration and confirms the new version is immediately active (6.7304ms)
✔ metadata and historic designation use actual PATCH/POST semantics; DELETE archives without a response DTO (4.4816ms)
✔ invalid scope and input fail before network writes (1.8525ms)
✔ unconfirmed writes preserve typed status and safe conflict code while discarding echoed private configuration (8.236ms)
✔ all Presets read/write paths honor request cancellation (5.3119ms)
✔ a complete app body keeps byte order and releases the owned reader once (28.4834ms)
✔ cancellation releases the reader and request immediately even when upstream cancel is pending (0.9186ms)
✔ cancel during a pending app read prevents a late pull from emitting a suffix or finishing twice (10.3167ms)
✔ an app read failure preserves the error and releases request resources (1.6554ms)
✔ a rejecting source cancel still releases its reader and request exactly once (0.5185ms)
✔ public namespaces, fixed locales, stable redirects and private fallback are explicit (3.6372ms)
✔ SEO origin rejects request-origin guessing, credentials, paths, query and unsafe schemes (0.7702ms)
✔ browser assets are exact same-origin paths; missing CSS or hostile script fails closed (1.6588ms)
✔ per-response CSP, private robots and XML escaping do not trust user text (41.076ms)
✔ Worker catalog transport uses manual redirects and reconstructs an anonymous GET (31.5344ms)
✔ catalog redirect 301 is rejected without private headers or body reaching public SSR (1427.6067ms)
✔ catalog redirect 302 is rejected without private headers or body reaching public SSR (203.6896ms)
✔ catalog redirect 303 is rejected without private headers or body reaching public SSR (158.3889ms)
✔ catalog redirect 307 is rejected without private headers or body reaching public SSR (157.7275ms)
✔ catalog redirect 308 is rejected without private headers or body reaching public SSR (153.2546ms)
✔ full document HTTP contract en/ preserves one snapshot and safe SEO (79.9335ms)
✔ full document HTTP contract en/models?q=HTTP preserves one snapshot and safe SEO (47.2904ms)
✔ full document HTTP contract en/models/Vendor/http-fixture preserves one snapshot and safe SEO (46.2428ms)
✔ full document HTTP contract en/providers preserves one snapshot and safe SEO (38.6424ms)
✔ full document HTTP contract en/compare?models=vendor%2Fhttp-fixture preserves one snapshot and safe SEO (51.0533ms)
✔ full document HTTP contract en/chat?model=vendor%2Fhttp-fixture preserves one snapshot and safe SEO (1874.6265ms)
✔ full document HTTP contract en/rankings?range=30d preserves one snapshot and safe SEO (24.7578ms)
✔ full document HTTP contract en/benchmarks?range=90d preserves one snapshot and safe SEO (52.0033ms)
✔ full document HTTP contract zh/ preserves one snapshot and safe SEO (30.9679ms)
✔ full document HTTP contract zh/models?q=HTTP preserves one snapshot and safe SEO (29.6848ms)
✔ full document HTTP contract zh/models/Vendor/http-fixture preserves one snapshot and safe SEO (25.209ms)
✔ full document HTTP contract zh/providers preserves one snapshot and safe SEO (27.4657ms)
✔ full document HTTP contract zh/compare?models=vendor%2Fhttp-fixture preserves one snapshot and safe SEO (17.2268ms)
✔ full document HTTP contract zh/chat?model=vendor%2Fhttp-fixture preserves one snapshot and safe SEO (17.97ms)
✔ full document HTTP contract zh/rankings?range=30d preserves one snapshot and safe SEO (25.2493ms)
✔ full document HTTP contract zh/benchmarks?range=90d preserves one snapshot and safe SEO (25.5367ms)
✔ full document HTTP contract ja/ preserves one snapshot and safe SEO (25.9715ms)
✔ full document HTTP contract ja/models?q=HTTP preserves one snapshot and safe SEO (26.3855ms)
✔ full document HTTP contract ja/models/Vendor/http-fixture preserves one snapshot and safe SEO (24.2149ms)
✔ full document HTTP contract ja/providers preserves one snapshot and safe SEO (37.0936ms)
✔ full document HTTP contract ja/compare?models=vendor%2Fhttp-fixture preserves one snapshot and safe SEO (21.8579ms)
✔ full document HTTP contract ja/chat?model=vendor%2Fhttp-fixture preserves one snapshot and safe SEO (16.5274ms)
✔ full document HTTP contract ja/rankings?range=30d preserves one snapshot and safe SEO (20.8673ms)
✔ full document HTTP contract ja/benchmarks?range=90d preserves one snapshot and safe SEO (39.5484ms)
✔ full document HTTP contract ko/ preserves one snapshot and safe SEO (35.5224ms)
✔ full document HTTP contract ko/models?q=HTTP preserves one snapshot and safe SEO (26.8309ms)
✔ full document HTTP contract ko/models/Vendor/http-fixture preserves one snapshot and safe SEO (24.7381ms)
✔ full document HTTP contract ko/providers preserves one snapshot and safe SEO (25.8101ms)
✔ full document HTTP contract ko/compare?models=vendor%2Fhttp-fixture preserves one snapshot and safe SEO (26.75ms)
✔ full document HTTP contract ko/chat?model=vendor%2Fhttp-fixture preserves one snapshot and safe SEO (20.8446ms)
✔ full document HTTP contract ko/rankings?range=30d preserves one snapshot and safe SEO (29.7533ms)
✔ full document HTTP contract ko/benchmarks?range=90d preserves one snapshot and safe SEO (23.0818ms)
✔ document composition preserves the exact app-root useId tree required by hydration (51.956ms)
✔ only genuine detail 404 is missing; invalid DTO, upstream failure and network failure stay 503/noindex/no-store (131.942ms)
✔ bare paths redirect with query, malformed public paths return true 404, and HEAD retains status without body (84.415ms)
✔ robots and sitemap use trusted origin and four-language model URLs; failed sitemap never fabricates empty success (3.2569ms)
✔ untrusted origin or malformed browser shell fails before any upstream read (1.3218ms)
✔ aborted asset wait rejects and actually cancels a late response body (21.6187ms)
✔ stalled asset body releases its lock and aborts even when source cancel never settles (6.3932ms)
✔ browser shell enforces bytes and fatal UTF-8 while cancelling rejected bodies (1.2926ms)
✔ SSR construction does no I/O; the click reserves once before loading and listener precedes adoption (10.0517ms)
✔ a blocked reservation does not load private runtime or create cleanup resources (0.3001ms)
✔ cancelling during lazy loading releases the reserved window and ignores the late module (2.7394ms)
✔ synchronous cancellation when loading is published never starts the lazy runtime (0.9004ms)
✔ an expired lazy load shows a safe retry error and retry uses a distinct transaction (0.7643ms)
✔ load rejection closes the blank popup, restores focus and does not expose exception text (0.5818ms)
✔ dismissing an authentication error restores its opener and discards the failed retry target (0.6049ms)
✔ cancel during verification ignores stale success and cleans the active runtime once (1.7117ms)
✔ logout during verification ignores stale success and cleans the active runtime once (0.609ms)
✔ dispose during verification ignores stale success and cleans the active runtime once (0.6518ms)
✔ server rejection finishes the attempt; its late success cannot override a new retry (0.6608ms)
✔ verified completion after its absolute deadline is never notified or navigated (0.5195ms)
✔ real popup, runtime and coordinator retain callback failure and allow a fresh verified retry (61.6784ms)
✔ real popup, runtime and coordinator retain me401 failure and allow a fresh verified retry (4.8903ms)
✔ real popup, runtime and coordinator retain admin failure and allow a fresh verified retry (4.7831ms)
✔ real popup, runtime and coordinator retain degraded failure and allow a fresh verified retry (8.5918ms)
✔ real popup, runtime and coordinator retain timeout failure and allow a fresh verified retry (5.8575ms)
✔ portal completion uses the real strict Cookie SDK and never needs an Admin check or workspace read (44.3083ms)
✔ Admin completion requires an independently verified console with the same exact identity (6.2421ms)
✔ Admin unauthenticated result never authorizes completion (1.6802ms)
✔ Admin degraded result never authorizes completion (2.5288ms)
✔ Admin rejected result never authorizes completion (1.5744ms)
✔ Admin non-console result never authorizes completion (1.2743ms)
✔ Admin different subject result never authorizes completion (0.8956ms)
✔ Admin missing subject result never authorizes completion (0.7836ms)
✔ a fake completion cannot bypass real me HTTP 401 (0.6992ms)
✔ a fake completion cannot bypass real me HTTP 403 (0.5127ms)
✔ a fake completion cannot bypass real me HTTP 500 (0.374ms)
✔ a fake completion cannot bypass real me HTTP 503 (0.4633ms)
✔ malformed HTTP200 me data and malformed Admin verification remain failures (1.4798ms)
✔ already cancelled verification performs no Cookie request (0.3626ms)
✔ late me resolution after cancellation cannot proceed to the Admin check (0.7276ms)
✔ en public auth idle leaves the anonymous page without a status banner (12.126ms)
✔ en public auth loading announces the action with the applicable controls (9.6905ms)
✔ en public auth waiting announces the action with the applicable controls (1.4719ms)
✔ en public auth verifying announces the action with the applicable controls (0.9994ms)
✔ en public auth oidc_failed exposes a translated message instead of the code (1.1979ms)
✔ en public auth session_unavailable exposes a translated message instead of the code (0.9508ms)
✔ en public auth admin_forbidden exposes a translated message instead of the code (0.8405ms)
✔ en public auth popup_expired exposes a translated message instead of the code (0.7807ms)
✔ en public auth popup_blocked exposes a translated message instead of the code (0.9294ms)
✔ en public auth runtime_unavailable exposes a translated message instead of the code (2.7858ms)
✔ en public auth unknown error null uses only the safe fallback (0.9101ms)
✔ en public auth unknown error constructor uses only the safe fallback (0.9332ms)
✔ en public auth unknown error <script>private-error-token</script> uses only the safe fallback (0.923ms)
✔ zh public auth idle leaves the anonymous page without a status banner (0.5291ms)
✔ zh public auth loading announces the action with the applicable controls (0.6088ms)
✔ zh public auth waiting announces the action with the applicable controls (1.3125ms)
✔ zh public auth verifying announces the action with the applicable controls (0.8224ms)
✔ zh public auth oidc_failed exposes a translated message instead of the code (0.9845ms)
✔ zh public auth session_unavailable exposes a translated message instead of the code (0.9158ms)
✔ zh public auth admin_forbidden exposes a translated message instead of the code (0.8437ms)
✔ zh public auth popup_expired exposes a translated message instead of the code (0.8571ms)
✔ zh public auth popup_blocked exposes a translated message instead of the code (0.8325ms)
✔ zh public auth runtime_unavailable exposes a translated message instead of the code (0.7671ms)
✔ zh public auth unknown error null uses only the safe fallback (0.7207ms)
✔ zh public auth unknown error constructor uses only the safe fallback (0.9251ms)
✔ zh public auth unknown error <script>private-error-token</script> uses only the safe fallback (1.0046ms)
✔ ja public auth idle leaves the anonymous page without a status banner (0.5229ms)
✔ ja public auth loading announces the action with the applicable controls (0.7723ms)
✔ ja public auth waiting announces the action with the applicable controls (0.7606ms)
✔ ja public auth verifying announces the action with the applicable controls (0.8184ms)
✔ ja public auth oidc_failed exposes a translated message instead of the code (0.9335ms)
✔ ja public auth session_unavailable exposes a translated message instead of the code (1.4806ms)
✔ ja public auth admin_forbidden exposes a translated message instead of the code (2.4923ms)
✔ ja public auth popup_expired exposes a translated message instead of the code (5.2257ms)
✔ ja public auth popup_blocked exposes a translated message instead of the code (0.8332ms)
✔ ja public auth runtime_unavailable exposes a translated message instead of the code (0.6498ms)
✔ ja public auth unknown error null uses only the safe fallback (0.7259ms)
✔ ja public auth unknown error constructor uses only the safe fallback (0.6579ms)
✔ ja public auth unknown error <script>private-error-token</script> uses only the safe fallback (0.5508ms)
✔ ko public auth idle leaves the anonymous page without a status banner (0.2431ms)
✔ ko public auth loading announces the action with the applicable controls (0.6096ms)
✔ ko public auth waiting announces the action with the applicable controls (0.6607ms)
✔ ko public auth verifying announces the action with the applicable controls (0.5565ms)
✔ ko public auth oidc_failed exposes a translated message instead of the code (0.7408ms)
✔ ko public auth session_unavailable exposes a translated message instead of the code (0.8829ms)
✔ ko public auth admin_forbidden exposes a translated message instead of the code (0.5812ms)
✔ ko public auth popup_expired exposes a translated message instead of the code (0.6379ms)
✔ ko public auth popup_blocked exposes a translated message instead of the code (0.7068ms)
✔ ko public auth runtime_unavailable exposes a translated message instead of the code (0.5527ms)
✔ ko public auth unknown error null uses only the safe fallback (0.5803ms)
✔ ko public auth unknown error constructor uses only the safe fallback (0.5572ms)
✔ ko public auth unknown error <script>private-error-token</script> uses only the safe fallback (1.1257ms)
✔ public auth access keeps private destinations bare and a real no-JS sign-in URL (2.7188ms)
✔ public auth SSR never reads browser session or storage and renders the shared idle provider (1.071ms)
✔ public auth links fail explicitly when a coordinator provider is missing (0.9386ms)
✔ en/ uses one footer and an idle shared auth coordinator (428.4397ms)
✔ en/models uses one footer and an idle shared auth coordinator (876.2309ms)
✔ en/models/Vendor/http-fixture uses one footer and an idle shared auth coordinator (66.0494ms)
✔ en/providers uses one footer and an idle shared auth coordinator (74.7637ms)
✔ en/compare uses one footer and an idle shared auth coordinator (44.4594ms)
✔ en/chat uses one footer and an idle shared auth coordinator (2585.9352ms)
✔ en/rankings uses one footer and an idle shared auth coordinator (60.0984ms)
✔ en/benchmarks uses one footer and an idle shared auth coordinator (58.9403ms)
✔ en/unknown-public-page uses one footer and an idle shared auth coordinator (10.2161ms)
✔ zh/ uses one footer and an idle shared auth coordinator (25.8706ms)
✔ zh/models uses one footer and an idle shared auth coordinator (23.9191ms)
✔ zh/models/Vendor/http-fixture uses one footer and an idle shared auth coordinator (33.4959ms)
✔ zh/providers uses one footer and an idle shared auth coordinator (18.11ms)
✔ zh/compare uses one footer and an idle shared auth coordinator (20.994ms)
✔ zh/chat uses one footer and an idle shared auth coordinator (14.6398ms)
✔ zh/rankings uses one footer and an idle shared auth coordinator (39.9984ms)
✔ zh/benchmarks uses one footer and an idle shared auth coordinator (23.378ms)
✔ zh/unknown-public-page uses one footer and an idle shared auth coordinator (10.5773ms)
✔ ja/ uses one footer and an idle shared auth coordinator (23.3409ms)
✔ ja/models uses one footer and an idle shared auth coordinator (35.1204ms)
✔ ja/models/Vendor/http-fixture uses one footer and an idle shared auth coordinator (53.2505ms)
✔ ja/providers uses one footer and an idle shared auth coordinator (22.4993ms)
✔ ja/compare uses one footer and an idle shared auth coordinator (13.8774ms)
✔ ja/chat uses one footer and an idle shared auth coordinator (24.4467ms)
✔ ja/rankings uses one footer and an idle shared auth coordinator (18.5714ms)
✔ ja/benchmarks uses one footer and an idle shared auth coordinator (25.7356ms)
✔ ja/unknown-public-page uses one footer and an idle shared auth coordinator (7.6323ms)
✔ ko/ uses one footer and an idle shared auth coordinator (20.952ms)
✔ ko/models uses one footer and an idle shared auth coordinator (53.0453ms)
✔ ko/models/Vendor/http-fixture uses one footer and an idle shared auth coordinator (36.3793ms)
✔ ko/providers uses one footer and an idle shared auth coordinator (19.3523ms)
✔ ko/compare uses one footer and an idle shared auth coordinator (21.8826ms)
✔ ko/chat uses one footer and an idle shared auth coordinator (17.1011ms)
✔ ko/rankings uses one footer and an idle shared auth coordinator (21.0481ms)
✔ ko/benchmarks uses one footer and an idle shared auth coordinator (19.9547ms)
✔ ko/unknown-public-page uses one footer and an idle shared auth coordinator (7.8836ms)
✔ anonymous catalog uses fixed BFF paths, no Cookie/identity headers and preserves billing currency/cache prices (73.8406ms)
✔ catalog strips unapproved nested secrets instead of returning them to a UI (1.3164ms)
✔ all published price modes/maps/minimums survive; legacy image data does not invent a billing mode (2.9979ms)
✔ Core-compatible finite negative token/cache prices and unsorted finite tier bounds stay usable (10.3603ms)
✔ valid empty catalog is distinct from missing fields, malformed rows and duplicate identities (9.3928ms)
✔ model path encodes real vendor percent bytes and validates response identity (3.4074ms)
✔ invalid path/query input never triggers a request (0.6329ms)
✔ stats preserve real total/output tokens and enforce requested window/privacy threshold even for an empty list (5.4076ms)
✔ catalog HTTP 401 remains independent of account identity and does not expose upstream errors (0.8221ms)
✔ catalog HTTP 403 remains independent of account identity and does not expose upstream errors (0.3646ms)
✔ catalog HTTP 404 remains independent of account identity and does not expose upstream errors (0.8621ms)
✔ catalog HTTP 429 remains independent of account identity and does not expose upstream errors (0.4972ms)
✔ catalog HTTP 503 remains independent of account identity and does not expose upstream errors (0.2539ms)
✔ invalid JSON and invalid Retry-After do not become usable catalog data (5.6019ms)
✔ cancelled reads and late responses cannot deliver data; timeout and network failure remain distinct (10.5207ms)
✔ fetch and body sources that ignore AbortSignal still time out or cancel promptly (13.1879ms)
✔ a caller abort cancels the actual pending body reader and a manual retry recovers (1.5881ms)
✔ a source that never settles cancellation cannot delay timeout or keep the reader lock (11.3115ms)
✔ caller cancellation keeps priority if it happens during timeout disposal (11.2841ms)
✔ a late response from an ignored fetch signal is cancelled without consuming it or changing a retry (29.3111ms)
✔ the 16 MiB budget accepts the exact boundary and releases a completed stream (42.2385ms)
✔ declared oversized or malformed lengths cancel before a body read (1.5714ms)
✔ streaming limits count actual cumulative bytes even when Content-Length understates them (29.4964ms)
✔ fatal UTF-8 rejects invalid open streams, cancels once and allows a clean manual retry (1.0278ms)
✔ UTF-8 characters and a BOM split across chunks remain valid without data truncation (0.8638ms)
✔ JSON syntax and incomplete UTF-8 failures release already closed streams safely (0.9458ms)
✔ invalid successful status/content type and HTTP errors cancel unused bodies without changing safe errors (1.3675ms)
✔ a rejecting underlying cancellation cannot replace an invalid-response error or retain the lock (0.6697ms)
✔ shared URL state restores legacy CSV and typed arrays without extra selections or invalid numeric windows (12.4526ms)
✔ benchmark URL defaults retain latency while explicit metric and restored range remain authoritative (1.0434ms)
✔ catalog search and tie ordering use one explicit English comparison in every runtime (1.3443ms)
✔ percent/unicode vendor and opaque real model IDs survive share URLs without name inference (0.5783ms)
✔ unknown context/capabilities never pass minimum or modality filters; zero remains valid metadata (0.5966ms)
✔ pricing mode matches Core: legacy blocks/cache-only image fields do not infer billing and fractional currency stays visible (18.6242ms)
✔ price sorting groups units instead of treating one image as one million tokens (0.785ms)
✔ providers are filtered aggregate authors and pagination clamps a restored page after filtering (1.4817ms)
✔ real observed stats keep missing latency last and sort success rate independently of popularity (0.4212ms)
✔ API examples require actual text capabilities/protocols and quote model IDs as data (0.8205ms)
✔ shared English attribution exactly matches the required repository NOTICE.frontend text (1.0951ms)
✔ home en: initial HTML retains discovery, product sections, demo, private entries and attribution (35.2728ms)
✔ models en: initial HTML obeys the full restored filters and view instead of rendering defaults (36.4726ms)
✔ detail en: initial HTML preserves public data, negative and zero prices, protocols and safe text (15.8389ms)
✔ providers en: anonymous aggregates and exact comma-bearing provider filters retain the locale (9.7546ms)
✔ compare en: URL selections, missing models and all public comparison rows are rendered immediately (15.7111ms)
✔ chat en: anonymous SSR uses the selected published model and never reads a browser transcript (5.0994ms)
✔ rankings en: the restored 30-day window and mode-specific default metric render the real observed order (12.2347ms)
✔ benchmarks en: the restored 30-day window and mode-specific default metric render the real observed order (9.2103ms)
✔ home zh: initial HTML retains discovery, product sections, demo, private entries and attribution (10.7247ms)
✔ models zh: initial HTML obeys the full restored filters and view instead of rendering defaults (12.0302ms)
✔ detail zh: initial HTML preserves public data, negative and zero prices, protocols and safe text (10.5956ms)
✔ providers zh: anonymous aggregates and exact comma-bearing provider filters retain the locale (8.218ms)
✔ compare zh: URL selections, missing models and all public comparison rows are rendered immediately (20.3622ms)
✔ chat zh: anonymous SSR uses the selected published model and never reads a browser transcript (3.6901ms)
✔ rankings zh: the restored 30-day window and mode-specific default metric render the real observed order (9.8255ms)
✔ benchmarks zh: the restored 30-day window and mode-specific default metric render the real observed order (9.1356ms)
✔ home ja: initial HTML retains discovery, product sections, demo, private entries and attribution (11.2054ms)
✔ models ja: initial HTML obeys the full restored filters and view instead of rendering defaults (12.7896ms)
✔ detail ja: initial HTML preserves public data, negative and zero prices, protocols and safe text (14.5111ms)
✔ providers ja: anonymous aggregates and exact comma-bearing provider filters retain the locale (10.4044ms)
✔ compare ja: URL selections, missing models and all public comparison rows are rendered immediately (15.0649ms)
✔ chat ja: anonymous SSR uses the selected published model and never reads a browser transcript (3.4672ms)
✔ rankings ja: the restored 30-day window and mode-specific default metric render the real observed order (10.4126ms)
✔ benchmarks ja: the restored 30-day window and mode-specific default metric render the real observed order (9.5915ms)
✔ home ko: initial HTML retains discovery, product sections, demo, private entries and attribution (10.8942ms)
✔ models ko: initial HTML obeys the full restored filters and view instead of rendering defaults (13.5077ms)
✔ detail ko: initial HTML preserves public data, negative and zero prices, protocols and safe text (10.2295ms)
✔ providers ko: anonymous aggregates and exact comma-bearing provider filters retain the locale (8.9255ms)
✔ compare ko: URL selections, missing models and all public comparison rows are rendered immediately (16.6937ms)
✔ chat ko: anonymous SSR uses the selected published model and never reads a browser transcript (6.8505ms)
✔ rankings ko: the restored 30-day window and mode-specific default metric render the real observed order (9.4167ms)
✔ benchmarks ko: the restored 30-day window and mode-specific default metric render the real observed order (10.0634ms)
✔ restored typed failures render an error, while real empty catalog data retains its distinct successful empty state (14.7729ms)
✔ actual pricing markup shows all cache/image token fields and preserves non-USD, negative and zero values in every locale (54.8221ms)
✔ actual multimodal markup keeps quality/size/reference maps and fractional minimums, and hides ignored legacy prices (10.7085ms)
✔ all public copy is translated and preserves interpolation across four languages (4.4236ms)
✔ official router wire carries the terminal public route without duplicating catalog or private state: /en (356.671ms)
✔ official router wire carries the terminal public route without duplicating catalog or private state: /zh/models?q=HTTP (851.3601ms)
✔ official router wire carries the terminal public route without duplicating catalog or private state: /ja/models/Vendor/http-fixture (53.4108ms)
✔ official router wire carries the terminal public route without duplicating catalog or private state: /ko/models (6.4189ms)
✔ official router wire carries the terminal public route without duplicating catalog or private state: /fr/models (1.7659ms)
✔ public auth translations initialize per request without replacing the global React i18n instance (6.3851ms)
✔ NOTICE English attribution stays visible in the single en footer: home (604.485ms)
✔ NOTICE English attribution stays visible in the single en footer: /models (1145.0793ms)
✔ NOTICE English attribution stays visible in the single en footer: /models/Vendor/fixture-model (75.9318ms)
✔ NOTICE English attribution stays visible in the single en footer: /providers (46.2202ms)
✔ NOTICE English attribution stays visible in the single en footer: /compare?models=Vendor%2Ffixture-model (56.073ms)
✔ NOTICE English attribution stays visible in the single en footer: /chat?model=vendor%2Fmodel (1275.4624ms)
✔ NOTICE English attribution stays visible in the single en footer: /rankings?range=30d (43.5839ms)
✔ NOTICE English attribution stays visible in the single en footer: /benchmarks?range=90d (28.6495ms)
✔ NOTICE English attribution stays visible in the single en footer: /missing (7.4442ms)
✔ NOTICE English attribution stays visible in the single zh footer: home (25.7437ms)
✔ NOTICE English attribution stays visible in the single zh footer: /models (22.4433ms)
✔ NOTICE English attribution stays visible in the single zh footer: /models/Vendor/fixture-model (22.2447ms)
✔ NOTICE English attribution stays visible in the single zh footer: /providers (17.2153ms)
✔ NOTICE English attribution stays visible in the single zh footer: /compare?models=Vendor%2Ffixture-model (17.775ms)
✔ NOTICE English attribution stays visible in the single zh footer: /chat?model=vendor%2Fmodel (14.4527ms)
✔ NOTICE English attribution stays visible in the single zh footer: /rankings?range=30d (18.6789ms)
✔ NOTICE English attribution stays visible in the single zh footer: /benchmarks?range=90d (21.7608ms)
✔ NOTICE English attribution stays visible in the single zh footer: /missing (8.3548ms)
✔ NOTICE English attribution stays visible in the single ja footer: home (18.9866ms)
✔ NOTICE English attribution stays visible in the single ja footer: /models (18.4309ms)
✔ NOTICE English attribution stays visible in the single ja footer: /models/Vendor/fixture-model (21.077ms)
✔ NOTICE English attribution stays visible in the single ja footer: /providers (18.3645ms)
✔ NOTICE English attribution stays visible in the single ja footer: /compare?models=Vendor%2Ffixture-model (14.0322ms)
✔ NOTICE English attribution stays visible in the single ja footer: /chat?model=vendor%2Fmodel (14.0245ms)
✔ NOTICE English attribution stays visible in the single ja footer: /rankings?range=30d (16.7159ms)
✔ NOTICE English attribution stays visible in the single ja footer: /benchmarks?range=90d (24.4382ms)
✔ NOTICE English attribution stays visible in the single ja footer: /missing (5.4943ms)
✔ NOTICE English attribution stays visible in the single ko footer: home (17.63ms)
✔ NOTICE English attribution stays visible in the single ko footer: /models (19.6325ms)
✔ NOTICE English attribution stays visible in the single ko footer: /models/Vendor/fixture-model (19.0448ms)
✔ NOTICE English attribution stays visible in the single ko footer: /providers (15.1914ms)
✔ NOTICE English attribution stays visible in the single ko footer: /compare?models=Vendor%2Ffixture-model (11.618ms)
✔ NOTICE English attribution stays visible in the single ko footer: /chat?model=vendor%2Fmodel (11.0985ms)
✔ NOTICE English attribution stays visible in the single ko footer: /rankings?range=30d (16.0593ms)
✔ NOTICE English attribution stays visible in the single ko footer: /benchmarks?range=90d (15.3686ms)
✔ NOTICE English attribution stays visible in the single ko footer: /missing (5.5391ms)
✔ request factory keeps the public-only route, snapshot and anonymous SDK contract: home (18.0701ms)
✔ request factory keeps the public-only route, snapshot and anonymous SDK contract: /models?q=Authority (19.6659ms)
✔ request factory keeps the public-only route, snapshot and anonymous SDK contract: /models/Vendor/fixture-model (16.4532ms)
✔ request factory keeps the public-only route, snapshot and anonymous SDK contract: /providers (16.1197ms)
✔ request factory keeps the public-only route, snapshot and anonymous SDK contract: /compare?models=Vendor%2Ffixture-model (11.3722ms)
✔ request factory keeps the public-only route, snapshot and anonymous SDK contract: /chat?model=vendor%2Fmodel (10.7757ms)
✔ request factory keeps the public-only route, snapshot and anonymous SDK contract: /rankings?range=30d (15.7849ms)
✔ request factory keeps the public-only route, snapshot and anonymous SDK contract: /benchmarks?range=90d (15.4815ms)
✔ concurrent preparations share one authoritative detail object and promise within a request (2.8264ms)
✔ parallel four-language requests isolate translations, query data and authority instances (72.7976ms)
✔ HTTP 400 restores a safe error first frame and supports explicit retry without authority replay (12.921ms)
✔ HTTP 401 restores a safe error first frame and supports explicit retry without authority replay (10.3654ms)
✔ HTTP 403 restores a safe error first frame and supports explicit retry without authority replay (9.9616ms)
✔ HTTP 404 restores a safe error first frame and supports explicit retry without authority replay (10.5906ms)
✔ HTTP 409 restores a safe error first frame and supports explicit retry without authority replay (11.9491ms)
✔ HTTP 429 restores a safe error first frame and supports explicit retry without authority replay (11.2221ms)
✔ HTTP 500 restores a safe error first frame and supports explicit retry without authority replay (10.5018ms)
✔ HTTP 503 restores a safe error first frame and supports explicit retry without authority replay (10.1375ms)
✔ invalid public DTO and network failures produce 503 without an invented successful empty snapshot (30.3018ms)
✔ bootstrap white list rejects cross-resource, cross-range and private state and escapes script boundaries (7.2216ms)
✔ unknown and malformed locale resources return 404 without reading catalog or accepting private routes (29.9489ms)
✔ pre-aborted requests perform no SDK read and disposal clears only their request cache (1.1011ms)
✔ language links preserve current public resources and query while private and external paths remain exact (0.1361ms)
✔ duplicate range parameters use the same Router parser for SSR and restored bootstrap (2.8928ms)
✔ serialized UTF-8 limit rejects script-escape expansion and multibyte DTOs before hydration (922.7722ms)
✔ SSR keeps valid raw filter encodings and locale roots without replacing the initial URL (138.3396ms)
✔ session refresh establishes the server identity and authorized workspace together (2.8397ms)
✔ transient API and malformed response failures preserve an established identity (0.7147ms)
✔ an explicit unauthorized check clears identity and account data (0.7115ms)
✔ a late session check cannot resurrect identity after logout (1.9291ms)
✔ failed logout preserves identity and reports failure instead of claiming server revocation (1.8887ms)
✔ workspace switch hides the old scope and clears account cache before changing the cookie (1.7975ms)
✔ workspace changes are serialized and cannot create out-of-order cookie preferences (0.5733ms)
✔ failed switch re-reads the server cookie instead of restoring a possibly stale workspace (1.5086ms)
✔ unknown workspace ids are rejected before any server preference write (0.5349ms)
✔ cross-tab cookie changes hide and invalidate the old scope before revalidation (3.114ms)
✔ workspace access denial preserves authenticated identity but removes unauthorized workspace data (0.5335ms)
✔ focus and popup revalidation coalesce so they cannot cancel one another (0.4065ms)
✔ effect cleanup allows StrictMode setup to start a fresh session check (0.5262ms)
✔ workspace switch sends the starting workspace as the server precondition (0.3641ms)
✔ remote workspace signals queued during a switch are reconciled once before showing its result (0.4272ms)
✔ a different-user login queued during a switch replaces both identity and workspace from the server (4.3012ms)
✔ failed switch merges queued login signals into its existing cookie reconciliation (0.5909ms)
✔ failed logout consumes queued signals and ends with the latest server identity (0.5243ms)
✔ successful logout without a queued signal never performs a session-restoring read (0.3898ms)
✔ a queued signal after successful logout cannot resurrect a server-revoked identity (0.4855ms)
✔ successful logout accepts a subsequent different login only after a fresh server check (0.3502ms)
✔ clear and dispose discard queued signals and ignore late mutation responses (0.5438ms)
✔ dispose during queued logout reconciliation cannot restore a late server identity (0.3699ms)
✔ an unavailable check after successful logout cannot restore an uncertain identity (0.3813ms)
✔ capabilities and authoritative workspace security fields invalidate the old account scope (0.992ms)
✔ permission array reordering and display-only changes do not reset account data (0.2724ms)
✔ session bootstrap discovers identity before requesting its authorized workspace (0.3847ms)
✔ a cookie identity change between session reads discards even an unchanged workspace (0.6533ms)
✔ a rejected workspace write reconciles the new user once without replaying the write (0.6163ms)
✔ an abandoned identity discovery never dispatches a dependent workspace request (0.9652ms)
✔ every shared-key operation requires a workspace Cookie precondition before any request (32.3612ms)
✔ shared seller operations use exact Cookie contracts, workspace precondition and no legacy headers (85.4945ms)
✔ shared listing rejects another seller and missing or mismatched identity on empty collections (5.0453ms)
✔ shared public rows forbid reusable secrets, encrypted fields, unmasked values and invalid states (2.8038ms)
✔ quotes require server currency and channels reject duplicates (2.0636ms)
✔ creation checks returned seller/channel/echo and metadata writes verify the listing id (3.0364ms)
✔ credited deletion conflict differs from real workspace conflict and does not replay (2.5359ms)
✔ unconfirmed write errors omit any server-echoed secret and cancelled late responses cannot escape scope (5.3013ms)
✔ a read and a write bind the initiating user independently of a shared organization workspace (54.7287ms)
✔ valid Unicode, a literal comma, a literal percent and the length boundary are encoded canonically (5.3267ms)
✔ invalid identities reject before fetch rather than relying on a server rejection (4.4505ms)
✔ caller-supplied stale and duplicate reserved headers are replaced without mutating caller Headers (1.1552ms)
✔ omitted expected user preserves header-less compatibility and cannot reuse a caller identity header (1.4154ms)
✔ Admin, public, authentication and neighboring paths strip reserved user identity (5.8267ms)
✔ a pre-aborted scoped write never calls an injected transport that ignores AbortSignal (2.4475ms)
✔ a response arriving after abort is discarded and a started write is not replayed (0.8798ms)
✔ only a server 409 user_mismatch is a recoverable user mismatch (1.8739ms)
✔ unknown error codes, missing error bodies and malformed JSON never become user mismatch (2.6462ms)
✔ an HTTP 200 business rejection with the same code is not mistaken for an authenticated 409 (0.7744ms)
✔ ordinary successful response contracts are still validated after adding the user precondition (1.4384ms)
✔ a valid financial quote remains scoped and a changed calculation or owner still fails its existing validator (7.7155ms)
✔ a financial quote conflict stays rejected and is never accepted or retried as a successful quote (1.1545ms)
✔ wallet and withdrawal factories use same-origin Cookie requests with workspace precondition and no legacy identity header (53.6705ms)
✔ withdrawal history preserves historical currency and null token/chain fields while new create must remain USD (2.9863ms)
✔ empty history and active order validate user/workspace ownership independently of visible rows (5.7124ms)
✔ pagination and public withdrawal DTO reject duplicates, invalid totals, ownership and private storage fields (5.3072ms)
✔ quote validates server fee, post-fee conversion, balance, minimum, daily limit, queue and chain availability (17.2476ms)
✔ row amount arithmetic and timestamps must be coherent; explorer links require a known chain and valid hash (1.0517ms)
✔ modern amount form supports six decimals and rejects exponent, sign, unsafe magnitude and extra precision without a request (2.704ms)
✔ quote changed and dispatch unconfirmed preserve stable server code and never replay create (2.1391ms)
✔ 401, 403, resource 409 and server 5xx remain errors without automatic replay (3.1404ms)
✔ wallet challenge validates exact signed origin, address, chain, expiry and user before it reaches the provider (7.7211ms)
✔ wallet API sanitizes credential-echoing errors and validates even empty wallet ownership (2.7676ms)
✔ withdrawal reads and wallet verification support abort and timeout through shared transport (35.9823ms)
✔ EOA connection signs the exact challenge and rechecks account/chain before verify (8.2736ms)
✔ account/chain events or cancellation abort pending signature promptly and late provider result never verifies (1.2714ms)
✔ wrong chain, silently changed account and rejected provider requests never send wallet verification (0.6148ms)
✔ budget requests use same-origin Cookie transport and workspace preconditions for every verb (47.1504ms)
✔ member read access never implies budget management permission (2.5651ms)
✔ configured daily weekly monthly and lifetime periods all use the backend UTC boundaries (5.992ms)
✔ input precision matches backend rounding without inventing an extra decimal-place restriction (7.7569ms)
✔ zero, sub-micro rounding to zero and unsafe budgets fail before issuing writes (3.115ms)
✔ stored maximum safe micro-unit values remain readable after main-unit conversion (0.3758ms)
✔ empty budget contexts require server scope, currency and authority metadata (4.8908ms)
✔ every row must belong to the returned workspace, with at most one budget per period (5.165ms)
✔ budget periods reject malformed dates but preserve legitimate exhausted limits (2.6964ms)
✔ a PUT acknowledgment must match interval, normalized amount and both scope identities (2.436ms)
✔ ordering violations remain authoritative server failures and are never retried (0.6002ms)
✔ budget status errors remain distinct from a workspace conflict across all operations (5.6486ms)
✔ HTTP 200 business failures and missing delete confirmation never imply a saved configuration (2.6717ms)
✔ a cancelled budget write cannot report success after a late server response (0.9222ms)
ℹ tests 1600
ℹ suites 4
ℹ pass 1600
ℹ fail 0
ℹ cancelled 0
ℹ skipped 0
ℹ todo 0
ℹ duration_ms 63133.7674
